GeneID	RNA.WT1	RNA.WT2	RNA.KO1	RNA.KO2	RPF.WT1	RPF.WT2	RPF.KO1	RPF.KO2
ENSMUSG00000000001	33	10	15	5	4	7	3	1
ENSMUSG00000000003	69	46	67	141	10	8	7	16
ENSMUSG00000000028	114	88	118	47	5	9	10	16
ENSMUSG00000000031	18	18	25	17	0	4	3	4
ENSMUSG00000000037	97	58	88	90	8	14	10	14
ENSMUSG00000000049	18	12	35	21	2	5	4	9
ENSMUSG00000000056	160	189	287	161	55	63	33	70
ENSMUSG00000000058	116	104	87	68	14	18	23	17
ENSMUSG00000000078	32	25	25	17	2	2	4	2
ENSMUSG00000000085	65	67	84	70	15	18	9	8
ENSMUSG00000000088	172	165	206	187	32	17	53	35
ENSMUSG00000000093	34	33	37	32	4	1	3	3
ENSMUSG00000000094	123	239	278	195	18	37	72	55
ENSMUSG00000000103	19	37	58	30	6	9	18	14
ENSMUSG00000000120	234	125	284	167	59	56	145	93
ENSMUSG00000000125	35	24	39	32	6	2	6	3
ENSMUSG00000000126	49	55	32	52	1	4	0	1
ENSMUSG00000000127	72	58	46	39	13	9	5	3
ENSMUSG00000000131	666	587	201	186	73	43	17	33
ENSMUSG00000000134	268	408	381	294	38	75	127	241
ENSMUSG00000000142	14	25	29	27	5	2	3	6
ENSMUSG00000000148	872	1679	1413	2138	268	181	178	190
ENSMUSG00000000149	51	25	27	34	3	7	7	4
ENSMUSG00000000154	125	65	171	159	2	13	8	21
ENSMUSG00000000157	191	199	136	119	10	15	6	6
ENSMUSG00000000159	122	87	142	122	15	18	2	9
ENSMUSG00000000167	102	96	59	70	10	25	26	13
ENSMUSG00000000168	108	53	62	120	13	17	17	8
ENSMUSG00000000171	77	56	92	136	11	12	15	19
ENSMUSG00000000182	76	71	85	63	5	12	5	5
ENSMUSG00000000183	185	285	191	226	13	14	8	17
ENSMUSG00000000184	9	29	34	25	1	4	2	4
ENSMUSG00000000194	3086	3359	3378	4520	247	136	162	149
ENSMUSG00000000197	171	124	234	142	75	85	43	74
ENSMUSG00000000202	26	20	20	12	1	1	2	1
ENSMUSG00000000204	80	65	60	123	11	13	21	16
ENSMUSG00000000214	49	77	158	153	4	11	7	6
ENSMUSG00000000215	23	22	9	18	2	1	3	1
ENSMUSG00000000216	222	247	286	248	12	15	28	23
ENSMUSG00000000223	5	5	5	2	0	0	1	1
ENSMUSG00000000244	37	11	29	26	5	4	2	3
ENSMUSG00000000247	152	96	180	160	7	11	19	14
ENSMUSG00000000248	545	262	401	403	9	23	37	34
ENSMUSG00000000253	102	49	95	55	20	12	10	16
ENSMUSG00000000263	155	83	51	48	16	33	11	8
ENSMUSG00000000266	158	73	144	138	13	11	8	8
ENSMUSG00000000275	47	31	29	33	12	10	50	20
ENSMUSG00000000276	43	27	35	14	1	3	5	3
ENSMUSG00000000278	26	38	17	19	16	8	2	2
ENSMUSG00000000282	212	226	576	620	14	20	48	69
ENSMUSG00000000290	166	112	138	88	19	27	13	27
ENSMUSG00000000295	335	345	352	374	47	32	11	12
ENSMUSG00000000296	313	180	166	112	36	35	19	23
ENSMUSG00000000301	348	365	552	197	48	41	52	69
ENSMUSG00000000303	41	21	36	19	2	2	7	4
ENSMUSG00000000305	29	16	27	17	2	4	1	4
ENSMUSG00000000308	488	442	433	514	71	33	27	41
ENSMUSG00000000317	142	93	133	119	12	15	33	37
ENSMUSG00000000318	88	82	83	85	9	19	22	13
ENSMUSG00000000320	490	299	430	470	112	138	101	97
ENSMUSG00000000325	250	330	464	412	35	76	55	40
ENSMUSG00000000326	305	212	175	307	13	13	26	23
ENSMUSG00000000339	95	71	128	113	9	19	18	9
ENSMUSG00000000340	345	140	215	234	59	27	25	42
ENSMUSG00000000346	182	133	107	97	42	29	17	17
ENSMUSG00000000355	131	99	172	160	26	16	36	24
ENSMUSG00000000359	83	71	65	160	19	3	16	12
ENSMUSG00000000365	278	248	168	238	47	44	37	65
ENSMUSG00000000374	126	93	177	98	16	15	20	26
ENSMUSG00000000378	107	127	122	96	20	21	8	8
ENSMUSG00000000381	60	41	56	92	23	6	16	35
ENSMUSG00000000384	29	31	43	45	9	6	12	10
ENSMUSG00000000385	160	166	154	191	32	26	31	32
ENSMUSG00000000386	223	180	259	188	46	48	28	50
ENSMUSG00000000392	356	156	234	171	24	8	7	19
ENSMUSG00000000394	498	384	186	127	54	87	41	22
ENSMUSG00000000399	61	67	59	31	8	3	3	2
ENSMUSG00000000402	323	391	241	460	66	72	29	34
ENSMUSG00000000409	114	114	91	101	20	26	17	10
ENSMUSG00000000411	97	134	52	114	9	20	8	15
ENSMUSG00000000416	257	176	235	392	76	46	37	46
ENSMUSG00000000420	187	364	123	58	11	14	10	7
ENSMUSG00000000435	136	103	251	214	19	45	37	15
ENSMUSG00000000439	23	21	23	46	3	2	3	4
ENSMUSG00000000440	39	57	36	24	5	1	2	2
ENSMUSG00000000441	106	106	56	42	11	10	4	3
ENSMUSG00000000486	58	45	35	32	2	3	6	5
ENSMUSG00000000489	262	206	225	238	30	50	74	54
ENSMUSG00000000530	56	178	137	119	26	38	25	31
ENSMUSG00000000531	16	21	10	6	2	2	1	1
ENSMUSG00000000532	218	221	300	142	33	24	56	29
ENSMUSG00000000538	65	44	114	86	2	8	1	1
ENSMUSG00000000544	638	860	361	346	156	246	161	123
ENSMUSG00000000552	125	167	189	115	20	36	39	24
ENSMUSG00000000555	18	39	69	56	5	13	3	3
ENSMUSG00000000560	142	155	135	125	15	15	9	5
ENSMUSG00000000561	35	38	59	45	12	4	10	12
ENSMUSG00000000562	102	79	205	214	37	28	50	40
ENSMUSG00000000563	308	308	243	311	15	15	26	38
ENSMUSG00000000567	183	232	185	215	15	18	17	31
ENSMUSG00000000568	161	109	105	145	19	20	29	79
ENSMUSG00000000579	137	126	105	95	35	36	41	26
ENSMUSG00000000581	151	82	92	98	7	10	5	7
ENSMUSG00000000594	996	696	642	615	105	92	33	50
ENSMUSG00000000600	92	105	37	53	15	9	18	9
ENSMUSG00000000605	122	72	88	84	7	5	6	10
ENSMUSG00000000606	48	58	27	26	5	14	13	8
ENSMUSG00000000617	784	643	1046	426	182	123	244	132
ENSMUSG00000000627	247	491	374	193	5	9	40	25
ENSMUSG00000000628	67	108	75	41	10	14	11	8
ENSMUSG00000000631	412	441	421	424	18	41	32	27
ENSMUSG00000000632	94	68	140	143	7	10	13	16
ENSMUSG00000000673	46	43	65	56	14	9	5	25
ENSMUSG00000000682	36	70	76	72	3	6	16	6
ENSMUSG00000000686	70	95	81	115	23	18	16	38
ENSMUSG00000000690	48	78	57	65	4	7	6	8
ENSMUSG00000000693	109	215	146	137	21	16	17	25
ENSMUSG00000000701	49	87	84	58	3	3	14	4
ENSMUSG00000000706	95	68	60	63	11	5	9	4
ENSMUSG00000000708	217	410	1208	680	46	54	86	81
ENSMUSG00000000711	508	630	731	1639	62	53	196	287
ENSMUSG00000000724	65	70	27	20	6	3	3	4
ENSMUSG00000000730	187	143	102	169	23	29	22	14
ENSMUSG00000000731	156	182	198	180	8	13	21	21
ENSMUSG00000000732	110	96	67	81	4	0	9	8
ENSMUSG00000000738	638	687	517	872	108	73	53	60
ENSMUSG00000000739	58	109	88	146	21	11	18	9
ENSMUSG00000000740	862	954	439	548	88	90	111	62
ENSMUSG00000000743	24	19	19	25	5	2	6	4
ENSMUSG00000000751	218	319	241	244	50	46	39	27
ENSMUSG00000000753	125	195	219	134	15	17	13	13
ENSMUSG00000000759	62	64	50	48	11	15	6	8
ENSMUSG00000000766	17	16	23	32	1	2	5	1
ENSMUSG00000000776	443	619	248	503	126	63	112	106
ENSMUSG00000000782	71	72	104	57	9	9	1	6
ENSMUSG00000000787	61	135	104	156	35	27	19	15
ENSMUSG00000000791	487	295	136	181	27	27	25	18
ENSMUSG00000000792	139	131	136	116	19	16	13	31
ENSMUSG00000000794	116	137	254	202	11	13	28	21
ENSMUSG00000000804	81	140	118	126	13	8	7	8
ENSMUSG00000000805	55	78	72	43	13	12	16	11
ENSMUSG00000000811	144	119	160	159	12	21	5	17
ENSMUSG00000000817	164	95	124	163	10	22	16	11
ENSMUSG00000000823	105	82	138	54	14	10	20	33
ENSMUSG00000000826	18	44	59	34	8	2	9	3
ENSMUSG00000000827	61	98	152	123	12	11	9	11
ENSMUSG00000000838	23	27	29	20	7	6	4	3
ENSMUSG00000000861	22	30	13	26	2	2	1	1
ENSMUSG00000000869	395	271	259	282	45	17	57	35
ENSMUSG00000000876	190	213	234	191	45	34	27	34
ENSMUSG00000000881	112	48	50	54	25	13	12	7
ENSMUSG00000000884	122	246	296	165	12	24	25	42
ENSMUSG00000000889	326	384	348	291	49	30	52	47
ENSMUSG00000000901	53	52	55	55	7	3	6	2
ENSMUSG00000000902	120	58	60	77	7	4	4	5
ENSMUSG00000000903	163	172	130	163	23	25	34	13
ENSMUSG00000000915	73	155	109	68	7	8	4	8
ENSMUSG00000000916	81	89	227	219	13	15	52	48
ENSMUSG00000000934	94	119	54	105	5	10	8	6
ENSMUSG00000000938	267	413	417	293	88	42	43	25
ENSMUSG00000000942	74	54	107	88	5	2	3	2
ENSMUSG00000000948	106	164	85	114	7	22	18	7
ENSMUSG00000000957	77	121	47	56	13	6	3	3
ENSMUSG00000000958	166	75	119	110	66	94	148	72
ENSMUSG00000000959	54	67	214	173	12	21	40	69
ENSMUSG00000000976	107	90	147	107	14	8	13	8
ENSMUSG00000000982	393	526	397	497	55	171	85	125
ENSMUSG00000000983	93	60	183	73	7	7	5	13
ENSMUSG00000001014	243	298	200	233	30	9	26	22
ENSMUSG00000001016	46	114	78	61	11	11	12	9
ENSMUSG00000001017	156	138	142	207	18	20	15	14
ENSMUSG00000001018	183	167	479	259	39	53	114	155
ENSMUSG00000001020	12	10	3	5	2	1	0	0
ENSMUSG00000001021	51	54	44	71	15	10	7	12
ENSMUSG00000001023	176	245	188	208	15	15	22	15
ENSMUSG00000001025	476	134	114	96	78	71	45	33
ENSMUSG00000001027	186	362	378	205	38	22	16	34
ENSMUSG00000001029	36	42	94	36	7	9	8	13
ENSMUSG00000001034	238	232	247	177	35	15	27	41
ENSMUSG00000001036	655	377	762	523	36	19	36	34
ENSMUSG00000001039	66	26	29	35	1	1	3	1
ENSMUSG00000001052	1216	637	2005	1911	64	97	393	147
ENSMUSG00000001053	132	190	66	149	28	30	12	7
ENSMUSG00000001054	177	129	167	138	15	9	22	8
ENSMUSG00000001056	92	95	129	119	5	4	10	8
ENSMUSG00000001062	83	64	190	103	13	20	20	7
ENSMUSG00000001065	50	54	53	39	7	3	2	6
ENSMUSG00000001076	34	31	11	11	4	4	1	3
ENSMUSG00000001082	268	192	406	203	15	30	20	21
ENSMUSG00000001089	20	20	18	26	1	3	4	4
ENSMUSG00000001095	150	137	234	159	21	8	8	8
ENSMUSG00000001098	633	523	456	777	62	76	140	76
ENSMUSG00000001100	197	189	85	103	31	43	34	36
ENSMUSG00000001103	154	226	347	486	38	39	44	23
ENSMUSG00000001105	67	74	32	89	5	9	14	7
ENSMUSG00000001119	70	42	65	44	7	8	2	4
ENSMUSG00000001120	39	14	61	65	7	6	6	7
ENSMUSG00000001123	10	19	58	41	9	3	3	4
ENSMUSG00000001127	48	120	57	107	17	13	7	5
ENSMUSG00000001128	81	97	32	44	2	6	1	2
ENSMUSG00000001131	206	128	293	87	11	15	10	9
ENSMUSG00000001134	38	19	20	27	6	1	19	24
ENSMUSG00000001138	117	122	87	82	13	23	7	9
ENSMUSG00000001143	57	63	114	54	13	6	38	21
ENSMUSG00000001150	52	79	55	52	8	12	31	17
ENSMUSG00000001151	176	228	191	308	22	47	28	20
ENSMUSG00000001155	112	356	185	310	30	14	18	26
ENSMUSG00000001156	352	407	766	638	22	13	52	33
ENSMUSG00000001157	21	33	29	29	2	1	2	2
ENSMUSG00000001158	324	395	281	166	47	78	30	35
ENSMUSG00000001166	1270	1025	1524	934	65	100	69	94
ENSMUSG00000001168	398	166	182	405	22	44	32	35
ENSMUSG00000001173	490	348	604	921	59	43	29	62
ENSMUSG00000001175	70	39	30	43	8	2	3	4
ENSMUSG00000001211	12	17	54	37	1	1	3	6
ENSMUSG00000001225	135	135	147	234	6	5	15	10
ENSMUSG00000001227	117	117	80	85	24	19	12	18
ENSMUSG00000001228	252	295	230	336	12	10	11	10
ENSMUSG00000001229	659	346	880	1054	93	104	89	313
ENSMUSG00000001240	103	118	112	180	12	17	18	24
ENSMUSG00000001247	139	85	336	206	8	10	21	25
ENSMUSG00000001248	125	189	232	213	8	8	39	24
ENSMUSG00000001249	686	375	748	619	82	71	73	98
ENSMUSG00000001260	123	158	97	42	2	6	4	1
ENSMUSG00000001270	46	95	82	43	2	6	3	14
ENSMUSG00000001280	279	248	329	334	39	41	110	66
ENSMUSG00000001281	66	61	57	66	16	17	44	48
ENSMUSG00000001285	79	70	71	113	26	3	5	1
ENSMUSG00000001288	302	486	143	187	34	18	8	4
ENSMUSG00000001289	218	131	137	222	40	17	38	25
ENSMUSG00000001300	235	221	161	233	10	10	7	10
ENSMUSG00000001305	428	565	495	583	41	20	65	51
ENSMUSG00000001313	177	134	172	252	17	13	11	33
ENSMUSG00000001323	244	372	256	294	18	28	27	19
ENSMUSG00000001333	81	29	64	92	18	17	16	7
ENSMUSG00000001334	262	196	167	216	44	45	38	37
ENSMUSG00000001348	147	225	102	127	27	11	6	7
ENSMUSG00000001349	84	98	88	84	3	6	7	7
ENSMUSG00000001366	122	137	215	126	30	28	24	28
ENSMUSG00000001376	47	56	59	36	5	1	3	5
ENSMUSG00000001380	421	244	214	319	52	122	78	94
ENSMUSG00000001383	271	382	209	181	33	32	30	15
ENSMUSG00000001403	18	22	13	17	0	1	2	0
ENSMUSG00000001415	131	275	256	340	54	49	60	75
ENSMUSG00000001416	303	294	325	223	81	41	47	52
ENSMUSG00000001418	954	455	1012	968	65	64	107	98
ENSMUSG00000001419	46	53	104	121	4	16	15	6
ENSMUSG00000001420	211	119	181	176	14	10	14	17
ENSMUSG00000001424	178	85	78	154	9	5	3	3
ENSMUSG00000001435	152	108	233	156	27	28	55	64
ENSMUSG00000001436	190	76	141	68	2	10	12	4
ENSMUSG00000001440	141	102	204	222	10	12	11	11
ENSMUSG00000001441	16	51	33	26	3	3	5	5
ENSMUSG00000001444	354	193	143	162	33	22	32	29
ENSMUSG00000001445	111	178	125	79	4	9	6	8
ENSMUSG00000001467	180	81	166	108	26	22	16	17
ENSMUSG00000001472	22	26	38	37	8	7	5	11
ENSMUSG00000001473	162	175	195	261	17	11	19	16
ENSMUSG00000001482	317	426	555	678	80	181	190	258
ENSMUSG00000001493	71	71	33	53	12	4	8	30
ENSMUSG00000001494	385	376	394	298	20	37	63	26
ENSMUSG00000001496	229	542	476	363	79	46	115	27
ENSMUSG00000001497	429	324	574	1038	43	62	154	129
ENSMUSG00000001504	250	304	169	165	13	30	43	39
ENSMUSG00000001506	617	639	803	577	48	24	27	36
ENSMUSG00000001507	13	37	25	22	3	5	7	6
ENSMUSG00000001508	145	97	133	161	11	14	12	16
ENSMUSG00000001510	71	126	62	174	8	2	6	13
ENSMUSG00000001517	134	76	80	62	9	4	7	18
ENSMUSG00000001518	48	36	42	23	5	6	7	9
ENSMUSG00000001520	67	56	86	48	4	10	3	0
ENSMUSG00000001521	735	858	645	397	124	103	102	84
ENSMUSG00000001524	43	24	46	34	1	3	2	4
ENSMUSG00000001525	394	488	215	294	22	38	34	29
ENSMUSG00000001542	73	123	417	333	4	13	8	27
ENSMUSG00000001552	174	76	33	72	23	15	5	6
ENSMUSG00000001555	82	72	84	77	19	12	10	12
ENSMUSG00000001558	319	202	266	542	31	40	105	40
ENSMUSG00000001566	53	76	47	51	20	10	9	8
ENSMUSG00000001569	39	39	14	14	5	9	2	2
ENSMUSG00000001576	80	62	34	51	5	8	11	2
ENSMUSG00000001583	394	299	394	194	74	52	56	38
ENSMUSG00000001588	89	86	225	125	8	9	21	12
ENSMUSG00000001604	136	104	102	184	33	28	34	23
ENSMUSG00000001622	303	374	246	411	29	45	33	44
ENSMUSG00000001627	127	207	157	230	23	23	10	30
ENSMUSG00000001630	366	650	282	247	109	48	69	38
ENSMUSG00000001632	540	401	433	437	22	14	47	33
ENSMUSG00000001642	37	27	20	37	8	12	11	4
ENSMUSG00000001655	264	242	180	144	14	9	30	25
ENSMUSG00000001656	47	81	71	74	15	9	8	20
ENSMUSG00000001657	212	246	373	199	26	25	38	26
ENSMUSG00000001661	112	53	74	133	18	5	19	19
ENSMUSG00000001663	11	7	24	24	1	2	5	2
ENSMUSG00000001665	74	37	54	47	9	4	9	9
ENSMUSG00000001666	30	64	42	59	9	6	13	25
ENSMUSG00000001670	219	123	140	77	23	45	45	22
ENSMUSG00000001672	77	35	43	64	11	19	23	29
ENSMUSG00000001674	27	62	76	43	4	8	7	8
ENSMUSG00000001687	899	437	300	298	34	41	34	33
ENSMUSG00000001700	570	541	456	864	166	101	100	137
ENSMUSG00000001707	143	126	73	82	3	8	6	13
ENSMUSG00000001729	233	263	249	486	32	43	22	26
ENSMUSG00000001739	89	79	81	123	12	6	24	14
ENSMUSG00000001741	314	321	320	627	89	80	56	65
ENSMUSG00000001750	28	38	28	42	9	8	10	4
ENSMUSG00000001751	64	70	63	103	6	7	8	2
ENSMUSG00000001755	226	166	117	75	33	64	43	35
ENSMUSG00000001761	213	243	683	414	68	20	36	31
ENSMUSG00000001763	25	14	47	46	8	7	10	6
ENSMUSG00000001767	76	44	78	51	6	7	4	4
ENSMUSG00000001768	434	808	692	574	31	68	83	61
ENSMUSG00000001773	67	109	34	75	3	3	10	11
ENSMUSG00000001774	263	321	183	306	58	30	53	32
ENSMUSG00000001783	108	82	105	54	5	14	9	8
ENSMUSG00000001785	278	285	100	289	48	31	47	59
ENSMUSG00000001786	118	79	84	138	12	12	6	9
ENSMUSG00000001794	794	1025	503	768	112	86	84	74
ENSMUSG00000001802	2111	1692	647	1072	218	173	160	56
ENSMUSG00000001804	63	50	54	142	9	8	24	19
ENSMUSG00000001815	91	57	92	94	16	20	7	7
ENSMUSG00000001819	67	108	194	212	13	16	22	32
ENSMUSG00000001823	47	78	87	99	6	11	2	8
ENSMUSG00000001827	178	253	909	804	9	11	32	53
ENSMUSG00000001829	46	64	114	77	37	35	26	26
ENSMUSG00000001833	124	205	262	226	30	53	17	32
ENSMUSG00000001844	164	65	104	55	15	29	15	10
ENSMUSG00000001847	20	28	21	8	1	2	2	0
ENSMUSG00000001855	160	251	213	271	8	16	24	34
ENSMUSG00000001864	180	130	140	185	14	17	5	13
ENSMUSG00000001865	317	223	280	194	7	11	7	14
ENSMUSG00000001870	51	63	38	53	7	6	9	0
ENSMUSG00000001891	20	14	5	7	0	2	0	2
ENSMUSG00000001901	60	44	52	68	1	5	11	9
ENSMUSG00000001909	19	57	30	41	2	3	0	2
ENSMUSG00000001910	39	53	99	37	4	5	3	1
ENSMUSG00000001911	32	102	95	95	16	14	13	17
ENSMUSG00000001918	359	272	326	361	43	29	40	39
ENSMUSG00000001924	144	104	146	70	9	19	14	23
ENSMUSG00000001930	2413	2476	3684	5675	131	237	286	679
ENSMUSG00000001942	45	27	53	78	8	8	16	20
ENSMUSG00000001943	9	9	7	16	1	0	1	1
ENSMUSG00000001946	40	31	26	29	4	7	8	4
ENSMUSG00000001948	377	269	330	223	34	35	36	45
ENSMUSG00000001962	256	249	517	552	21	22	55	64
ENSMUSG00000001964	62	72	105	103	13	5	3	7
ENSMUSG00000001983	65	54	82	143	4	3	3	9
ENSMUSG00000001985	50	27	19	38	4	1	6	4
ENSMUSG00000001986	163	267	329	496	64	119	143	118
ENSMUSG00000001988	254	123	120	173	15	11	13	25
ENSMUSG00000001995	163	88	133	157	12	11	21	30
ENSMUSG00000001998	40	24	35	21	4	4	6	7
ENSMUSG00000001999	270	181	77	132	21	42	18	9
ENSMUSG00000002006	126	203	110	178	12	14	14	13
ENSMUSG00000002007	345	438	101	352	28	31	14	26
ENSMUSG00000002010	166	181	151	179	11	8	19	10
ENSMUSG00000002012	333	516	308	304	30	18	33	20
ENSMUSG00000002014	26	29	26	25	4	7	5	7
ENSMUSG00000002015	858	510	579	714	128	117	51	111
ENSMUSG00000002017	71	63	31	32	9	4	0	3
ENSMUSG00000002020	105	79	168	54	8	9	10	16
ENSMUSG00000002028	56	20	69	36	0	2	1	10
ENSMUSG00000002031	415	541	722	399	75	93	40	47
ENSMUSG00000002032	74	53	70	82	7	14	7	7
ENSMUSG00000002033	170	125	196	152	16	19	21	14
ENSMUSG00000002043	23	49	105	71	1	3	7	12
ENSMUSG00000002052	79	126	91	111	12	6	22	18
ENSMUSG00000002055	29	61	67	65	7	12	12	4
ENSMUSG00000002057	260	445	1098	791	118	148	309	357
ENSMUSG00000002058	401	268	193	232	58	3	34	36
ENSMUSG00000002059	166	221	232	164	24	12	18	21
ENSMUSG00000002064	272	538	321	922	50	63	142	122
ENSMUSG00000002068	112	163	61	68	31	30	4	13
ENSMUSG00000002076	119	136	197	143	24	7	27	23
ENSMUSG00000002083	772	878	827	819	99	42	195	187
ENSMUSG00000002100	104	98	142	209	13	8	21	14
ENSMUSG00000002102	87	79	43	43	8	8	0	3
ENSMUSG00000002103	244	234	273	465	81	57	131	107
ENSMUSG00000002104	113	123	57	163	4	10	2	1
ENSMUSG00000002105	103	208	101	211	15	11	20	22
ENSMUSG00000002107	622	664	634	607	32	59	13	28
ENSMUSG00000002108	196	267	164	372	50	40	33	42
ENSMUSG00000002109	249	490	875	1740	46	77	136	56
ENSMUSG00000002111	30	61	70	56	1	0	4	1
ENSMUSG00000002129	107	205	68	77	8	9	7	3
ENSMUSG00000002147	108	64	240	202	1	4	30	17
ENSMUSG00000002190	98	102	75	113	3	9	7	5
ENSMUSG00000002204	128	90	106	116	16	31	16	26
ENSMUSG00000002205	251	422	131	290	54	66	70	90
ENSMUSG00000002210	86	178	152	128	23	27	19	26
ENSMUSG00000002221	94	93	137	68	6	7	13	12
ENSMUSG00000002222	790	516	342	832	90	73	51	76
ENSMUSG00000002227	227	447	213	379	27	50	36	78
ENSMUSG00000002228	53	47	48	41	5	3	7	3
ENSMUSG00000002233	107	38	38	80	5	4	8	4
ENSMUSG00000002240	82	91	66	33	6	6	7	12
ENSMUSG00000002249	219	284	114	255	90	102	56	50
ENSMUSG00000002250	2570	3002	3260	1924	120	269	154	343
ENSMUSG00000002257	76	20	46	26	7	8	4	0
ENSMUSG00000002265	357	160	294	253	24	22	12	13
ENSMUSG00000002266	64	102	62	159	5	5	3	5
ENSMUSG00000002274	561	352	374	297	56	97	81	80
ENSMUSG00000002279	78	60	91	122	10	9	3	5
ENSMUSG00000002280	435	422	379	640	21	31	63	31
ENSMUSG00000002289	83	49	62	84	1	10	8	5
ENSMUSG00000002297	141	110	210	164	28	22	66	49
ENSMUSG00000002307	64	87	44	46	8	11	6	7
ENSMUSG00000002308	247	160	251	195	72	82	27	13
ENSMUSG00000002319	49	40	50	39	7	4	6	3
ENSMUSG00000002320	136	198	167	98	34	53	22	38
ENSMUSG00000002324	175	86	118	113	3	4	11	7
ENSMUSG00000002325	39	56	41	24	2	4	0	1
ENSMUSG00000002326	227	335	167	166	30	22	17	21
ENSMUSG00000002329	102	145	118	81	17	14	11	11
ENSMUSG00000002332	52	51	36	43	8	4	4	5
ENSMUSG00000002341	58	39	15	20	14	13	7	5
ENSMUSG00000002342	63	66	101	105	6	11	11	7
ENSMUSG00000002343	42	51	45	62	5	7	4	9
ENSMUSG00000002345	163	207	215	182	21	21	10	16
ENSMUSG00000002346	257	632	562	362	79	33	86	90
ENSMUSG00000002365	113	114	100	87	10	19	7	9
ENSMUSG00000002372	45	29	124	133	5	5	29	20
ENSMUSG00000002379	113	53	87	103	22	10	16	15
ENSMUSG00000002384	142	117	120	140	10	4	8	14
ENSMUSG00000002393	74	57	46	83	6	9	3	3
ENSMUSG00000002395	162	146	137	60	27	26	14	8
ENSMUSG00000002396	186	220	207	231	20	11	18	29
ENSMUSG00000002409	39	29	27	39	3	3	2	7
ENSMUSG00000002413	137	122	46	103	19	4	14	8
ENSMUSG00000002416	83	160	108	140	34	26	23	29
ENSMUSG00000002428	39	48	36	49	4	8	15	3
ENSMUSG00000002455	548	168	456	327	7	28	23	25
ENSMUSG00000002458	200	343	216	418	22	34	36	48
ENSMUSG00000002459	174	180	97	198	17	21	13	12
ENSMUSG00000002475	254	239	214	327	50	50	13	37
ENSMUSG00000002477	23	28	44	16	6	10	2	7
ENSMUSG00000002486	182	217	112	87	15	26	12	16
ENSMUSG00000002489	21	45	15	18	0	2	1	1
ENSMUSG00000002496	86	77	39	76	3	0	3	6
ENSMUSG00000002500	124	144	141	228	19	25	6	10
ENSMUSG00000002504	48	34	33	55	5	6	2	3
ENSMUSG00000002524	232	114	217	215	44	47	37	50
ENSMUSG00000002546	70	57	50	70	11	2	15	18
ENSMUSG00000002550	69	50	118	103	8	9	7	9
ENSMUSG00000002565	134	99	136	166	21	33	25	16
ENSMUSG00000002578	1034	1202	1450	1011	65	93	81	46
ENSMUSG00000002580	34	48	46	50	3	5	5	6
ENSMUSG00000002588	228	245	187	224	26	24	4	20
ENSMUSG00000002602	169	126	222	271	28	31	58	38
ENSMUSG00000002603	151	276	161	165	22	25	24	20
ENSMUSG00000002608	73	105	104	101	19	6	13	20
ENSMUSG00000002617	70	154	142	111	14	13	8	4
ENSMUSG00000002625	113	78	72	64	11	9	12	21
ENSMUSG00000002633	34	46	83	105	7	15	15	27
ENSMUSG00000002635	663	437	345	354	53	46	38	26
ENSMUSG00000002658	123	255	188	162	25	29	25	17
ENSMUSG00000002660	38	93	24	44	6	1	2	4
ENSMUSG00000002661	215	413	257	145	32	33	37	35
ENSMUSG00000002664	214	160	780	568	10	25	36	29
ENSMUSG00000002668	145	194	180	170	4	8	9	10
ENSMUSG00000002679	15	7	11	4	1	0	0	1
ENSMUSG00000002688	98	141	90	43	35	31	15	25
ENSMUSG00000002699	139	132	164	144	10	13	12	5
ENSMUSG00000002718	65	50	71	62	4	5	4	3
ENSMUSG00000002728	62	65	19	83	6	14	16	11
ENSMUSG00000002731	436	504	431	319	26	57	34	22
ENSMUSG00000002732	66	89	99	109	11	9	5	12
ENSMUSG00000002733	36	100	53	51	10	5	3	5
ENSMUSG00000002741	734	612	920	726	50	75	137	85
ENSMUSG00000002748	500	308	418	667	105	44	65	37
ENSMUSG00000002763	185	178	172	163	30	39	21	27
ENSMUSG00000002767	3	8	6	8	0	0	0	0
ENSMUSG00000002768	132	166	142	171	18	29	18	17
ENSMUSG00000002769	44	47	59	110	13	13	10	7
ENSMUSG00000002771	74	83	167	264	8	10	16	21
ENSMUSG00000002778	29	36	17	21	3	0	0	0
ENSMUSG00000002781	210	102	132	148	4	9	12	5
ENSMUSG00000002791	116	136	145	103	9	9	26	17
ENSMUSG00000002797	62	39	50	62	14	15	12	11
ENSMUSG00000002799	31	36	166	62	2	3	13	10
ENSMUSG00000002803	189	643	336	413	43	17	24	42
ENSMUSG00000002804	362	381	303	279	3	13	12	9
ENSMUSG00000002808	73	93	214	173	13	11	35	27
ENSMUSG00000002812	33	63	55	66	7	11	6	6
ENSMUSG00000002814	54	83	67	49	7	10	10	8
ENSMUSG00000002820	161	129	149	123	3	8	6	6
ENSMUSG00000002825	166	326	192	180	60	55	71	22
ENSMUSG00000002831	83	87	139	64	21	16	23	14
ENSMUSG00000002833	172	131	126	256	65	57	13	24
ENSMUSG00000002835	273	335	170	202	22	39	14	29
ENSMUSG00000002844	46	33	45	55	1	2	2	2
ENSMUSG00000002845	53	103	92	83	5	10	8	1
ENSMUSG00000002846	82	98	135	169	5	12	7	6
ENSMUSG00000002847	21	53	40	34	7	6	0	6
ENSMUSG00000002870	323	383	290	322	23	43	17	46
ENSMUSG00000002871	54	59	23	13	6	0	0	2
ENSMUSG00000002881	28	33	19	34	1	5	6	2
ENSMUSG00000002885	43	54	43	51	0	0	2	1
ENSMUSG00000002897	99	71	108	94	6	29	21	21
ENSMUSG00000002900	410	327	669	514	56	49	79	79
ENSMUSG00000002908	1603	1659	3475	3047	386	618	631	540
ENSMUSG00000002910	46	21	33	51	16	8	17	20
ENSMUSG00000002930	104	115	108	121	5	9	5	5
ENSMUSG00000002944	31	39	19	11	5	2	3	0
ENSMUSG00000002948	686	507	323	556	25	47	21	18
ENSMUSG00000002949	383	494	518	419	109	94	54	61
ENSMUSG00000002957	192	239	174	277	47	86	51	90
ENSMUSG00000002963	24	21	107	98	10	5	17	16
ENSMUSG00000002968	86	114	78	99	18	6	8	11
ENSMUSG00000002980	135	147	135	170	14	41	22	20
ENSMUSG00000002981	228	282	349	347	53	55	89	56
ENSMUSG00000002983	54	79	119	93	12	8	12	22
ENSMUSG00000002984	131	77	250	202	8	7	14	22
ENSMUSG00000002985	277	183	271	344	60	52	13	20
ENSMUSG00000002992	54	59	31	25	1	2	0	1
ENSMUSG00000002996	172	124	141	157	15	24	33	38
ENSMUSG00000002997	778	641	622	712	114	114	90	68
ENSMUSG00000003031	87	54	74	126	14	4	3	5
ENSMUSG00000003032	10	13	5	8	2	0	3	3
ENSMUSG00000003033	129	85	66	61	3	5	6	9
ENSMUSG00000003037	161	118	106	103	10	7	11	5
ENSMUSG00000003038	63	63	46	37	15	6	12	14
ENSMUSG00000003039	276	435	238	504	116	80	105	153
ENSMUSG00000003051	87	46	63	58	18	16	7	21
ENSMUSG00000003053	89	211	193	205	39	28	3	17
ENSMUSG00000003062	291	199	183	437	54	51	111	47
ENSMUSG00000003068	8	21	14	24	5	2	1	2
ENSMUSG00000003070	261	235	234	215	35	50	40	43
ENSMUSG00000003072	117	94	89	161	20	6	26	14
ENSMUSG00000003099	28	11	33	38	3	8	6	5
ENSMUSG00000003119	59	97	84	43	9	7	7	14
ENSMUSG00000003123	75	39	28	71	10	7	8	9
ENSMUSG00000003131	333	381	93	136	36	21	8	3
ENSMUSG00000003134	455	496	346	711	136	58	74	49
ENSMUSG00000003135	160	177	181	103	10	15	20	30
ENSMUSG00000003153	143	195	80	172	12	17	5	7
ENSMUSG00000003154	48	16	39	26	6	13	4	8
ENSMUSG00000003161	96	69	73	73	8	14	4	5
ENSMUSG00000003166	86	70	174	169	13	11	18	20
ENSMUSG00000003184	42	44	58	81	6	14	23	9
ENSMUSG00000003190	61	60	77	58	5	10	9	3
ENSMUSG00000003198	26	10	10	11	3	1	3	0
ENSMUSG00000003199	79	74	128	82	12	11	10	17
ENSMUSG00000003200	113	118	106	75	9	18	5	24
ENSMUSG00000003206	466	459	677	524	39	31	39	12
ENSMUSG00000003208	130	260	154	201	34	47	13	14
ENSMUSG00000003226	82	96	42	70	5	4	8	5
ENSMUSG00000003227	90	76	104	115	12	17	8	6
ENSMUSG00000003228	62	32	23	29	4	3	4	3
ENSMUSG00000003233	161	225	248	191	15	11	18	17
ENSMUSG00000003234	27	24	54	17	2	3	4	2
ENSMUSG00000003235	118	104	216	159	19	18	24	18
ENSMUSG00000003269	19	27	47	63	7	0	8	6
ENSMUSG00000003271	94	104	84	62	9	9	17	21
ENSMUSG00000003273	85	93	121	114	27	25	35	32
ENSMUSG00000003279	536	422	1017	699	27	38	80	42
ENSMUSG00000003282	183	175	615	167	20	16	45	52
ENSMUSG00000003283	53	45	41	179	6	13	7	14
ENSMUSG00000003299	40	48	28	58	5	1	3	7
ENSMUSG00000003308	103	101	50	101	7	6	6	2
ENSMUSG00000003309	864	571	629	609	77	53	51	90
ENSMUSG00000003316	67	105	93	76	15	12	21	6
ENSMUSG00000003341	390	372	183	309	16	7	13	6
ENSMUSG00000003344	139	101	107	124	7	10	7	2
ENSMUSG00000003345	419	273	308	260	15	14	13	26
ENSMUSG00000003346	115	169	139	95	11	9	12	13
ENSMUSG00000003348	379	282	396	352	52	35	54	17
ENSMUSG00000003352	164	210	148	236	24	44	36	38
ENSMUSG00000003354	87	123	101	116	9	9	8	15
ENSMUSG00000003355	72	104	88	76	9	4	7	7
ENSMUSG00000003360	177	121	189	182	33	24	16	23
ENSMUSG00000003363	111	111	251	132	13	14	22	60
ENSMUSG00000003378	82	111	118	225	18	6	16	27
ENSMUSG00000003379	245	472	306	437	75	82	58	59
ENSMUSG00000003380	11	21	10	13	4	1	4	3
ENSMUSG00000003382	148	170	152	130	12	26	10	19
ENSMUSG00000003402	400	650	673	555	142	172	254	130
ENSMUSG00000003410	42	36	73	55	4	3	10	6
ENSMUSG00000003411	134	106	215	268	77	39	70	81
ENSMUSG00000003418	178	112	64	122	13	15	5	5
ENSMUSG00000003420	139	115	92	159	1	18	11	8
ENSMUSG00000003421	182	197	115	72	14	10	17	44
ENSMUSG00000003423	255	198	126	195	15	6	8	12
ENSMUSG00000003429	241	364	195	134	19	12	5	4
ENSMUSG00000003435	403	388	878	557	44	49	57	52
ENSMUSG00000003436	348	433	677	936	43	62	82	94
ENSMUSG00000003437	241	207	378	273	27	33	35	48
ENSMUSG00000003438	272	321	250	342	14	16	37	32
ENSMUSG00000003444	55	48	51	32	4	4	2	0
ENSMUSG00000003452	58	75	109	90	7	7	9	3
ENSMUSG00000003458	33	44	18	46	11	7	6	4
ENSMUSG00000003464	79	61	20	50	21	22	11	10
ENSMUSG00000003469	203	196	183	193	11	15	15	12
ENSMUSG00000003476	92	131	57	81	9	3	10	12
ENSMUSG00000003477	119	103	204	178	27	18	21	29
ENSMUSG00000003484	51	44	48	60	5	9	14	18
ENSMUSG00000003500	175	79	84	173	5	10	14	9
ENSMUSG00000003505	50	59	82	67	2	2	7	4
ENSMUSG00000003518	2005	2179	6669	4245	458	684	1193	543
ENSMUSG00000003526	397	131	282	330	29	19	25	17
ENSMUSG00000003527	179	136	380	251	41	23	57	22
ENSMUSG00000003528	105	102	65	173	11	14	37	36
ENSMUSG00000003531	98	124	91	138	19	21	11	20
ENSMUSG00000003534	224	197	128	217	18	9	5	20
ENSMUSG00000003541	89	144	142	177	26	10	15	18
ENSMUSG00000003545	154	100	108	107	21	6	14	10
ENSMUSG00000003546	14	38	27	7	4	0	0	0
ENSMUSG00000003549	280	437	432	712	28	31	72	37
ENSMUSG00000003555	26	64	45	43	3	3	5	4
ENSMUSG00000003559	180	228	351	269	23	23	58	45
ENSMUSG00000003573	292	266	374	275	31	23	42	25
ENSMUSG00000003575	18	22	21	13	1	1	2	1
ENSMUSG00000003581	119	106	153	77	17	14	9	17
ENSMUSG00000003585	217	155	234	237	45	35	62	34
ENSMUSG00000003604	215	344	297	381	74	58	74	74
ENSMUSG00000003617	70	38	29	32	4	5	3	3
ENSMUSG00000003623	350	258	56	111	33	35	20	24
ENSMUSG00000003644	93	87	75	85	5	18	6	13
ENSMUSG00000003657	44	51	40	22	8	10	6	4
ENSMUSG00000003660	197	171	187	383	22	18	24	31
ENSMUSG00000003662	50	19	38	53	4	4	0	1
ENSMUSG00000003665	55	69	63	92	25	38	26	18
ENSMUSG00000003680	121	62	134	161	14	23	21	14
ENSMUSG00000003721	52	102	167	139	37	37	26	36
ENSMUSG00000003731	21	31	29	15	0	1	2	0
ENSMUSG00000003746	1521	1658	1552	833	112	113	121	86
ENSMUSG00000003752	19	21	41	20	4	5	2	10
ENSMUSG00000003762	24	88	48	47	7	16	21	14
ENSMUSG00000003778	57	49	64	76	4	4	9	1
ENSMUSG00000003779	82	35	45	44	22	7	12	14
ENSMUSG00000003808	136	220	215	221	41	30	33	42
ENSMUSG00000003809	181	197	192	140	52	74	85	52
ENSMUSG00000003810	14	24	15	27	2	0	2	6
ENSMUSG00000003812	104	104	141	139	4	9	11	14
ENSMUSG00000003813	419	239	319	513	33	66	75	55
ENSMUSG00000003814	102	97	39	69	14	11	30	27
ENSMUSG00000003824	125	134	69	108	7	24	16	10
ENSMUSG00000003847	149	106	53	89	1	0	3	2
ENSMUSG00000003848	106	135	61	124	13	16	14	12
ENSMUSG00000003849	21	43	27	10	2	8	2	2
ENSMUSG00000003863	61	63	61	51	18	13	6	11
ENSMUSG00000003865	26	56	23	12	3	14	5	6
ENSMUSG00000003868	199	301	232	272	7	13	12	4
ENSMUSG00000003872	25	23	90	40	0	0	5	8
ENSMUSG00000003873	75	148	28	76	8	11	5	2
ENSMUSG00000003882	321	337	628	523	31	38	58	64
ENSMUSG00000003923	1278	1284	1582	1145	85	131	98	101
ENSMUSG00000003929	182	402	342	270	38	61	34	19
ENSMUSG00000003934	334	194	253	83	25	6	5	7
ENSMUSG00000003948	292	241	184	307	36	25	34	40
ENSMUSG00000003949	306	343	352	370	45	55	23	38
ENSMUSG00000003955	682	461	483	778	115	117	48	101
ENSMUSG00000003970	51	70	47	49	9	14	7	3
ENSMUSG00000003974	314	342	395	264	51	32	40	56
ENSMUSG00000003992	29	35	34	19	3	5	13	6
ENSMUSG00000004018	174	158	101	135	43	22	18	15
ENSMUSG00000004031	979	1277	1331	840	44	52	19	16
ENSMUSG00000004032	451	360	173	154	53	30	12	13
ENSMUSG00000004035	858	670	867	419	108	76	71	78
ENSMUSG00000004038	103	88	101	116	9	5	15	8
ENSMUSG00000004040	56	96	150	114	5	18	14	24
ENSMUSG00000004043	226	198	674	433	63	53	35	109
ENSMUSG00000004044	119	223	135	136	18	17	22	10
ENSMUSG00000004054	152	73	81	101	8	7	12	13
ENSMUSG00000004056	254	164	260	251	12	20	28	31
ENSMUSG00000004069	171	134	271	291	24	31	54	33
ENSMUSG00000004070	176	127	100	119	13	18	10	19
ENSMUSG00000004071	134	248	164	246	16	19	10	13
ENSMUSG00000004085	286	283	284	633	24	47	41	27
ENSMUSG00000004096	159	160	323	104	9	22	9	19
ENSMUSG00000004098	247	148	289	384	19	13	18	34
ENSMUSG00000004099	150	121	100	120	21	16	22	15
ENSMUSG00000004100	26	25	33	55	3	2	3	3
ENSMUSG00000004105	243	206	385	276	11	29	16	8
ENSMUSG00000004110	97	115	117	81	16	9	8	9
ENSMUSG00000004113	176	381	173	319	37	79	87	61
ENSMUSG00000004127	72	54	147	82	13	8	14	4
ENSMUSG00000004151	90	84	81	72	10	7	9	11
ENSMUSG00000004187	271	136	278	177	23	24	30	29
ENSMUSG00000004207	101	191	419	399	19	21	25	19
ENSMUSG00000004221	283	172	373	195	26	15	45	53
ENSMUSG00000004231	112	109	93	123	25	35	31	15
ENSMUSG00000004233	501	1114	668	807	42	63	29	36
ENSMUSG00000004263	104	186	187	171	18	10	18	13
ENSMUSG00000004264	212	144	214	103	9	16	11	3
ENSMUSG00000004266	6	5	15	9	0	2	0	0
ENSMUSG00000004267	84	56	87	85	8	8	13	9
ENSMUSG00000004268	236	133	186	207	25	35	36	35
ENSMUSG00000004270	710	609	668	248	55	59	25	28
ENSMUSG00000004285	100	100	80	111	12	11	13	2
ENSMUSG00000004296	69	50	97	203	11	11	19	22
ENSMUSG00000004317	345	262	328	362	42	101	137	108
ENSMUSG00000004319	56	162	203	132	16	9	16	15
ENSMUSG00000004328	244	221	217	155	42	38	20	38
ENSMUSG00000004341	27	43	37	72	9	6	13	8
ENSMUSG00000004344	53	62	81	68	2	8	4	7
ENSMUSG00000004347	146	96	140	136	9	30	18	30
ENSMUSG00000004356	61	43	62	89	5	2	2	4
ENSMUSG00000004359	490	378	460	475	26	52	100	63
ENSMUSG00000004360	583	896	734	828	96	109	101	73
ENSMUSG00000004364	406	349	176	342	14	20	9	17
ENSMUSG00000004366	242	167	100	206	15	28	2	1
ENSMUSG00000004371	39	28	54	50	1	3	1	3
ENSMUSG00000004383	119	229	266	303	30	48	55	47
ENSMUSG00000004393	98	52	103	114	15	6	4	16
ENSMUSG00000004394	129	27	84	44	28	21	1	10
ENSMUSG00000004415	762	763	567	937	126	120	202	234
ENSMUSG00000004446	16	45	33	41	7	1	2	3
ENSMUSG00000004451	72	67	42	87	1	7	3	2
ENSMUSG00000004455	276	197	84	118	51	39	21	13
ENSMUSG00000004460	68	125	138	95	12	2	18	25
ENSMUSG00000004462	64	115	157	124	22	32	20	30
ENSMUSG00000004473	331	255	280	420	25	45	52	35
ENSMUSG00000004500	569	567	333	372	112	65	53	45
ENSMUSG00000004508	25	48	26	15	8	6	0	2
ENSMUSG00000004530	1177	779	1366	929	70	73	21	38
ENSMUSG00000004535	214	238	173	115	14	12	8	23
ENSMUSG00000004540	139	196	176	241	23	16	22	34
ENSMUSG00000004542	17	65	153	92	6	0	11	7
ENSMUSG00000004552	184	180	174	101	23	32	22	23
ENSMUSG00000004558	102	174	133	94	11	12	7	6
ENSMUSG00000004561	151	150	240	261	16	14	10	12
ENSMUSG00000004562	109	51	63	71	15	11	5	5
ENSMUSG00000004565	123	216	159	147	14	5	7	29
ENSMUSG00000004567	372	291	156	276	31	25	39	32
ENSMUSG00000004568	48	57	30	42	13	15	3	6
ENSMUSG00000004591	68	64	73	101	7	18	15	4
ENSMUSG00000004609	174	156	211	124	13	18	15	17
ENSMUSG00000004610	231	261	180	573	96	108	124	97
ENSMUSG00000004612	94	47	119	83	18	16	20	26
ENSMUSG00000004626	244	157	148	221	10	20	18	16
ENSMUSG00000004630	341	421	191	316	97	48	78	66
ENSMUSG00000004631	278	263	116	297	94	61	52	44
ENSMUSG00000004633	62	111	66	74	11	6	4	7
ENSMUSG00000004637	132	152	140	109	14	23	21	35
ENSMUSG00000004642	239	248	239	171	18	25	10	22
ENSMUSG00000004651	50	26	17	14	1	1	2	0
ENSMUSG00000004654	74	69	100	90	10	16	12	10
ENSMUSG00000004655	48	14	15	9	1	3	2	1
ENSMUSG00000004661	23	8	18	16	6	3	8	6
ENSMUSG00000004665	592	476	373	416	123	85	113	67
ENSMUSG00000004667	92	125	210	122	17	31	5	18
ENSMUSG00000004668	57	76	50	37	6	6	6	8
ENSMUSG00000004677	111	80	63	78	42	17	28	40
ENSMUSG00000004698	304	330	606	415	155	90	64	90
ENSMUSG00000004707	81	84	64	51	11	7	5	2
ENSMUSG00000004709	26	34	13	26	1	2	0	2
ENSMUSG00000004730	77	41	78	130	3	5	1	2
ENSMUSG00000004748	336	547	457	241	109	121	29	36
ENSMUSG00000004768	260	144	627	310	13	15	16	29
ENSMUSG00000004771	126	151	54	105	4	2	2	0
ENSMUSG00000004788	173	153	57	94	21	8	11	21
ENSMUSG00000004789	462	256	184	292	43	30	18	22
ENSMUSG00000004791	46	29	31	27	7	11	22	22
ENSMUSG00000004798	105	113	78	77	8	6	6	4
ENSMUSG00000004814	90	121	94	92	14	18	10	7
ENSMUSG00000004815	45	73	132	171	11	9	34	28
ENSMUSG00000004821	1328	995	1130	495	78	83	123	70
ENSMUSG00000004837	42	68	46	48	2	5	3	3
ENSMUSG00000004842	103	193	225	155	30	14	43	21
ENSMUSG00000004843	172	164	210	354	42	17	61	42
ENSMUSG00000004846	271	237	181	295	8	20	14	15
ENSMUSG00000004849	11	27	17	19	4	2	2	3
ENSMUSG00000004864	112	187	120	111	25	15	9	13
ENSMUSG00000004865	89	68	57	76	3	6	7	6
ENSMUSG00000004872	125	165	112	134	17	15	19	14
ENSMUSG00000004880	57	84	145	192	14	19	42	15
ENSMUSG00000004885	64	62	81	77	7	10	8	14
ENSMUSG00000004891	492	713	185	74	29	34	21	8
ENSMUSG00000004892	297	297	111	104	91	67	27	22
ENSMUSG00000004894	66	65	62	39	12	13	3	15
ENSMUSG00000004895	36	40	40	55	3	4	5	3
ENSMUSG00000004896	63	27	71	56	4	2	6	2
ENSMUSG00000004897	48	45	41	55	1	1	3	5
ENSMUSG00000004902	126	137	246	237	30	15	30	23
ENSMUSG00000004929	263	306	196	453	37	31	47	21
ENSMUSG00000004931	121	145	219	149	14	16	22	17
ENSMUSG00000004933	115	109	60	88	48	30	18	10
ENSMUSG00000004934	216	144	340	321	35	41	28	23
ENSMUSG00000004936	60	126	125	52	10	5	7	15
ENSMUSG00000004937	173	133	178	136	26	11	17	21
ENSMUSG00000004939	228	196	217	247	13	24	8	9
ENSMUSG00000004945	35	37	70	53	3	6	6	5
ENSMUSG00000004947	180	157	247	120	49	39	36	33
ENSMUSG00000004948	9	4	15	9	4	1	2	5
ENSMUSG00000004951	39	92	43	65	3	7	3	5
ENSMUSG00000004952	93	198	151	159	24	43	37	24
ENSMUSG00000004961	102	128	88	95	9	14	8	9
ENSMUSG00000004980	756	336	1311	639	87	83	163	163
ENSMUSG00000004988	111	91	154	88	15	27	17	18
ENSMUSG00000004994	67	138	122	124	15	24	34	14
ENSMUSG00000004996	2	11	5	5	0	0	1	1
ENSMUSG00000005034	187	219	271	141	18	11	19	36
ENSMUSG00000005043	459	396	276	200	19	19	19	20
ENSMUSG00000005045	32	29	12	8	4	6	4	1
ENSMUSG00000005054	99	98	86	100	12	12	8	11
ENSMUSG00000005057	142	318	340	252	17	41	9	24
ENSMUSG00000005069	65	25	68	40	5	6	8	15
ENSMUSG00000005078	107	87	202	196	18	16	22	15
ENSMUSG00000005087	93	114	89	67	11	1	11	2
ENSMUSG00000005089	70	33	76	60	35	17	19	16
ENSMUSG00000005102	90	86	117	181	10	13	9	4
ENSMUSG00000005103	112	142	54	90	15	8	9	18
ENSMUSG00000005107	105	97	81	119	12	19	8	12
ENSMUSG00000005124	172	99	132	114	28	22	40	54
ENSMUSG00000005125	20	60	57	118	3	14	4	6
ENSMUSG00000005131	138	371	285	215	9	11	9	12
ENSMUSG00000005142	126	143	41	179	12	14	31	43
ENSMUSG00000005148	98	74	48	71	9	10	6	6
ENSMUSG00000005150	71	109	110	101	9	6	11	8
ENSMUSG00000005161	148	228	220	245	16	26	25	10
ENSMUSG00000005198	8	14	33	24	3	6	3	4
ENSMUSG00000005202	269	529	578	394	64	32	104	94
ENSMUSG00000005204	411	181	242	244	53	26	76	53
ENSMUSG00000005220	101	154	246	383	16	13	29	19
ENSMUSG00000005225	202	244	265	125	25	29	25	49
ENSMUSG00000005232	80	62	14	16	8	3	6	2
ENSMUSG00000005233	90	26	58	70	17	11	10	6
ENSMUSG00000005237	449	702	741	288	69	94	78	134
ENSMUSG00000005251	57	46	52	54	4	3	0	1
ENSMUSG00000005262	92	94	56	37	17	15	5	7
ENSMUSG00000005267	36	19	59	31	4	3	4	8
ENSMUSG00000005268	41	53	39	26	8	7	10	4
ENSMUSG00000005299	268	170	122	207	46	32	35	26
ENSMUSG00000005312	118	91	112	63	50	31	24	18
ENSMUSG00000005320	87	86	99	73	23	17	41	43
ENSMUSG00000005338	139	147	169	198	19	30	19	26
ENSMUSG00000005339	173	66	105	211	14	10	17	6
ENSMUSG00000005354	204	276	481	363	39	41	118	80
ENSMUSG00000005355	170	142	20	47	13	10	5	3
ENSMUSG00000005357	313	201	222	179	39	34	21	14
ENSMUSG00000005360	27	57	46	93	25	9	14	7
ENSMUSG00000005362	61	33	32	61	6	6	10	9
ENSMUSG00000005364	39	63	37	56	9	8	16	11
ENSMUSG00000005370	602	369	788	543	98	51	63	82
ENSMUSG00000005371	188	163	167	124	6	7	6	13
ENSMUSG00000005373	58	91	190	157	10	16	15	25
ENSMUSG00000005374	89	274	120	77	18	6	15	16
ENSMUSG00000005378	157	267	160	409	26	29	23	45
ENSMUSG00000005397	117	303	352	163	11	17	41	18
ENSMUSG00000005410	191	237	350	459	25	22	63	46
ENSMUSG00000005413	37	59	57	32	4	2	1	6
ENSMUSG00000005417	39	61	39	44	2	2	4	5
ENSMUSG00000005442	103	284	494	539	45	37	220	107
ENSMUSG00000005447	397	249	279	481	26	49	49	56
ENSMUSG00000005465	33	13	49	41	6	7	6	4
ENSMUSG00000005469	211	125	238	71	48	20	26	25
ENSMUSG00000005470	26	36	60	127	6	1	4	2
ENSMUSG00000005474	94	53	68	29	45	34	17	15
ENSMUSG00000005481	89	133	97	105	8	2	5	5
ENSMUSG00000005483	446	392	285	351	115	112	84	197
ENSMUSG00000005493	117	106	128	79	34	42	8	40
ENSMUSG00000005501	66	48	33	53	5	6	6	9
ENSMUSG00000005503	266	379	351	218	21	14	37	28
ENSMUSG00000005505	483	361	456	324	27	33	106	61
ENSMUSG00000005506	35	90	91	177	5	14	10	4
ENSMUSG00000005510	223	369	845	627	77	30	145	83
ENSMUSG00000005514	47	57	57	63	2	8	6	3
ENSMUSG00000005533	63	85	92	55	3	4	11	14
ENSMUSG00000005534	62	88	70	156	14	6	23	12
ENSMUSG00000005540	25	75	70	51	2	6	8	9
ENSMUSG00000005547	123	126	176	157	16	12	12	4
ENSMUSG00000005553	10	6	12	17	1	0	6	2
ENSMUSG00000005566	237	243	30	52	28	19	5	5
ENSMUSG00000005575	14	14	7	11	3	6	0	2
ENSMUSG00000005580	72	51	85	80	13	12	9	16
ENSMUSG00000005583	20	10	32	22	2	1	3	1
ENSMUSG00000005609	108	149	93	155	20	39	13	24
ENSMUSG00000005610	87	39	107	75	6	3	5	8
ENSMUSG00000005611	44	54	16	62	12	5	5	8
ENSMUSG00000005615	85	76	58	61	12	11	15	9
ENSMUSG00000005621	253	469	497	230	25	56	27	38
ENSMUSG00000005625	115	66	80	100	4	4	8	4
ENSMUSG00000005628	273	82	191	211	20	13	4	20
ENSMUSG00000005640	93	105	106	154	4	10	4	14
ENSMUSG00000005649	103	50	30	39	4	2	2	3
ENSMUSG00000005656	207	122	443	392	43	33	36	40
ENSMUSG00000005667	641	603	505	461	56	100	106	63
ENSMUSG00000005672	42	47	43	27	3	2	2	2
ENSMUSG00000005674	35	79	27	47	12	12	14	4
ENSMUSG00000005677	194	205	475	197	17	43	32	42
ENSMUSG00000005681	24	23	28	17	1	1	2	2
ENSMUSG00000005682	21	91	79	56	14	16	9	7
ENSMUSG00000005683	17	30	21	20	0	2	3	5
ENSMUSG00000005686	33	62	36	54	9	8	5	4
ENSMUSG00000005687	8	29	38	23	1	2	1	1
ENSMUSG00000005696	94	169	234	185	30	42	21	44
ENSMUSG00000005698	35	32	70	21	5	1	1	0
ENSMUSG00000005699	12	11	6	6	1	2	2	0
ENSMUSG00000005705	320	330	486	460	47	18	89	80
ENSMUSG00000005716	68	33	57	65	3	9	5	2
ENSMUSG00000005718	110	137	66	73	13	11	14	10
ENSMUSG00000005732	276	371	413	157	54	34	118	85
ENSMUSG00000005763	183	134	147	107	7	12	6	15
ENSMUSG00000005774	145	143	197	154	8	21	17	19
ENSMUSG00000005779	782	489	561	867	41	75	125	138
ENSMUSG00000005800	135	75	148	171	12	2	16	15
ENSMUSG00000005802	156	135	139	164	4	9	6	6
ENSMUSG00000005803	982	770	484	503	113	84	117	129
ENSMUSG00000005804	70	55	56	66	9	2	8	3
ENSMUSG00000005813	136	138	219	281	10	13	23	19
ENSMUSG00000005823	1418	1012	1714	1206	49	34	138	128
ENSMUSG00000005824	250	226	316	303	16	31	26	30
ENSMUSG00000005836	14	16	27	14	10	7	4	6
ENSMUSG00000005846	258	243	94	202	9	6	17	6
ENSMUSG00000005864	110	200	137	142	7	8	6	4
ENSMUSG00000005871	168	141	96	87	17	32	15	16
ENSMUSG00000005873	289	389	309	322	43	28	54	46
ENSMUSG00000005881	197	609	302	431	47	30	62	33
ENSMUSG00000005882	124	170	240	204	28	21	30	35
ENSMUSG00000005883	35	38	47	44	8	9	7	4
ENSMUSG00000005886	44	41	43	36	5	7	1	2
ENSMUSG00000005891	119	68	54	62	13	13	16	16
ENSMUSG00000005892	378	457	261	194	25	25	21	18
ENSMUSG00000005893	118	134	86	178	16	14	21	10
ENSMUSG00000005897	179	163	243	486	24	12	91	51
ENSMUSG00000005899	7	11	13	8	2	1	0	0
ENSMUSG00000005907	54	30	29	59	8	5	5	7
ENSMUSG00000005917	131	250	136	163	12	21	1	2
ENSMUSG00000005936	87	139	85	86	10	7	14	10
ENSMUSG00000005947	167	52	48	71	15	22	24	10
ENSMUSG00000005949	60	65	58	43	5	6	4	5
ENSMUSG00000005950	105	70	82	84	6	6	9	6
ENSMUSG00000005951	54	34	34	49	5	8	2	6
ENSMUSG00000005952	281	450	275	346	24	35	22	45
ENSMUSG00000005958	165	125	241	189	10	6	10	8
ENSMUSG00000005968	38	185	111	138	7	8	7	9
ENSMUSG00000005973	40	91	69	96	10	3	5	5
ENSMUSG00000005980	644	452	418	359	14	24	16	15
ENSMUSG00000005981	255	204	423	419	14	19	47	45
ENSMUSG00000005982	674	1119	342	510	88	112	92	54
ENSMUSG00000005983	66	72	82	46	4	7	8	7
ENSMUSG00000005986	221	352	111	303	26	18	45	108
ENSMUSG00000005994	36	19	37	57	11	15	15	37
ENSMUSG00000006005	105	104	56	86	16	34	14	22
ENSMUSG00000006007	20	19	48	63	3	4	11	6
ENSMUSG00000006010	293	378	173	161	15	9	32	24
ENSMUSG00000006014	125	98	89	48	5	6	12	6
ENSMUSG00000006019	140	162	133	108	13	31	8	8
ENSMUSG00000006021	41	40	59	36	1	4	2	2
ENSMUSG00000006024	207	281	354	635	13	10	30	23
ENSMUSG00000006050	49	40	41	70	8	11	6	10
ENSMUSG00000006056	93	118	106	189	11	14	11	15
ENSMUSG00000006057	123	77	83	95	13	6	20	44
ENSMUSG00000006058	188	114	75	59	14	18	15	10
ENSMUSG00000006095	57	59	99	104	4	4	5	19
ENSMUSG00000006127	147	126	123	108	16	24	21	16
ENSMUSG00000006134	17	22	15	27	1	2	4	1
ENSMUSG00000006143	403	363	576	539	138	79	94	95
ENSMUSG00000006154	165	111	121	123	32	22	25	18
ENSMUSG00000006169	36	43	83	138	6	5	13	7
ENSMUSG00000006179	42	62	70	19	4	7	17	19
ENSMUSG00000006191	132	76	78	80	4	11	8	14
ENSMUSG00000006200	721	623	517	513	52	65	43	47
ENSMUSG00000006204	82	58	95	49	16	9	11	21
ENSMUSG00000006205	44	58	20	28	5	6	10	7
ENSMUSG00000006215	180	204	64	120	18	30	4	4
ENSMUSG00000006216	36	61	40	47	7	1	5	2
ENSMUSG00000006218	60	29	20	23	12	11	2	3
ENSMUSG00000006219	73	57	148	123	8	16	5	10
ENSMUSG00000006221	25	32	45	34	4	3	0	1
ENSMUSG00000006235	72	64	91	43	8	7	17	23
ENSMUSG00000006241	96	106	127	178	9	25	27	45
ENSMUSG00000006262	51	50	20	35	12	7	5	8
ENSMUSG00000006269	135	132	132	90	16	14	41	19
ENSMUSG00000006270	36	88	45	32	12	2	3	2
ENSMUSG00000006273	115	48	84	105	8	7	15	18
ENSMUSG00000006276	1089	1158	1110	1319	41	65	133	40
ENSMUSG00000006281	97	115	157	356	4	12	20	8
ENSMUSG00000006288	174	141	136	81	15	11	8	8
ENSMUSG00000006289	25	16	28	21	3	3	1	3
ENSMUSG00000006299	72	44	97	83	9	4	10	8
ENSMUSG00000006301	59	90	155	92	9	4	22	14
ENSMUSG00000006304	9	42	13	12	4	5	1	5
ENSMUSG00000006307	160	96	70	68	21	19	8	13
ENSMUSG00000006310	28	61	26	20	1	10	5	4
ENSMUSG00000006311	267	361	176	232	61	30	25	39
ENSMUSG00000006313	253	460	470	320	63	70	42	61
ENSMUSG00000006315	84	52	43	57	3	4	2	2
ENSMUSG00000006333	150	178	202	232	43	54	36	35
ENSMUSG00000006335	89	161	91	84	18	11	8	9
ENSMUSG00000006342	153	82	85	91	8	9	13	10
ENSMUSG00000006344	68	186	87	74	14	15	23	8
ENSMUSG00000006345	169	441	128	183	42	30	14	15
ENSMUSG00000006356	36	32	56	30	9	3	5	5
ENSMUSG00000006360	34	40	12	21	9	2	1	5
ENSMUSG00000006362	167	246	174	99	34	35	27	34
ENSMUSG00000006369	204	162	164	103	13	6	2	16
ENSMUSG00000006373	32	18	25	14	7	4	6	8
ENSMUSG00000006378	256	480	252	413	109	128	124	72
ENSMUSG00000006386	30	44	44	14	11	8	16	11
ENSMUSG00000006389	230	410	441	322	11	15	12	17
ENSMUSG00000006390	3	15	9	7	3	0	0	0
ENSMUSG00000006392	51	18	62	34	21	14	21	33
ENSMUSG00000006395	64	71	55	40	11	16	5	2
ENSMUSG00000006398	17	14	12	9	0	0	0	2
ENSMUSG00000006403	308	313	105	138	7	8	8	1
ENSMUSG00000006411	134	111	68	72	1	9	2	9
ENSMUSG00000006412	369	263	528	715	64	48	61	54
ENSMUSG00000006418	804	313	264	149	9	20	26	15
ENSMUSG00000006423	1366	963	749	667	105	47	76	52
ENSMUSG00000006435	27	21	46	23	2	4	5	1
ENSMUSG00000006442	26	45	28	8	4	4	3	4
ENSMUSG00000006445	87	159	178	297	8	7	9	20
ENSMUSG00000006456	68	73	92	61	5	16	11	6
ENSMUSG00000006457	46	55	111	39	4	10	3	8
ENSMUSG00000006462	185	94	116	106	19	16	8	28
ENSMUSG00000006463	18	25	45	24	9	11	8	2
ENSMUSG00000006464	90	65	110	96	6	5	19	14
ENSMUSG00000006469	1072	1447	774	1156	171	196	213	181
ENSMUSG00000006471	232	383	406	415	20	30	35	20
ENSMUSG00000006476	477	853	656	861	232	180	206	80
ENSMUSG00000006488	15	11	11	23	3	2	1	2
ENSMUSG00000006490	19	31	12	16	4	1	1	0
ENSMUSG00000006494	85	113	136	80	14	4	10	10
ENSMUSG00000006498	124	164	138	84	46	32	40	37
ENSMUSG00000006517	428	341	272	177	57	53	30	26
ENSMUSG00000006519	124	117	116	128	9	31	30	32
ENSMUSG00000006522	260	215	189	329	70	52	40	40
ENSMUSG00000006526	113	102	116	100	23	37	39	34
ENSMUSG00000006527	748	368	650	569	77	65	47	21
ENSMUSG00000006529	373	334	314	289	96	95	55	42
ENSMUSG00000006538	123	87	300	94	17	13	31	23
ENSMUSG00000006542	99	193	62	80	10	27	4	3
ENSMUSG00000006546	59	25	29	50	4	2	4	6
ENSMUSG00000006567	548	644	289	335	132	147	23	14
ENSMUSG00000006570	71	69	100	116	11	7	13	6
ENSMUSG00000006574	139	245	214	143	25	30	73	63
ENSMUSG00000006575	339	269	419	196	30	4	22	30
ENSMUSG00000006576	223	270	431	364	38	36	67	68
ENSMUSG00000006585	7	3	13	7	0	0	1	1
ENSMUSG00000006586	2338	2300	1794	2015	329	557	109	153
ENSMUSG00000006587	82	100	55	33	3	6	4	9
ENSMUSG00000006589	26	35	13	26	1	2	3	3
ENSMUSG00000006599	69	125	60	103	14	16	8	12
ENSMUSG00000006611	162	121	346	200	11	2	9	5
ENSMUSG00000006638	34	28	55	63	0	3	5	13
ENSMUSG00000006641	624	790	317	301	25	69	38	32
ENSMUSG00000006642	38	36	30	55	4	5	8	4
ENSMUSG00000006649	970	482	712	470	71	95	61	60
ENSMUSG00000006651	97	154	63	104	1	7	9	9
ENSMUSG00000006673	179	114	155	90	28	22	41	18
ENSMUSG00000006675	307	583	283	486	96	90	222	161
ENSMUSG00000006676	117	213	135	259	7	17	11	22
ENSMUSG00000006678	53	84	142	133	6	10	13	11
ENSMUSG00000006699	37	43	38	60	6	4	6	3
ENSMUSG00000006705	64	53	44	66	7	13	7	6
ENSMUSG00000006711	222	107	149	118	109	60	52	57
ENSMUSG00000006715	19	27	37	26	2	0	2	4
ENSMUSG00000006717	242	208	235	166	14	24	26	18
ENSMUSG00000006720	41	25	42	83	5	18	8	6
ENSMUSG00000006724	1553	1219	1895	2031	307	399	179	305
ENSMUSG00000006728	1526	1093	4892	7332	205	319	553	592
ENSMUSG00000006731	70	40	41	69	10	5	5	9
ENSMUSG00000006732	73	64	24	75	13	5	3	4
ENSMUSG00000006736	56	35	30	35	10	9	8	5
ENSMUSG00000006740	43	59	70	54	3	14	14	12
ENSMUSG00000006763	26	60	69	55	4	5	9	8
ENSMUSG00000006764	77	132	60	75	12	10	13	1
ENSMUSG00000006777	74	88	235	244	7	1	7	6
ENSMUSG00000006782	414	356	482	473	62	44	48	46
ENSMUSG00000006784	52	106	44	48	8	11	5	6
ENSMUSG00000006800	719	697	554	726	214	203	221	290
ENSMUSG00000006818	157	183	97	121	25	26	21	19
ENSMUSG00000006850	69	92	69	83	16	11	11	13
ENSMUSG00000006906	68	81	85	68	34	21	25	11
ENSMUSG00000006920	44	58	54	40	2	4	8	6
ENSMUSG00000006930	36	19	53	24	2	3	1	2
ENSMUSG00000006931	235	223	376	157	30	28	27	32
ENSMUSG00000006932	57	51	31	28	14	13	1	2
ENSMUSG00000006941	122	56	112	113	7	9	7	18
ENSMUSG00000006948	100	82	35	40	1	8	7	2
ENSMUSG00000006958	125	141	148	160	31	33	13	38
ENSMUSG00000006998	125	199	141	247	9	20	11	26
ENSMUSG00000007021	114	152	350	241	17	16	58	32
ENSMUSG00000007029	131	198	307	350	16	25	56	61
ENSMUSG00000007030	157	253	206	213	34	70	67	45
ENSMUSG00000007033	162	98	84	88	9	11	3	6
ENSMUSG00000007034	84	70	44	44	18	13	0	3
ENSMUSG00000007035	147	194	219	268	18	16	14	27
ENSMUSG00000007036	75	38	56	86	11	9	4	5
ENSMUSG00000007038	75	33	59	63	11	17	8	9
ENSMUSG00000007039	1285	1449	605	637	192	233	100	74
ENSMUSG00000007041	120	162	322	320	10	10	19	16
ENSMUSG00000007050	44	92	80	78	9	19	25	27
ENSMUSG00000007080	45	42	79	49	1	0	5	13
ENSMUSG00000007097	36	42	58	54	3	6	3	2
ENSMUSG00000007107	166	87	63	159	15	38	38	32
ENSMUSG00000007122	67	63	84	52	4	3	9	16
ENSMUSG00000007207	16	36	43	73	5	0	8	11
ENSMUSG00000007209	650	747	580	848	137	38	65	71
ENSMUSG00000007216	116	111	87	70	12	8	10	5
ENSMUSG00000007279	65	55	94	22	3	13	12	7
ENSMUSG00000007338	915	890	793	1242	89	157	231	170
ENSMUSG00000007379	42	34	46	48	18	14	13	17
ENSMUSG00000007411	124	33	53	67	26	23	21	11
ENSMUSG00000007415	26	49	19	33	3	2	8	6
ENSMUSG00000007440	28	55	65	56	13	10	26	10
ENSMUSG00000007457	486	531	191	282	115	70	45	64
ENSMUSG00000007458	153	165	146	103	26	13	18	35
ENSMUSG00000007476	71	60	141	126	6	7	8	7
ENSMUSG00000007480	460	751	485	405	113	191	131	40
ENSMUSG00000007564	188	269	148	194	27	27	19	21
ENSMUSG00000007570	5	6	5	6	0	1	0	0
ENSMUSG00000007589	92	131	125	142	17	8	17	15
ENSMUSG00000007591	837	357	489	842	128	46	48	66
ENSMUSG00000007594	9	9	15	31	3	0	2	3
ENSMUSG00000007603	20	23	17	21	2	3	4	1
ENSMUSG00000007610	129	268	221	235	24	30	17	29
ENSMUSG00000007613	97	94	190	192	17	14	14	13
ENSMUSG00000007617	180	184	228	251	45	35	49	34
ENSMUSG00000007646	638	443	566	400	31	17	36	37
ENSMUSG00000007653	80	92	69	63	5	6	12	7
ENSMUSG00000007655	22	26	35	36	3	4	4	3
ENSMUSG00000007656	103	43	53	60	27	43	28	22
ENSMUSG00000007659	1161	1392	802	1167	128	71	91	103
ENSMUSG00000007670	42	81	144	94	12	33	27	25
ENSMUSG00000007682	91	89	168	372	5	8	25	7
ENSMUSG00000007721	93	158	98	68	29	33	23	17
ENSMUSG00000007739	175	302	162	203	29	15	30	53
ENSMUSG00000007777	25	29	48	30	5	3	12	16
ENSMUSG00000007783	99	74	52	67	21	31	9	10
ENSMUSG00000007805	25	37	34	25	6	3	3	6
ENSMUSG00000007812	205	208	391	360	24	19	47	33
ENSMUSG00000007815	149	145	197	101	6	16	7	5
ENSMUSG00000007817	44	29	25	34	4	3	3	1
ENSMUSG00000007827	277	366	564	823	22	34	27	39
ENSMUSG00000007833	60	118	124	92	27	15	12	6
ENSMUSG00000007836	17	10	26	24	3	3	5	1
ENSMUSG00000007837	119	112	58	120	31	29	29	34
ENSMUSG00000007850	88	136	64	112	5	7	6	2
ENSMUSG00000007867	140	77	148	146	24	10	15	13
ENSMUSG00000007872	27	72	60	100	1	8	3	7
ENSMUSG00000007877	270	344	167	244	74	53	63	71
ENSMUSG00000007880	223	91	177	155	33	35	20	20
ENSMUSG00000007888	31	33	18	26	2	2	1	1
ENSMUSG00000007891	165	75	98	178	20	10	8	19
ENSMUSG00000007892	15	10	10	4	3	2	0	1
ENSMUSG00000007907	6	19	4	11	2	0	1	1
ENSMUSG00000007908	110	72	61	120	9	5	14	18
ENSMUSG00000007944	108	77	79	214	35	24	18	36
ENSMUSG00000007946	440	710	295	679	34	44	135	69
ENSMUSG00000007950	139	150	97	92	10	14	9	6
ENSMUSG00000007987	12	22	38	18	2	1	0	5
ENSMUSG00000007989	61	57	44	41	12	8	4	11
ENSMUSG00000008028	110	76	72	96	7	18	11	4
ENSMUSG00000008035	127	115	102	183	11	33	28	27
ENSMUSG00000008036	116	134	71	102	17	18	27	8
ENSMUSG00000008090	138	137	202	159	9	11	2	4
ENSMUSG00000008129	51	36	52	57	6	6	3	2
ENSMUSG00000008136	145	180	61	229	29	46	41	37
ENSMUSG00000008140	274	257	409	931	33	21	48	55
ENSMUSG00000008153	479	742	588	506	17	11	25	50
ENSMUSG00000008167	205	155	216	172	9	16	24	18
ENSMUSG00000008193	148	119	175	192	12	17	23	24
ENSMUSG00000008200	219	133	257	157	28	29	14	33
ENSMUSG00000008206	44	34	53	64	8	8	6	6
ENSMUSG00000008226	205	240	363	395	26	23	33	25
ENSMUSG00000008301	242	155	244	230	34	64	29	24
ENSMUSG00000008305	695	1291	967	1276	158	269	189	180
ENSMUSG00000008307	302	159	283	224	24	20	6	16
ENSMUSG00000008318	400	534	428	623	30	44	43	55
ENSMUSG00000008333	136	144	98	105	25	24	5	9
ENSMUSG00000008348	36	48	33	49	4	1	1	1
ENSMUSG00000008373	154	137	134	90	6	14	6	12
ENSMUSG00000008384	89	205	252	211	18	8	25	26
ENSMUSG00000008393	360	285	215	95	39	26	41	30
ENSMUSG00000008398	475	466	363	378	13	46	24	29
ENSMUSG00000008429	198	141	354	240	45	25	64	72
ENSMUSG00000008435	57	40	23	36	5	3	0	1
ENSMUSG00000008438	583	442	382	280	30	25	25	39
ENSMUSG00000008450	57	42	62	49	6	8	6	7
ENSMUSG00000008461	22	21	43	42	11	5	1	4
ENSMUSG00000008475	237	113	190	336	20	29	57	59
ENSMUSG00000008482	172	156	145	161	15	28	8	22
ENSMUSG00000008489	548	732	167	454	214	200	112	83
ENSMUSG00000008496	114	179	123	134	30	30	27	17
ENSMUSG00000008540	957	1418	1386	1370	293	282	231	392
ENSMUSG00000008575	191	163	157	283	18	9	48	21
ENSMUSG00000008590	25	37	49	63	4	8	5	5
ENSMUSG00000008601	941	849	2395	2864	202	280	472	632
ENSMUSG00000008604	246	281	325	308	29	16	28	17
ENSMUSG00000008658	25	22	36	22	0	3	3	4
ENSMUSG00000008668	39	18	7	12	3	5	5	2
ENSMUSG00000008682	315	273	293	252	85	70	62	36
ENSMUSG00000008683	13	13	15	16	4	0	1	0
ENSMUSG00000008690	143	196	336	237	44	38	47	49
ENSMUSG00000008730	213	143	295	401	25	33	24	20
ENSMUSG00000008734	51	36	55	33	3	10	3	14
ENSMUSG00000008763	362	269	211	281	7	32	19	21
ENSMUSG00000008789	403	408	327	341	55	102	70	93
ENSMUSG00000008813	61	47	36	34	2	4	7	7
ENSMUSG00000008822	34	27	20	23	1	1	5	3
ENSMUSG00000008843	56	110	61	75	8	9	8	7
ENSMUSG00000008845	34	32	26	30	4	4	0	3
ENSMUSG00000008855	128	204	249	205	39	28	23	53
ENSMUSG00000008859	303	349	272	333	31	20	10	37
ENSMUSG00000008874	158	102	94	183	9	7	5	14
ENSMUSG00000008892	41	38	18	30	6	10	0	3
ENSMUSG00000008932	275	198	148	125	14	32	37	36
ENSMUSG00000008958	25	28	28	36	2	2	2	2
ENSMUSG00000008976	25	37	18	20	2	1	0	4
ENSMUSG00000008999	211	265	178	553	35	53	50	57
ENSMUSG00000009013	6	6	13	14	0	0	2	2
ENSMUSG00000009030	380	291	208	255	91	46	72	87
ENSMUSG00000009035	157	105	85	79	35	13	8	13
ENSMUSG00000009047	45	68	54	93	6	7	9	8
ENSMUSG00000009070	290	329	172	261	40	35	45	45
ENSMUSG00000009073	104	56	62	88	6	4	13	9
ENSMUSG00000009075	30	25	47	44	2	2	6	2
ENSMUSG00000009076	468	279	159	109	39	49	25	27
ENSMUSG00000009079	396	562	296	286	63	54	48	44
ENSMUSG00000009090	43	37	191	189	6	4	12	23
ENSMUSG00000009092	184	141	68	77	10	12	16	14
ENSMUSG00000009093	39	61	57	59	13	5	9	19
ENSMUSG00000009097	261	271	770	426	26	65	151	85
ENSMUSG00000009108	1015	739	811	1009	166	156	83	71
ENSMUSG00000009112	175	239	260	410	26	39	44	73
ENSMUSG00000009114	169	190	98	52	15	16	30	16
ENSMUSG00000009115	68	60	45	98	6	18	7	11
ENSMUSG00000009145	70	56	82	70	3	6	6	6
ENSMUSG00000009185	253	334	249	189	24	27	17	19
ENSMUSG00000009207	50	53	72	54	13	14	7	7
ENSMUSG00000009210	702	783	1827	1463	53	77	165	152
ENSMUSG00000009214	320	511	429	333	73	87	32	33
ENSMUSG00000009216	43	39	16	23	6	2	3	4
ENSMUSG00000009246	469	263	248	259	119	139	114	103
ENSMUSG00000009248	272	110	305	351	27	24	17	40
ENSMUSG00000009281	10	18	9	14	1	1	0	2
ENSMUSG00000009291	176	91	50	60	20	27	15	19
ENSMUSG00000009292	32	38	52	57	10	2	5	4
ENSMUSG00000009293	42	45	82	162	4	7	5	6
ENSMUSG00000009350	744	479	1337	782	93	70	153	110
ENSMUSG00000009356	67	164	71	65	7	19	13	27
ENSMUSG00000009376	18	8	16	20	5	3	1	1
ENSMUSG00000009378	108	104	225	79	23	23	12	23
ENSMUSG00000009394	257	146	91	155	26	36	31	40
ENSMUSG00000009406	68	60	117	83	7	13	2	11
ENSMUSG00000009418	341	402	197	362	14	15	11	6
ENSMUSG00000009470	64	65	41	66	2	7	3	5
ENSMUSG00000009471	23	22	13	11	0	0	1	2
ENSMUSG00000009487	51	46	87	63	3	10	10	4
ENSMUSG00000009535	5	12	16	23	1	1	1	2
ENSMUSG00000009545	33	20	23	26	3	0	1	3
ENSMUSG00000009549	187	212	176	134	27	18	27	24
ENSMUSG00000009551	50	56	111	50	11	14	14	18
ENSMUSG00000009555	110	66	53	39	11	9	16	4
ENSMUSG00000009563	189	257	149	178	18	13	33	22
ENSMUSG00000009566	458	352	1633	1189	44	55	84	65
ENSMUSG00000009569	224	190	214	129	51	31	74	41
ENSMUSG00000009575	167	117	78	182	38	14	16	8
ENSMUSG00000009580	311	254	141	129	11	38	17	27
ENSMUSG00000009585	95	60	84	62	9	5	16	25
ENSMUSG00000009588	295	306	434	259	37	29	59	16
ENSMUSG00000009596	150	173	194	290	9	18	7	4
ENSMUSG00000009614	40	27	74	69	6	7	2	1
ENSMUSG00000009621	102	63	61	99	2	6	4	5
ENSMUSG00000009628	106	128	64	61	11	14	18	10
ENSMUSG00000009630	34	47	24	12	2	4	1	2
ENSMUSG00000009633	108	127	50	84	21	15	8	12
ENSMUSG00000009640	283	405	250	156	27	56	61	158
ENSMUSG00000009646	325	161	178	251	44	47	47	41
ENSMUSG00000009647	25	26	62	96	9	6	8	10
ENSMUSG00000009654	221	147	156	167	27	18	15	23
ENSMUSG00000009670	7	11	9	18	2	3	4	2
ENSMUSG00000009681	195	141	414	230	17	30	25	31
ENSMUSG00000009687	55	39	63	40	3	2	2	4
ENSMUSG00000009731	58	97	187	143	7	18	12	11
ENSMUSG00000009733	33	47	40	20	4	2	4	6
ENSMUSG00000009734	11	27	25	24	6	5	14	1
ENSMUSG00000009739	25	14	22	21	1	3	3	3
ENSMUSG00000009741	1444	1740	1471	1140	106	93	180	54
ENSMUSG00000009772	264	195	229	281	33	20	32	11
ENSMUSG00000009828	289	173	417	415	39	45	45	71
ENSMUSG00000009863	254	220	190	153	85	60	52	42
ENSMUSG00000009876	233	178	325	330	69	106	37	34
ENSMUSG00000009894	80	92	52	100	6	5	5	7
ENSMUSG00000009900	443	180	401	243	33	23	15	12
ENSMUSG00000009905	447	541	505	614	30	40	38	45
ENSMUSG00000009907	30	78	149	97	8	5	24	24
ENSMUSG00000009927	224	128	263	201	65	49	49	58
ENSMUSG00000009941	437	349	672	714	56	38	69	63
ENSMUSG00000009995	64	114	34	28	33	35	2	2
ENSMUSG00000010021	63	72	108	137	4	0	9	5
ENSMUSG00000010025	79	73	90	78	5	13	3	8
ENSMUSG00000010044	178	214	123	192	17	4	12	12
ENSMUSG00000010045	424	783	1174	1064	106	201	189	133
ENSMUSG00000010047	56	80	42	22	23	16	5	8
ENSMUSG00000010048	432	399	477	192	100	56	49	71
ENSMUSG00000010051	19	43	62	31	9	9	8	3
ENSMUSG00000010054	498	241	279	257	27	42	27	49
ENSMUSG00000010057	99	81	36	77	7	3	5	1
ENSMUSG00000010064	151	105	195	146	23	22	33	19
ENSMUSG00000010066	26	30	19	30	2	3	6	12
ENSMUSG00000010067	310	170	451	118	47	40	27	31
ENSMUSG00000010080	230	76	145	210	9	7	9	5
ENSMUSG00000010086	545	401	619	646	31	55	31	30
ENSMUSG00000010095	40	122	80	212	15	5	9	9
ENSMUSG00000010097	408	323	498	349	12	9	11	16
ENSMUSG00000010110	286	242	272	367	52	52	64	51
ENSMUSG00000010122	102	69	86	114	18	5	10	19
ENSMUSG00000010136	716	1005	556	598	44	109	70	43
ENSMUSG00000010142	53	70	119	39	8	9	9	13
ENSMUSG00000010154	9	5	6	10	0	1	0	1
ENSMUSG00000010175	45	31	30	42	2	4	2	3
ENSMUSG00000010205	272	168	256	333	35	48	59	35
ENSMUSG00000010277	23	30	20	24	1	1	3	6
ENSMUSG00000010290	114	135	125	68	18	37	4	10
ENSMUSG00000010307	233	338	168	221	16	23	23	26
ENSMUSG00000010311	433	549	344	625	83	121	92	56
ENSMUSG00000010342	133	107	137	119	34	53	31	45
ENSMUSG00000010358	20	7	16	10	5	5	3	5
ENSMUSG00000010362	202	233	62	66	34	37	9	22
ENSMUSG00000010376	10	12	24	9	1	0	2	0
ENSMUSG00000010392	54	65	86	72	13	14	17	10
ENSMUSG00000010406	32	47	40	41	3	8	15	6
ENSMUSG00000010435	157	98	115	61	11	24	15	7
ENSMUSG00000010453	164	191	178	116	39	31	10	11
ENSMUSG00000010461	139	182	448	301	17	15	32	36
ENSMUSG00000010476	77	72	44	47	4	10	9	8
ENSMUSG00000010492	213	178	175	252	46	56	47	29
ENSMUSG00000010505	8	6	9	5	1	3	0	1
ENSMUSG00000010517	153	228	139	145	14	25	14	17
ENSMUSG00000010529	54	36	37	42	5	15	4	1
ENSMUSG00000010538	118	192	164	127	12	46	61	48
ENSMUSG00000010554	862	423	1314	1084	13	18	34	31
ENSMUSG00000010592	25	26	50	57	11	6	4	15
ENSMUSG00000010601	88	168	187	126	6	3	4	9
ENSMUSG00000010607	45	51	60	62	2	3	9	6
ENSMUSG00000010608	70	77	106	59	25	29	39	38
ENSMUSG00000010609	114	61	59	31	10	7	12	10
ENSMUSG00000010651	95	76	63	77	1	3	0	3
ENSMUSG00000010660	139	198	183	105	31	26	14	8
ENSMUSG00000010663	59	61	64	56	11	7	1	3
ENSMUSG00000010721	130	126	187	124	7	18	19	17
ENSMUSG00000010751	158	185	153	135	16	10	21	13
ENSMUSG00000010755	13	6	10	16	4	3	3	4
ENSMUSG00000010760	50	61	53	35	6	10	9	10
ENSMUSG00000010796	618	771	1044	654	49	28	36	72
ENSMUSG00000010797	161	199	149	100	26	18	23	30
ENSMUSG00000010803	153	212	133	89	15	11	3	5
ENSMUSG00000010825	86	69	119	73	23	11	9	13
ENSMUSG00000010830	13	13	24	20	1	2	0	2
ENSMUSG00000010841	102	101	113	141	13	13	0	5
ENSMUSG00000010911	200	143	127	131	3	4	2	2
ENSMUSG00000010914	207	311	245	246	44	39	67	104
ENSMUSG00000010936	22	69	31	47	6	4	8	1
ENSMUSG00000011008	214	143	169	261	13	24	0	2
ENSMUSG00000011034	172	114	100	122	24	19	27	49
ENSMUSG00000011096	169	64	160	76	8	6	30	14
ENSMUSG00000011114	225	265	265	333	27	27	4	11
ENSMUSG00000011118	98	101	101	88	16	12	37	38
ENSMUSG00000011148	45	29	35	21	2	8	2	0
ENSMUSG00000011154	60	109	87	140	24	31	9	14
ENSMUSG00000011158	81	70	72	70	7	18	12	16
ENSMUSG00000011171	65	76	36	35	12	4	12	4
ENSMUSG00000011179	152	246	153	151	22	16	33	26
ENSMUSG00000011254	124	279	273	357	36	18	37	53
ENSMUSG00000011256	68	93	66	68	13	6	11	9
ENSMUSG00000011257	97	103	129	124	14	12	20	23
ENSMUSG00000011263	180	96	138	106	23	30	12	25
ENSMUSG00000011267	39	61	52	64	4	7	9	1
ENSMUSG00000011305	218	193	148	148	22	32	24	16
ENSMUSG00000011306	298	298	526	536	40	41	91	99
ENSMUSG00000011349	360	399	339	258	83	117	86	58
ENSMUSG00000011350	203	392	463	459	27	35	62	38
ENSMUSG00000011382	282	198	263	251	25	32	24	20
ENSMUSG00000011427	477	433	490	463	36	20	17	32
ENSMUSG00000011463	147	128	224	176	18	32	47	18
ENSMUSG00000011486	111	139	56	141	2	15	1	5
ENSMUSG00000011589	186	250	117	156	66	47	108	37
ENSMUSG00000011632	33	35	73	57	8	3	2	5
ENSMUSG00000011658	28	24	18	12	9	6	0	5
ENSMUSG00000011751	12	23	18	8	2	0	3	2
ENSMUSG00000011752	52	37	53	65	4	5	10	6
ENSMUSG00000011831	45	54	54	43	2	6	9	11
ENSMUSG00000011832	39	86	82	28	11	14	20	34
ENSMUSG00000011837	180	320	730	880	27	33	100	40
ENSMUSG00000011877	110	135	53	116	5	10	6	10
ENSMUSG00000011884	1411	1474	977	1808	174	250	405	429
ENSMUSG00000011958	340	304	422	370	35	26	26	49
ENSMUSG00000011960	378	403	487	356	26	29	27	16
ENSMUSG00000012017	48	72	134	131	3	12	11	4
ENSMUSG00000012042	36	93	64	37	16	8	9	9
ENSMUSG00000012076	955	954	649	824	40	48	42	49
ENSMUSG00000012114	25	52	34	38	8	12	12	6
ENSMUSG00000012117	74	25	47	53	5	2	7	12
ENSMUSG00000012123	62	33	72	53	11	9	11	0
ENSMUSG00000012126	29	20	13	11	2	3	4	3
ENSMUSG00000012187	216	296	117	111	42	22	16	27
ENSMUSG00000012211	34	64	32	81	2	3	5	5
ENSMUSG00000012282	151	138	195	84	12	15	16	26
ENSMUSG00000012296	26	48	18	26	2	0	3	7
ENSMUSG00000012350	89	138	274	213	62	50	48	65
ENSMUSG00000012396	379	312	269	126	44	35	56	65
ENSMUSG00000012405	69	71	84	58	7	6	3	6
ENSMUSG00000012422	14	34	18	17	6	1	6	3
ENSMUSG00000012428	25	23	10	34	0	2	4	2
ENSMUSG00000012429	58	60	121	124	8	7	7	3
ENSMUSG00000012443	75	114	102	35	11	9	6	2
ENSMUSG00000012483	44	38	28	30	1	3	5	5
ENSMUSG00000012519	71	56	112	85	5	5	7	3
ENSMUSG00000012520	35	23	23	44	4	3	4	1
ENSMUSG00000012535	514	294	714	463	25	42	69	73
ENSMUSG00000012609	40	103	99	110	17	12	12	10
ENSMUSG00000012640	293	186	284	256	33	43	50	53
ENSMUSG00000012705	143	93	114	45	18	10	17	9
ENSMUSG00000012777	56	50	124	93	6	3	6	8
ENSMUSG00000012819	7	7	8	4	0	1	1	0
ENSMUSG00000012848	43	89	77	80	6	8	3	7
ENSMUSG00000012889	382	135	486	243	14	37	20	29
ENSMUSG00000013033	52	35	14	15	0	5	2	3
ENSMUSG00000013076	55	67	36	74	7	9	5	3
ENSMUSG00000013083	59	174	49	126	2	9	3	3
ENSMUSG00000013089	54	80	86	140	18	24	10	18
ENSMUSG00000013091	108	81	105	75	8	13	12	11
ENSMUSG00000013150	50	42	30	55	5	9	6	6
ENSMUSG00000013155	75	163	106	206	28	28	22	29
ENSMUSG00000013158	1143	2843	2222	1371	272	210	332	353
ENSMUSG00000013160	4	7	5	8	1	0	1	0
ENSMUSG00000013236	306	247	295	253	26	27	13	12
ENSMUSG00000013275	295	273	225	416	27	18	11	19
ENSMUSG00000013338	46	63	43	41	7	1	2	2
ENSMUSG00000013353	166	139	94	210	9	12	8	15
ENSMUSG00000013367	327	448	411	238	27	27	49	31
ENSMUSG00000013415	94	138	92	76	10	18	26	31
ENSMUSG00000013418	225	377	251	324	32	20	19	26
ENSMUSG00000013419	89	64	140	86	11	5	10	25
ENSMUSG00000013465	660	778	1495	554	274	265	279	136
ENSMUSG00000013483	149	102	193	140	15	21	11	34
ENSMUSG00000013495	332	185	322	145	71	53	103	74
ENSMUSG00000013523	218	131	185	104	43	36	33	32
ENSMUSG00000013539	171	236	73	105	9	16	4	9
ENSMUSG00000013562	96	165	140	159	35	15	25	21
ENSMUSG00000013584	640	446	343	440	27	69	21	22
ENSMUSG00000013593	125	57	72	80	5	8	4	7
ENSMUSG00000013611	100	111	52	99	17	7	9	2
ENSMUSG00000013622	59	78	40	35	0	6	2	5
ENSMUSG00000013629	87	131	130	85	1	7	3	4
ENSMUSG00000013643	150	129	70	100	17	7	7	14
ENSMUSG00000013646	85	75	81	93	19	10	12	26
ENSMUSG00000013653	73	108	30	19	3	9	5	4
ENSMUSG00000013662	314	330	194	131	55	45	46	26
ENSMUSG00000013663	77	38	237	293	10	9	19	35
ENSMUSG00000013668	112	95	80	111	10	10	7	13
ENSMUSG00000013698	11	22	25	32	6	6	3	3
ENSMUSG00000013701	215	118	155	73	17	17	12	9
ENSMUSG00000013707	21	41	26	16	3	8	4	7
ENSMUSG00000013736	76	61	89	23	15	19	8	7
ENSMUSG00000013766	459	244	418	290	189	127	210	119
ENSMUSG00000013787	57	101	204	154	10	13	9	10
ENSMUSG00000013822	116	132	68	257	15	14	16	11
ENSMUSG00000013833	35	55	62	69	6	9	10	3
ENSMUSG00000013846	993	1092	855	566	90	76	40	84
ENSMUSG00000013858	29	48	27	18	11	5	2	4
ENSMUSG00000013878	12	7	12	7	0	5	1	1
ENSMUSG00000013921	352	388	289	466	47	41	21	21
ENSMUSG00000013928	201	275	409	358	29	33	86	76
ENSMUSG00000013936	74	66	43	68	10	25	12	5
ENSMUSG00000013973	60	40	28	94	12	7	6	5
ENSMUSG00000013974	14	8	16	10	3	3	2	1
ENSMUSG00000013997	113	89	112	102	17	26	19	23
ENSMUSG00000014030	62	47	91	89	9	15	24	26
ENSMUSG00000014039	72	113	180	107	8	5	11	18
ENSMUSG00000014074	46	73	31	29	7	10	5	6
ENSMUSG00000014075	301	364	554	508	81	71	57	89
ENSMUSG00000014077	434	295	292	293	60	95	73	42
ENSMUSG00000014104	198	285	474	431	12	25	23	13
ENSMUSG00000014158	200	162	241	195	25	39	43	58
ENSMUSG00000014164	209	172	211	146	8	5	18	4
ENSMUSG00000014177	319	290	303	394	35	25	37	23
ENSMUSG00000014195	116	74	263	280	5	3	8	15
ENSMUSG00000014198	49	28	69	53	5	2	4	8
ENSMUSG00000014226	368	260	345	441	23	39	23	22
ENSMUSG00000014232	157	241	152	208	27	24	28	16
ENSMUSG00000014243	202	459	354	196	55	41	39	44
ENSMUSG00000014245	983	1306	662	889	64	156	123	127
ENSMUSG00000014294	247	166	171	222	30	14	11	13
ENSMUSG00000014301	109	108	57	71	16	5	4	0
ENSMUSG00000014303	18	4	17	11	1	0	0	0
ENSMUSG00000014313	116	120	64	133	42	35	65	52
ENSMUSG00000014329	77	62	83	39	8	7	7	6
ENSMUSG00000014349	84	40	186	190	2	4	8	5
ENSMUSG00000014351	45	52	100	47	18	9	18	16
ENSMUSG00000014353	117	169	290	166	20	15	10	9
ENSMUSG00000014355	3318	2937	3795	4087	252	179	199	379
ENSMUSG00000014361	238	365	307	471	80	96	89	76
ENSMUSG00000014402	152	135	135	120	16	9	26	22
ENSMUSG00000014418	942	752	657	598	228	104	496	275
ENSMUSG00000014426	114	89	93	113	22	15	21	13
ENSMUSG00000014444	12	13	67	44	1	0	3	3
ENSMUSG00000014453	52	56	68	75	9	7	4	8
ENSMUSG00000014470	335	725	716	507	100	85	114	96
ENSMUSG00000014496	187	145	137	88	44	38	12	9
ENSMUSG00000014498	511	101	497	383	60	60	22	41
ENSMUSG00000014503	20	15	13	11	1	1	1	9
ENSMUSG00000014504	29	11	22	30	8	8	1	2
ENSMUSG00000014529	390	347	450	534	120	79	131	71
ENSMUSG00000014542	1582	842	779	996	68	41	92	66
ENSMUSG00000014543	190	90	85	190	23	18	40	29
ENSMUSG00000014547	28	32	93	102	1	2	4	5
ENSMUSG00000014550	2717	2006	2262	1232	187	240	199	286
ENSMUSG00000014551	41	45	20	47	1	1	1	1
ENSMUSG00000014554	589	386	855	437	19	37	37	29
ENSMUSG00000014592	13	18	12	29	4	1	3	5
ENSMUSG00000014599	218	236	227	199	18	8	8	7
ENSMUSG00000014601	76	186	167	248	14	12	9	9
ENSMUSG00000014602	49	33	56	45	6	3	7	3
ENSMUSG00000014603	48	34	49	42	3	4	8	5
ENSMUSG00000014606	942	531	845	690	93	112	133	69
ENSMUSG00000014609	62	138	68	57	9	7	13	7
ENSMUSG00000014633	84	74	125	100	37	15	11	18
ENSMUSG00000014668	145	111	209	114	16	17	14	12
ENSMUSG00000014686	204	134	338	214	23	28	44	37
ENSMUSG00000014704	15	54	15	9	0	2	4	0
ENSMUSG00000014725	59	44	25	48	9	8	3	4
ENSMUSG00000014747	30	13	17	24	4	4	4	3
ENSMUSG00000014748	43	82	80	57	2	4	3	2
ENSMUSG00000014763	28	27	31	18	14	10	5	2
ENSMUSG00000014767	31	44	48	32	13	10	11	9
ENSMUSG00000014769	183	174	175	149	4	8	6	3
ENSMUSG00000014771	114	235	100	138	38	36	24	21
ENSMUSG00000014773	61	25	30	17	0	1	1	2
ENSMUSG00000014776	45	89	28	37	14	7	12	10
ENSMUSG00000014778	228	232	235	234	44	40	60	95
ENSMUSG00000014782	132	104	108	106	25	24	15	19
ENSMUSG00000014786	145	232	196	229	32	29	27	51
ENSMUSG00000014791	30	24	23	11	4	2	1	2
ENSMUSG00000014813	35	36	30	29	9	5	4	2
ENSMUSG00000014837	141	72	167	90	16	15	22	30
ENSMUSG00000014846	18	22	56	40	9	10	8	7
ENSMUSG00000014850	281	392	273	233	11	13	35	16
ENSMUSG00000014852	359	135	117	168	20	21	63	67
ENSMUSG00000014856	141	110	72	68	16	6	10	9
ENSMUSG00000014859	99	186	102	119	19	22	21	8
ENSMUSG00000014867	351	367	439	434	42	63	28	27
ENSMUSG00000014873	70	52	50	52	12	14	9	19
ENSMUSG00000014905	48	69	31	49	0	5	4	4
ENSMUSG00000014907	105	106	126	94	11	7	19	31
ENSMUSG00000014932	64	74	66	63	7	4	7	4
ENSMUSG00000014956	38	38	49	34	2	7	7	5
ENSMUSG00000014959	125	55	60	76	5	5	4	10
ENSMUSG00000014980	170	108	210	158	10	9	34	82
ENSMUSG00000015001	38	32	21	37	10	2	1	4
ENSMUSG00000015002	68	99	116	90	17	28	18	19
ENSMUSG00000015013	315	253	325	303	70	13	28	11
ENSMUSG00000015016	108	125	86	62	12	8	16	10
ENSMUSG00000015023	620	436	494	449	73	48	100	66
ENSMUSG00000015027	79	131	63	65	28	39	7	9
ENSMUSG00000015053	134	115	136	107	26	19	17	24
ENSMUSG00000015083	27	55	16	13	2	7	9	9
ENSMUSG00000015085	42	64	51	65	9	2	3	5
ENSMUSG00000015087	122	118	145	116	27	27	24	14
ENSMUSG00000015090	563	424	1670	871	36	41	103	107
ENSMUSG00000015092	19	21	32	17	4	3	5	1
ENSMUSG00000015093	121	119	155	60	8	8	29	20
ENSMUSG00000015094	232	281	266	295	34	27	49	30
ENSMUSG00000015095	91	90	130	112	6	4	13	7
ENSMUSG00000015112	191	180	220	346	11	6	10	10
ENSMUSG00000015120	478	434	114	155	97	63	56	26
ENSMUSG00000015126	27	35	44	68	15	5	8	11
ENSMUSG00000015127	66	137	185	142	8	2	2	10
ENSMUSG00000015133	76	35	45	95	9	18	10	13
ENSMUSG00000015134	153	180	248	214	14	10	38	26
ENSMUSG00000015143	1916	930	435	278	91	74	29	28
ENSMUSG00000015149	19	22	11	17	6	2	3	6
ENSMUSG00000015165	41	67	40	52	9	2	4	7
ENSMUSG00000015176	175	299	140	192	12	13	11	15
ENSMUSG00000015189	629	799	365	372	43	67	54	61
ENSMUSG00000015202	725	255	311	273	134	118	139	122
ENSMUSG00000015214	61	82	76	139	4	8	12	6
ENSMUSG00000015217	46	47	48	75	8	12	7	14
ENSMUSG00000015222	282	452	297	396	31	55	47	43
ENSMUSG00000015224	359	385	220	340	28	37	33	38
ENSMUSG00000015242	123	107	175	183	7	8	16	6
ENSMUSG00000015243	190	118	78	133	45	36	23	23
ENSMUSG00000015247	371	623	465	639	51	56	92	49
ENSMUSG00000015289	172	158	151	116	13	39	17	12
ENSMUSG00000015290	82	38	17	47	9	9	4	8
ENSMUSG00000015291	94	170	122	256	12	13	15	12
ENSMUSG00000015305	98	83	104	196	3	9	10	9
ENSMUSG00000015312	24	13	37	31	0	1	2	5
ENSMUSG00000015314	429	343	272	253	103	65	26	22
ENSMUSG00000015316	329	455	268	281	45	42	10	27
ENSMUSG00000015335	63	36	56	23	6	8	5	6
ENSMUSG00000015337	128	247	416	436	41	33	73	33
ENSMUSG00000015340	118	115	118	72	5	8	22	27
ENSMUSG00000015341	118	124	357	518	10	12	69	69
ENSMUSG00000015342	583	499	639	582	88	119	81	196
ENSMUSG00000015354	137	207	290	224	32	19	11	30
ENSMUSG00000015355	160	88	90	190	14	13	6	8
ENSMUSG00000015357	125	144	160	190	22	25	29	28
ENSMUSG00000015363	45	49	64	99	22	16	25	40
ENSMUSG00000015365	236	186	345	327	16	11	20	8
ENSMUSG00000015377	42	65	196	170	6	4	19	19
ENSMUSG00000015396	55	57	52	69	8	2	5	8
ENSMUSG00000015401	813	770	700	339	125	86	110	119
ENSMUSG00000015405	182	148	182	124	14	14	7	15
ENSMUSG00000015437	80	87	173	287	13	14	49	53
ENSMUSG00000015441	673	644	445	505	191	200	333	154
ENSMUSG00000015443	841	1105	1617	2026	104	74	204	241
ENSMUSG00000015451	149	207	194	116	14	25	13	8
ENSMUSG00000015452	319	676	1038	999	40	32	115	59
ENSMUSG00000015461	62	103	82	169	21	27	22	9
ENSMUSG00000015467	66	52	28	46	5	2	5	1
ENSMUSG00000015468	79	125	365	308	19	24	31	15
ENSMUSG00000015474	28	27	15	25	0	1	3	3
ENSMUSG00000015476	30	45	30	46	1	2	0	0
ENSMUSG00000015478	30	45	31	46	2	2	6	6
ENSMUSG00000015484	530	405	200	205	109	83	26	27
ENSMUSG00000015488	68	55	72	63	8	8	6	6
ENSMUSG00000015501	31	33	58	60	3	2	6	4
ENSMUSG00000015519	29	25	28	14	4	3	2	5
ENSMUSG00000015522	19	20	37	41	3	2	2	1
ENSMUSG00000015533	50	45	35	41	7	9	4	9
ENSMUSG00000015536	172	237	123	203	17	13	8	12
ENSMUSG00000015542	94	107	141	247	6	6	8	16
ENSMUSG00000015568	134	97	137	133	14	28	17	23
ENSMUSG00000015575	113	85	139	169	7	6	15	11
ENSMUSG00000015579	25	33	75	33	9	9	12	25
ENSMUSG00000015597	171	391	501	264	60	38	61	35
ENSMUSG00000015599	37	38	50	32	3	3	1	1
ENSMUSG00000015605	53	64	54	92	18	9	17	28
ENSMUSG00000015619	47	44	84	67	7	7	9	9
ENSMUSG00000015627	320	518	372	201	90	53	162	179
ENSMUSG00000015647	143	82	38	83	8	6	5	9
ENSMUSG00000015652	59	86	65	68	13	20	9	10
ENSMUSG00000015653	186	141	193	228	18	14	7	9
ENSMUSG00000015656	296	179	147	156	20	24	13	23
ENSMUSG00000015659	281	543	420	515	62	77	99	116
ENSMUSG00000015665	97	92	69	42	15	5	13	6
ENSMUSG00000015668	39	56	36	55	8	2	5	5
ENSMUSG00000015671	27	32	28	14	3	3	3	1
ENSMUSG00000015672	175	210	169	208	10	9	4	5
ENSMUSG00000015697	56	42	45	68	10	9	11	8
ENSMUSG00000015702	136	217	80	82	22	53	12	12
ENSMUSG00000015709	158	167	177	135	7	20	21	39
ENSMUSG00000015711	81	53	71	62	6	9	16	5
ENSMUSG00000015714	23	47	22	36	4	7	1	0
ENSMUSG00000015721	78	45	23	26	6	8	2	7
ENSMUSG00000015733	117	55	68	39	19	10	18	13
ENSMUSG00000015745	136	146	90	76	14	10	11	11
ENSMUSG00000015747	287	536	651	389	100	112	67	98
ENSMUSG00000015748	57	33	71	39	15	18	10	10
ENSMUSG00000015749	57	69	34	29	5	3	6	5
ENSMUSG00000015750	89	102	63	52	23	9	52	92
ENSMUSG00000015755	134	153	115	97	10	11	11	11
ENSMUSG00000015757	289	269	259	462	14	24	18	21
ENSMUSG00000015759	13	11	18	7	2	1	2	1
ENSMUSG00000015766	38	47	71	31	3	2	1	3
ENSMUSG00000015776	324	393	276	395	33	44	37	21
ENSMUSG00000015787	319	379	459	326	26	46	50	28
ENSMUSG00000015790	44	151	181	96	6	20	15	21
ENSMUSG00000015804	76	105	59	124	12	4	1	5
ENSMUSG00000015806	434	360	339	184	36	36	33	24
ENSMUSG00000015812	43	60	38	47	13	10	13	8
ENSMUSG00000015829	139	118	171	125	7	19	8	13
ENSMUSG00000015837	33	60	103	85	14	10	12	12
ENSMUSG00000015839	88	181	45	60	7	14	7	6
ENSMUSG00000015843	31	56	36	28	0	5	5	1
ENSMUSG00000015846	214	173	331	164	24	20	22	24
ENSMUSG00000015850	89	91	97	90	7	2	6	20
ENSMUSG00000015852	181	221	445	436	25	25	106	68
ENSMUSG00000015854	377	870	545	648	173	122	36	68
ENSMUSG00000015869	568	797	800	540	86	63	51	73
ENSMUSG00000015879	61	57	44	39	8	4	9	4
ENSMUSG00000015880	114	229	143	180	17	20	16	11
ENSMUSG00000015882	76	86	30	60	16	30	22	19
ENSMUSG00000015889	66	105	106	91	5	1	18	11
ENSMUSG00000015890	43	53	58	56	9	2	6	5
ENSMUSG00000015932	1185	1192	1568	1339	269	223	432	174
ENSMUSG00000015937	360	226	677	406	30	54	42	29
ENSMUSG00000015942	47	34	47	43	3	5	0	1
ENSMUSG00000015943	190	144	94	126	10	14	7	8
ENSMUSG00000015944	178	240	152	174	36	30	27	15
ENSMUSG00000015947	195	196	148	175	6	5	17	10
ENSMUSG00000015950	195	326	254	165	33	32	26	20
ENSMUSG00000015957	1000	1608	1917	790	106	155	200	153
ENSMUSG00000015961	207	145	441	322	7	14	27	28
ENSMUSG00000015962	40	17	19	14	15	13	19	22
ENSMUSG00000015966	90	78	83	66	14	16	14	20
ENSMUSG00000015968	16	13	20	7	6	8	8	9
ENSMUSG00000015970	160	181	396	518	4	11	19	21
ENSMUSG00000015971	92	117	137	84	9	14	13	6
ENSMUSG00000015980	441	231	483	641	59	24	48	52
ENSMUSG00000015981	508	682	273	376	63	59	102	92
ENSMUSG00000015994	741	905	647	456	87	139	144	211
ENSMUSG00000016018	108	182	168	243	16	18	38	30
ENSMUSG00000016024	1065	645	927	1364	107	123	130	97
ENSMUSG00000016028	824	510	568	625	75	41	29	12
ENSMUSG00000016087	61	36	52	56	9	11	10	9
ENSMUSG00000016128	110	134	45	64	14	11	0	3
ENSMUSG00000016150	233	221	124	132	18	24	16	16
ENSMUSG00000016179	56	96	65	71	5	3	2	4
ENSMUSG00000016181	67	128	234	236	9	10	29	23
ENSMUSG00000016194	53	70	63	80	12	25	31	20
ENSMUSG00000016200	264	211	333	100	9	9	12	16
ENSMUSG00000016206	129	189	154	135	33	16	25	30
ENSMUSG00000016239	394	324	352	504	51	27	16	11
ENSMUSG00000016252	93	63	105	49	8	2	6	3
ENSMUSG00000016253	531	446	212	182	28	19	23	14
ENSMUSG00000016255	82	119	133	72	31	32	23	32
ENSMUSG00000016256	61	101	111	118	2	1	2	6
ENSMUSG00000016257	50	39	62	51	5	5	5	5
ENSMUSG00000016262	223	229	367	449	24	31	43	27
ENSMUSG00000016283	845	1078	1630	3301	219	306	369	391
ENSMUSG00000016308	44	75	59	93	3	9	3	3
ENSMUSG00000016319	83	49	61	88	31	14	10	15
ENSMUSG00000016327	162	113	68	89	20	11	10	4
ENSMUSG00000016344	119	101	157	153	9	8	10	7
ENSMUSG00000016346	392	579	444	624	92	75	73	91
ENSMUSG00000016349	48	32	51	36	2	3	6	7
ENSMUSG00000016356	98	221	172	276	12	10	8	9
ENSMUSG00000016382	84	86	62	58	16	7	13	5
ENSMUSG00000016386	79	108	20	59	11	26	18	10
ENSMUSG00000016409	115	149	62	54	12	9	8	8
ENSMUSG00000016427	241	191	204	176	15	14	29	25
ENSMUSG00000016458	69	81	66	93	8	13	2	7
ENSMUSG00000016477	405	322	177	417	19	14	7	3
ENSMUSG00000016481	246	189	249	145	42	57	35	27
ENSMUSG00000016487	529	383	163	275	29	44	20	18
ENSMUSG00000016493	89	108	116	93	6	6	1	8
ENSMUSG00000016494	131	97	169	102	10	16	5	6
ENSMUSG00000016495	99	109	143	182	5	8	12	5
ENSMUSG00000016496	55	63	33	68	2	1	2	4
ENSMUSG00000016498	437	419	843	246	29	35	32	38
ENSMUSG00000016503	187	130	70	86	41	47	25	23
ENSMUSG00000016510	167	60	81	135	25	15	7	12
ENSMUSG00000016520	2039	865	689	1222	121	116	104	111
ENSMUSG00000016524	164	123	202	242	18	38	14	9
ENSMUSG00000016526	196	221	153	127	12	8	7	9
ENSMUSG00000016528	55	43	75	74	5	5	4	8
ENSMUSG00000016529	35	20	46	34	1	4	1	0
ENSMUSG00000016534	47	42	19	36	7	4	0	0
ENSMUSG00000016541	104	133	117	68	13	14	26	20
ENSMUSG00000016552	294	262	186	168	29	16	5	7
ENSMUSG00000016554	62	28	45	18	0	0	0	2
ENSMUSG00000016559	81	92	70	94	28	33	12	7
ENSMUSG00000016619	160	198	109	173	34	42	29	29
ENSMUSG00000016624	24	19	4	14	0	2	2	2
ENSMUSG00000016626	86	104	92	68	36	14	19	13
ENSMUSG00000016637	92	118	182	101	14	10	0	11
ENSMUSG00000016664	63	78	47	43	14	6	8	8
ENSMUSG00000016756	129	214	120	88	20	24	14	14
ENSMUSG00000016757	84	87	71	52	12	25	19	7
ENSMUSG00000016758	135	120	90	67	19	17	42	33
ENSMUSG00000016763	40	44	48	34	3	5	1	4
ENSMUSG00000016831	83	39	44	58	5	4	7	12
ENSMUSG00000016833	43	29	103	50	9	8	15	17
ENSMUSG00000016918	318	345	495	390	78	40	53	67
ENSMUSG00000016921	408	231	701	341	37	44	33	76
ENSMUSG00000016933	82	124	86	40	4	6	3	7
ENSMUSG00000016940	136	302	138	236	27	31	44	87
ENSMUSG00000016942	164	138	143	96	15	22	8	9
ENSMUSG00000016946	95	101	45	106	6	4	7	6
ENSMUSG00000016982	193	213	154	193	27	25	33	30
ENSMUSG00000016984	380	225	429	392	34	20	27	82
ENSMUSG00000016995	120	147	422	379	10	7	18	25
ENSMUSG00000016998	22	102	63	93	15	15	20	12
ENSMUSG00000017000	60	45	54	61	3	10	0	7
ENSMUSG00000017002	39	32	98	93	16	3	4	22
ENSMUSG00000017003	616	638	1438	1233	47	48	74	133
ENSMUSG00000017004	63	118	228	189	21	15	31	27
ENSMUSG00000017007	53	81	156	71	15	6	8	1
ENSMUSG00000017009	55	46	91	23	6	3	3	9
ENSMUSG00000017049	99	57	99	202	7	5	13	13
ENSMUSG00000017057	12	21	13	6	2	6	1	2
ENSMUSG00000017064	297	364	311	298	65	39	109	70
ENSMUSG00000017119	125	77	54	47	13	9	28	15
ENSMUSG00000017132	207	318	229	243	37	32	38	43
ENSMUSG00000017144	72	84	187	128	7	3	6	11
ENSMUSG00000017146	169	154	198	179	28	55	64	62
ENSMUSG00000017165	741	902	936	812	110	155	160	169
ENSMUSG00000017167	89	70	108	90	6	7	26	31
ENSMUSG00000017176	1117	1069	801	1366	121	74	80	160
ENSMUSG00000017188	368	282	618	346	53	39	33	55
ENSMUSG00000017195	12	19	18	10	6	3	4	3
ENSMUSG00000017204	151	97	131	138	18	23	43	82
ENSMUSG00000017210	565	389	298	198	16	30	4	11
ENSMUSG00000017211	73	33	158	107	6	5	17	9
ENSMUSG00000017221	94	138	177	50	13	11	13	24
ENSMUSG00000017264	178	669	620	504	50	27	49	55
ENSMUSG00000017286	36	33	11	19	4	5	2	0
ENSMUSG00000017288	15	18	41	22	13	8	13	13
ENSMUSG00000017291	73	71	65	72	12	19	12	20
ENSMUSG00000017299	119	183	182	211	43	14	53	65
ENSMUSG00000017300	73	32	155	55	14	2	10	5
ENSMUSG00000017307	104	110	94	78	11	11	21	12
ENSMUSG00000017309	197	160	259	293	35	30	34	31
ENSMUSG00000017310	2094	1246	2120	1386	217	200	242	162
ENSMUSG00000017311	611	790	460	612	165	90	19	58
ENSMUSG00000017314	292	207	580	630	32	28	48	108
ENSMUSG00000017316	40	52	40	24	9	10	5	16
ENSMUSG00000017344	171	106	195	197	26	10	23	14
ENSMUSG00000017376	105	115	75	107	23	24	31	21
ENSMUSG00000017386	129	228	226	266	6	9	10	10
ENSMUSG00000017390	35	54	127	128	6	7	14	10
ENSMUSG00000017400	144	70	84	153	18	27	35	28
ENSMUSG00000017404	165	77	129	118	14	28	35	7
ENSMUSG00000017405	39	35	26	54	7	10	8	9
ENSMUSG00000017412	134	62	143	88	7	6	9	4
ENSMUSG00000017417	113	141	106	126	16	26	36	30
ENSMUSG00000017418	287	908	476	758	137	97	88	147
ENSMUSG00000017421	221	93	305	185	9	27	17	27
ENSMUSG00000017428	35	37	45	27	17	12	13	18
ENSMUSG00000017446	483	601	334	709	148	134	125	169
ENSMUSG00000017453	320	501	745	513	37	26	89	59
ENSMUSG00000017466	238	418	313	232	19	38	27	29
ENSMUSG00000017478	342	323	224	284	37	37	23	21
ENSMUSG00000017485	24	33	56	84	15	12	11	10
ENSMUSG00000017491	353	464	398	334	58	38	46	63
ENSMUSG00000017493	31	67	64	31	12	3	7	3
ENSMUSG00000017499	106	65	72	59	21	7	28	15
ENSMUSG00000017548	575	621	633	646	62	41	26	36
ENSMUSG00000017550	51	39	14	20	1	1	2	6
ENSMUSG00000017561	401	308	385	291	15	32	15	31
ENSMUSG00000017588	27	68	24	47	2	2	3	3
ENSMUSG00000017607	33	23	12	7	1	2	0	4
ENSMUSG00000017615	79	182	151	153	25	37	29	56
ENSMUSG00000017631	699	408	393	246	137	87	157	100
ENSMUSG00000017639	146	151	123	133	16	14	23	17
ENSMUSG00000017652	66	59	122	68	11	28	48	59
ENSMUSG00000017664	29	32	43	26	1	1	4	2
ENSMUSG00000017667	133	135	117	136	13	26	46	26
ENSMUSG00000017670	320	305	550	251	51	22	100	85
ENSMUSG00000017677	316	207	223	220	28	46	29	17
ENSMUSG00000017679	232	230	180	468	43	32	29	30
ENSMUSG00000017686	30	58	122	72	5	9	5	6
ENSMUSG00000017688	240	148	68	136	19	17	11	11
ENSMUSG00000017692	73	110	96	124	5	9	19	28
ENSMUSG00000017697	25	27	23	33	6	1	6	2
ENSMUSG00000017707	69	22	19	39	6	9	7	4
ENSMUSG00000017713	501	412	367	296	94	100	124	117
ENSMUSG00000017715	27	49	27	15	3	5	0	3
ENSMUSG00000017716	69	141	123	58	5	7	7	8
ENSMUSG00000017718	541	246	271	236	36	28	18	30
ENSMUSG00000017720	85	96	154	207	26	10	33	37
ENSMUSG00000017721	20	37	37	25	1	0	0	1
ENSMUSG00000017723	641	495	276	432	37	42	56	57
ENSMUSG00000017724	549	365	270	334	19	11	24	63
ENSMUSG00000017733	377	567	470	325	39	26	52	44
ENSMUSG00000017734	107	172	200	188	28	20	24	26
ENSMUSG00000017737	400	337	455	280	27	37	36	28
ENSMUSG00000017740	66	31	44	32	12	11	7	8
ENSMUSG00000017747	669	389	520	353	39	48	51	91
ENSMUSG00000017754	19	21	28	14	1	2	2	2
ENSMUSG00000017756	122	148	68	103	17	47	12	15
ENSMUSG00000017760	91	108	63	64	2	6	8	7
ENSMUSG00000017764	101	67	99	195	13	13	21	12
ENSMUSG00000017765	44	91	51	87	10	11	21	18
ENSMUSG00000017767	274	233	303	233	26	23	15	23
ENSMUSG00000017774	127	155	185	96	9	24	9	16
ENSMUSG00000017776	56	72	25	73	10	15	9	10
ENSMUSG00000017778	39	26	34	53	3	0	2	2
ENSMUSG00000017781	194	233	143	300	35	24	14	16
ENSMUSG00000017801	615	608	590	458	57	49	95	79
ENSMUSG00000017802	58	64	70	51	6	4	7	13
ENSMUSG00000017817	359	340	478	112	8	37	21	21
ENSMUSG00000017830	122	80	190	236	9	6	19	30
ENSMUSG00000017831	20	36	56	92	3	7	12	11
ENSMUSG00000017832	333	356	376	361	109	87	61	97
ENSMUSG00000017837	44	34	16	16	0	3	0	1
ENSMUSG00000017843	226	197	275	200	16	13	22	17
ENSMUSG00000017858	104	103	98	108	10	15	28	17
ENSMUSG00000017861	87	103	73	120	12	20	16	29
ENSMUSG00000017868	71	87	19	44	26	27	4	5
ENSMUSG00000017897	364	608	594	669	128	78	95	39
ENSMUSG00000017922	1264	1503	1440	1032	132	204	258	134
ENSMUSG00000017929	213	193	121	145	28	20	49	60
ENSMUSG00000017943	68	35	32	35	20	11	8	19
ENSMUSG00000017950	377	214	186	87	21	16	7	8
ENSMUSG00000017969	67	77	65	40	1	1	4	2
ENSMUSG00000017978	39	52	57	44	18	10	15	5
ENSMUSG00000017999	1590	1387	1028	2120	189	292	160	431
ENSMUSG00000018001	374	319	285	421	49	39	17	47
ENSMUSG00000018008	376	391	347	622	33	43	95	83
ENSMUSG00000018012	254	232	347	191	0	14	22	9
ENSMUSG00000018040	677	680	710	771	69	56	39	44
ENSMUSG00000018042	1080	877	691	1021	133	98	136	115
ENSMUSG00000018068	601	480	593	426	123	86	73	74
ENSMUSG00000018076	95	172	140	94	14	11	19	20
ENSMUSG00000018102	52	50	28	34	14	9	16	46
ENSMUSG00000018126	195	284	293	393	33	40	15	32
ENSMUSG00000018143	153	248	154	123	26	23	15	23
ENSMUSG00000018160	77	70	116	75	13	17	60	43
ENSMUSG00000018166	294	374	389	613	16	24	37	20
ENSMUSG00000018167	362	601	690	628	48	61	62	40
ENSMUSG00000018168	68	57	29	41	7	10	2	9
ENSMUSG00000018169	309	309	320	254	18	14	22	15
ENSMUSG00000018171	327	294	574	1006	17	22	62	105
ENSMUSG00000018189	145	142	110	123	15	13	20	26
ENSMUSG00000018196	18	12	8	8	0	0	0	0
ENSMUSG00000018199	111	125	66	47	5	7	5	7
ENSMUSG00000018209	215	172	219	315	18	33	27	30
ENSMUSG00000018211	81	110	141	84	23	16	24	26
ENSMUSG00000018217	38	32	63	27	8	4	15	8
ENSMUSG00000018238	204	289	178	369	14	36	19	31
ENSMUSG00000018239	987	1098	535	1198	103	171	108	104
ENSMUSG00000018259	248	345	426	464	53	67	149	199
ENSMUSG00000018263	243	392	419	580	22	23	37	24
ENSMUSG00000018286	137	124	25	25	27	9	5	0
ENSMUSG00000018287	613	551	192	200	39	110	82	42
ENSMUSG00000018293	14	8	9	17	2	1	1	0
ENSMUSG00000018322	97	121	139	79	15	20	13	12
ENSMUSG00000018326	117	94	216	119	12	8	38	22
ENSMUSG00000018334	270	389	822	936	90	42	144	158
ENSMUSG00000018339	137	125	125	100	38	17	18	8
ENSMUSG00000018340	261	227	345	248	65	38	42	40
ENSMUSG00000018341	89	99	108	136	64	44	42	23
ENSMUSG00000018347	14	36	39	41	3	1	6	1
ENSMUSG00000018362	115	71	32	50	15	7	4	7
ENSMUSG00000018363	179	156	190	99	21	30	21	19
ENSMUSG00000018372	373	386	181	169	26	18	14	11
ENSMUSG00000018377	156	225	145	145	22	25	21	17
ENSMUSG00000018378	275	793	511	742	54	159	83	82
ENSMUSG00000018379	45	48	85	50	4	6	6	9
ENSMUSG00000018381	62	25	36	29	4	1	2	3
ENSMUSG00000018387	101	100	101	108	25	30	23	22
ENSMUSG00000018395	65	75	81	72	7	4	8	4
ENSMUSG00000018398	118	49	191	147	7	6	8	3
ENSMUSG00000018401	78	113	137	57	9	6	13	13
ENSMUSG00000018405	55	45	41	48	9	9	13	7
ENSMUSG00000018411	175	168	194	147	19	22	0	3
ENSMUSG00000018412	635	514	406	390	21	27	41	25
ENSMUSG00000018415	138	99	199	151	22	24	33	25
ENSMUSG00000018417	43	39	24	49	8	8	27	10
ENSMUSG00000018425	28	65	30	18	4	1	1	0
ENSMUSG00000018427	21	35	32	17	0	0	1	0
ENSMUSG00000018428	112	85	48	124	12	22	18	18
ENSMUSG00000018433	22	37	18	36	1	0	2	3
ENSMUSG00000018442	101	113	113	62	10	8	1	5
ENSMUSG00000018446	153	283	364	226	50	22	27	21
ENSMUSG00000018449	141	66	82	75	10	3	8	10
ENSMUSG00000018451	365	341	204	242	29	18	24	37
ENSMUSG00000018459	51	72	45	26	3	11	19	5
ENSMUSG00000018470	201	227	195	112	20	22	22	12
ENSMUSG00000018474	812	1285	222	362	53	85	14	30
ENSMUSG00000018476	29	18	62	77	5	7	20	12
ENSMUSG00000018479	21	20	36	60	6	3	9	16
ENSMUSG00000018481	165	344	180	220	35	18	28	22
ENSMUSG00000018486	239	543	215	291	85	110	81	58
ENSMUSG00000018500	105	59	69	90	15	15	33	39
ENSMUSG00000018501	56	60	140	166	15	28	16	24
ENSMUSG00000018507	76	51	49	34	15	6	10	10
ENSMUSG00000018509	363	330	92	464	47	27	18	11
ENSMUSG00000018537	86	83	63	59	9	12	28	8
ENSMUSG00000018541	286	272	206	330	47	64	66	93
ENSMUSG00000018543	82	90	154	144	20	12	21	9
ENSMUSG00000018547	292	341	878	427	81	105	252	331
ENSMUSG00000018548	28	78	21	42	1	9	4	3
ENSMUSG00000018554	250	127	93	115	26	16	7	15
ENSMUSG00000018559	22	15	14	36	3	1	2	2
ENSMUSG00000018565	78	117	182	252	14	14	44	27
ENSMUSG00000018566	125	160	43	53	14	26	7	5
ENSMUSG00000018567	146	86	60	111	12	15	14	14
ENSMUSG00000018569	1156	573	689	1035	121	134	147	93
ENSMUSG00000018570	55	60	81	48	11	5	5	6
ENSMUSG00000018572	229	138	393	468	18	13	65	32
ENSMUSG00000018574	74	62	73	45	4	4	5	2
ENSMUSG00000018581	78	77	146	157	27	20	16	20
ENSMUSG00000018583	402	398	619	298	32	32	17	34
ENSMUSG00000018585	67	69	84	91	8	20	9	19
ENSMUSG00000018589	159	264	172	305	13	22	25	14
ENSMUSG00000018593	15	17	7	12	1	3	0	1
ENSMUSG00000018595	94	73	29	51	5	4	4	10
ENSMUSG00000018599	293	194	108	227	6	17	17	12
ENSMUSG00000018604	67	86	77	102	7	2	3	4
ENSMUSG00000018620	52	25	32	34	3	5	3	4
ENSMUSG00000018623	90	72	61	54	14	4	15	8
ENSMUSG00000018634	33	41	46	69	3	11	8	4
ENSMUSG00000018648	148	168	203	144	14	11	15	7
ENSMUSG00000018651	41	51	40	19	8	6	10	15
ENSMUSG00000018654	219	215	193	269	59	36	62	46
ENSMUSG00000018656	49	73	29	22	6	7	1	1
ENSMUSG00000018659	1005	887	1069	735	82	59	153	95
ENSMUSG00000018661	283	344	484	232	17	31	31	14
ENSMUSG00000018666	24	21	30	28	3	0	3	5
ENSMUSG00000018669	123	165	156	188	32	18	6	21
ENSMUSG00000018672	123	100	104	59	3	11	6	12
ENSMUSG00000018677	76	102	78	48	11	8	15	9
ENSMUSG00000018678	159	193	160	308	25	42	29	27
ENSMUSG00000018697	141	128	150	108	51	39	33	32
ENSMUSG00000018698	47	35	34	58	2	5	3	3
ENSMUSG00000018707	811	371	708	558	101	139	112	115
ENSMUSG00000018727	127	114	28	85	38	18	19	17
ENSMUSG00000018733	89	106	77	89	18	28	27	19
ENSMUSG00000018736	269	149	306	184	22	16	14	43
ENSMUSG00000018740	119	105	137	87	6	12	8	4
ENSMUSG00000018750	53	76	56	119	4	13	13	5
ENSMUSG00000018752	28	36	18	44	7	2	7	2
ENSMUSG00000018761	111	111	123	145	15	20	12	22
ENSMUSG00000018765	82	81	117	102	12	6	15	26
ENSMUSG00000018770	127	81	53	79	22	20	22	16
ENSMUSG00000018774	62	50	73	90	12	9	9	6
ENSMUSG00000018776	85	83	67	67	7	12	12	14
ENSMUSG00000018796	256	250	324	321	10	9	33	35
ENSMUSG00000018800	489	935	398	514	25	29	24	50
ENSMUSG00000018809	34	45	51	29	1	1	2	0
ENSMUSG00000018819	199	172	319	169	33	17	14	25
ENSMUSG00000018820	69	71	26	57	3	9	7	2
ENSMUSG00000018821	266	323	244	224	84	72	59	65
ENSMUSG00000018822	519	450	674	496	28	22	38	34
ENSMUSG00000018830	92	85	121	76	4	12	8	7
ENSMUSG00000018841	4	8	10	19	1	2	0	3
ENSMUSG00000018844	598	579	332	259	58	51	80	31
ENSMUSG00000018845	198	208	198	377	23	16	49	43
ENSMUSG00000018846	197	136	273	194	11	27	15	35
ENSMUSG00000018848	1216	847	652	711	77	115	64	58
ENSMUSG00000018849	316	295	439	201	12	13	7	6
ENSMUSG00000018858	163	227	128	131	19	18	9	4
ENSMUSG00000018861	46	62	135	122	1	7	10	3
ENSMUSG00000018862	49	49	52	35	26	18	19	25
ENSMUSG00000018865	105	58	54	67	3	5	7	2
ENSMUSG00000018868	45	37	29	18	6	4	7	5
ENSMUSG00000018882	50	53	164	127	39	27	75	90
ENSMUSG00000018893	660	684	1369	716	37	51	40	36
ENSMUSG00000018899	166	135	281	142	14	6	21	17
ENSMUSG00000018900	24	24	17	20	3	3	1	0
ENSMUSG00000018906	36	39	46	15	5	2	2	8
ENSMUSG00000018907	16	38	27	17	1	7	5	5
ENSMUSG00000018909	209	108	43	24	35	22	14	16
ENSMUSG00000018914	428	684	463	727	82	187	139	105
ENSMUSG00000018916	740	711	747	907	36	56	34	48
ENSMUSG00000018919	392	350	382	302	39	59	64	31
ENSMUSG00000018920	63	36	85	137	8	0	5	12
ENSMUSG00000018921	247	229	252	243	51	50	98	78
ENSMUSG00000018923	24	47	36	53	1	3	1	7
ENSMUSG00000018924	112	76	104	53	9	4	15	12
ENSMUSG00000018925	297	561	235	229	19	27	20	16
ENSMUSG00000018927	55	52	99	82	6	11	5	20
ENSMUSG00000018930	49	33	42	40	4	7	16	1
ENSMUSG00000018931	724	517	531	638	43	29	33	23
ENSMUSG00000018932	85	47	68	61	7	7	17	13
ENSMUSG00000018965	189	105	95	197	16	25	35	38
ENSMUSG00000018973	211	124	178	88	39	30	17	21
ENSMUSG00000018974	138	145	61	78	13	8	5	5
ENSMUSG00000018983	179	144	143	137	12	21	9	18
ENSMUSG00000018986	353	168	293	297	45	34	22	48
ENSMUSG00000018995	116	100	76	93	21	15	5	11
ENSMUSG00000018999	780	449	345	239	28	71	13	11
ENSMUSG00000019027	54	66	75	33	9	5	5	19
ENSMUSG00000019039	49	44	13	29	1	0	2	0
ENSMUSG00000019054	90	79	124	44	4	14	11	6
ENSMUSG00000019055	106	71	164	93	10	2	1	4
ENSMUSG00000019066	131	159	159	183	41	13	38	53
ENSMUSG00000019080	182	119	589	300	41	42	52	77
ENSMUSG00000019082	84	20	33	81	6	5	4	6
ENSMUSG00000019087	111	43	76	107	6	12	8	5
ENSMUSG00000019088	121	79	151	196	22	9	26	17
ENSMUSG00000019102	604	337	267	361	94	86	107	103
ENSMUSG00000019122	191	239	612	554	5	21	46	26
ENSMUSG00000019124	157	135	226	377	13	53	55	41
ENSMUSG00000019132	478	465	313	285	34	32	14	32
ENSMUSG00000019139	118	137	131	100	5	6	1	4
ENSMUSG00000019143	48	59	57	53	3	11	4	6
ENSMUSG00000019146	43	70	67	38	4	13	4	7
ENSMUSG00000019158	45	57	27	40	12	10	3	9
ENSMUSG00000019173	93	131	74	79	22	33	35	17
ENSMUSG00000019178	41	37	50	48	8	5	2	4
ENSMUSG00000019179	67	37	45	45	3	0	5	3
ENSMUSG00000019188	42	52	49	85	8	6	10	3
ENSMUSG00000019189	59	18	71	37	5	4	8	9
ENSMUSG00000019194	157	95	44	98	3	6	5	7
ENSMUSG00000019210	375	399	237	270	55	64	56	74
ENSMUSG00000019214	51	75	61	68	8	9	7	7
ENSMUSG00000019230	499	516	689	338	89	57	41	60
ENSMUSG00000019232	61	83	93	49	10	7	23	17
ENSMUSG00000019235	112	124	182	170	15	17	15	15
ENSMUSG00000019254	203	298	194	386	22	20	9	23
ENSMUSG00000019256	97	222	96	55	28	11	12	15
ENSMUSG00000019261	138	65	94	68	32	12	16	13
ENSMUSG00000019278	30	52	52	29	5	7	3	2
ENSMUSG00000019295	63	161	145	93	10	27	6	15
ENSMUSG00000019297	76	216	107	94	16	7	15	8
ENSMUSG00000019301	107	101	139	115	17	47	39	49
ENSMUSG00000019302	320	378	439	671	21	11	15	38
ENSMUSG00000019303	2821	2033	1105	1959	111	147	154	106
ENSMUSG00000019312	82	103	99	120	16	7	4	3
ENSMUSG00000019320	123	73	207	168	22	19	26	14
ENSMUSG00000019326	365	385	369	312	34	22	28	11
ENSMUSG00000019338	305	220	275	223	56	67	82	53
ENSMUSG00000019359	161	184	127	83	18	12	9	5
ENSMUSG00000019362	121	128	69	70	6	30	3	6
ENSMUSG00000019368	25	41	16	19	2	1	2	0
ENSMUSG00000019370	324	385	335	865	185	121	102	70
ENSMUSG00000019373	25	38	29	28	3	6	20	10
ENSMUSG00000019428	22	19	20	22	4	0	6	2
ENSMUSG00000019429	58	28	39	39	11	6	7	5
ENSMUSG00000019432	61	49	49	33	7	10	8	7
ENSMUSG00000019433	380	377	234	273	35	24	19	32
ENSMUSG00000019437	364	217	410	363	9	14	6	19
ENSMUSG00000019461	81	171	201	208	22	17	32	27
ENSMUSG00000019464	63	41	23	56	9	10	14	4
ENSMUSG00000019467	124	143	126	58	12	17	11	27
ENSMUSG00000019470	91	120	200	364	17	37	61	29
ENSMUSG00000019471	88	97	163	160	4	6	8	8
ENSMUSG00000019478	901	807	375	1273	57	50	54	36
ENSMUSG00000019487	63	140	70	54	17	2	3	21
ENSMUSG00000019489	40	26	36	49	2	4	1	0
ENSMUSG00000019494	611	1017	859	2954	75	74	188	158
ENSMUSG00000019505	50	60	32	65	13	10	16	11
ENSMUSG00000019518	30	39	33	58	2	2	1	1
ENSMUSG00000019528	315	464	354	452	59	48	122	129
ENSMUSG00000019539	92	57	17	38	17	11	12	6
ENSMUSG00000019558	39	46	77	87	9	6	3	12
ENSMUSG00000019564	61	101	96	69	10	16	17	22
ENSMUSG00000019577	83	82	88	100	3	3	5	5
ENSMUSG00000019578	93	152	142	74	25	11	41	31
ENSMUSG00000019579	32	20	21	16	4	2	5	2
ENSMUSG00000019590	339	244	276	271	19	19	8	12
ENSMUSG00000019647	266	324	197	258	30	12	15	39
ENSMUSG00000019659	209	157	198	247	4	10	5	6
ENSMUSG00000019689	130	158	83	120	20	10	4	10
ENSMUSG00000019699	84	47	70	45	11	22	10	5
ENSMUSG00000019710	119	269	661	155	42	25	75	116
ENSMUSG00000019715	1063	870	415	551	98	170	34	48
ENSMUSG00000019718	24	28	53	79	7	6	11	10
ENSMUSG00000019726	34	7	18	33	2	0	0	2
ENSMUSG00000019731	173	189	175	194	17	6	11	10
ENSMUSG00000019732	1354	634	390	557	101	90	77	116
ENSMUSG00000019734	45	45	42	53	4	3	8	1
ENSMUSG00000019737	17	55	39	43	4	1	3	2
ENSMUSG00000019738	18	13	23	26	2	3	2	3
ENSMUSG00000019756	91	174	122	155	50	24	24	9
ENSMUSG00000019761	685	913	1733	1706	67	104	116	209
ENSMUSG00000019762	230	298	156	412	30	26	22	28
ENSMUSG00000019763	160	125	219	213	38	33	17	36
ENSMUSG00000019767	49	60	66	36	6	7	9	2
ENSMUSG00000019768	124	93	139	97	19	19	27	23
ENSMUSG00000019772	172	86	152	127	10	17	8	19
ENSMUSG00000019773	568	584	821	921	58	97	63	92
ENSMUSG00000019774	94	116	48	74	8	16	11	13
ENSMUSG00000019775	32	24	41	42	7	5	4	2
ENSMUSG00000019777	285	197	203	155	40	28	9	19
ENSMUSG00000019779	69	100	83	85	32	38	7	42
ENSMUSG00000019782	110	134	126	79	7	7	5	11
ENSMUSG00000019785	24	31	31	37	6	7	7	2
ENSMUSG00000019787	51	47	37	49	4	8	6	9
ENSMUSG00000019789	21	44	32	22	10	2	2	6
ENSMUSG00000019790	34	36	41	35	2	2	0	3
ENSMUSG00000019791	46	79	74	61	4	4	12	4
ENSMUSG00000019792	150	119	263	218	21	22	36	24
ENSMUSG00000019794	170	259	216	152	27	29	21	18
ENSMUSG00000019795	237	509	297	242	31	39	30	28
ENSMUSG00000019796	65	145	76	118	18	12	8	4
ENSMUSG00000019797	22	39	15	22	1	0	0	5
ENSMUSG00000019802	304	293	566	392	41	20	115	67
ENSMUSG00000019803	70	84	93	70	9	11	11	5
ENSMUSG00000019804	152	147	302	305	31	24	90	65
ENSMUSG00000019806	126	96	78	237	33	42	8	53
ENSMUSG00000019808	97	65	94	99	12	14	2	5
ENSMUSG00000019809	270	226	251	276	52	61	23	25
ENSMUSG00000019810	239	138	210	317	23	8	26	32
ENSMUSG00000019813	91	169	143	78	27	13	8	9
ENSMUSG00000019814	183	146	140	236	17	14	13	17
ENSMUSG00000019815	9	20	19	8	4	2	2	2
ENSMUSG00000019817	282	475	323	289	72	131	17	52
ENSMUSG00000019818	15	13	19	33	1	3	6	0
ENSMUSG00000019820	338	414	740	621	74	124	11	42
ENSMUSG00000019822	25	45	42	13	5	4	6	2
ENSMUSG00000019823	170	64	254	117	21	19	23	30
ENSMUSG00000019826	220	171	195	141	46	35	32	59
ENSMUSG00000019828	180	141	394	413	13	11	18	40
ENSMUSG00000019831	21	39	31	37	5	0	4	1
ENSMUSG00000019832	58	55	51	44	6	9	5	8
ENSMUSG00000019834	773	403	524	871	47	48	54	25
ENSMUSG00000019836	355	190	233	157	17	52	18	23
ENSMUSG00000019837	63	85	69	58	7	3	3	5
ENSMUSG00000019838	43	84	57	46	8	8	21	10
ENSMUSG00000019841	152	181	153	162	24	11	16	16
ENSMUSG00000019842	184	150	166	166	17	20	24	30
ENSMUSG00000019843	128	416	390	201	101	104	93	159
ENSMUSG00000019845	361	585	551	267	166	115	56	52
ENSMUSG00000019846	23	53	31	32	7	0	4	5
ENSMUSG00000019848	20	39	40	21	3	3	5	2
ENSMUSG00000019849	12	8	34	11	2	1	1	1
ENSMUSG00000019850	38	33	51	46	6	24	8	3
ENSMUSG00000019851	15	22	18	18	1	2	1	0
ENSMUSG00000019852	25	47	62	50	5	5	7	15
ENSMUSG00000019853	24	12	6	19	5	3	3	4
ENSMUSG00000019854	305	241	295	248	19	25	21	14
ENSMUSG00000019856	90	174	79	70	26	14	16	12
ENSMUSG00000019857	211	155	159	132	42	49	166	83
ENSMUSG00000019861	18	10	17	24	2	3	2	2
ENSMUSG00000019863	68	77	71	58	12	25	21	25
ENSMUSG00000019864	335	344	371	463	19	21	30	24
ENSMUSG00000019865	581	907	713	741	94	88	74	83
ENSMUSG00000019866	289	402	559	316	13	26	45	38
ENSMUSG00000019867	153	151	256	169	23	11	14	9
ENSMUSG00000019868	285	268	486	478	37	58	26	24
ENSMUSG00000019872	26	39	39	31	9	5	2	1
ENSMUSG00000019873	627	865	630	719	291	281	194	226
ENSMUSG00000019874	71	62	94	79	14	17	42	23
ENSMUSG00000019876	316	200	201	421	78	22	90	92
ENSMUSG00000019877	19	30	9	5	3	2	4	3
ENSMUSG00000019878	790	646	436	741	118	70	114	48
ENSMUSG00000019880	75	70	45	89	7	7	12	8
ENSMUSG00000019883	59	77	102	55	24	10	4	17
ENSMUSG00000019888	177	92	152	180	28	13	55	44
ENSMUSG00000019889	58	72	82	142	15	15	10	13
ENSMUSG00000019890	36	77	66	54	13	14	26	16
ENSMUSG00000019891	744	513	645	688	41	65	153	143
ENSMUSG00000019892	58	67	66	94	14	4	8	11
ENSMUSG00000019893	136	108	112	103	34	82	56	32
ENSMUSG00000019894	230	119	264	402	21	25	62	60
ENSMUSG00000019897	43	37	55	22	7	1	3	9
ENSMUSG00000019899	41	54	89	65	9	6	10	15
ENSMUSG00000019900	146	106	116	86	12	21	12	21
ENSMUSG00000019905	999	733	845	1183	119	89	133	94
ENSMUSG00000019906	19	22	60	38	4	3	10	10
ENSMUSG00000019907	104	67	69	28	3	13	9	6
ENSMUSG00000019909	89	73	67	88	17	19	10	5
ENSMUSG00000019913	751	613	1021	1152	142	149	209	169
ENSMUSG00000019916	180	313	155	116	15	20	19	8
ENSMUSG00000019917	129	98	88	71	12	9	6	11
ENSMUSG00000019920	38	41	32	45	5	7	1	9
ENSMUSG00000019923	128	186	202	125	15	5	4	12
ENSMUSG00000019927	150	183	201	93	4	7	13	10
ENSMUSG00000019929	298	359	322	579	80	97	48	63
ENSMUSG00000019932	226	189	225	73	19	17	26	43
ENSMUSG00000019933	315	405	348	283	19	30	26	30
ENSMUSG00000019935	14	18	17	18	0	2	2	5
ENSMUSG00000019936	50	73	36	75	14	10	8	6
ENSMUSG00000019942	373	560	304	429	30	12	72	67
ENSMUSG00000019943	111	123	148	173	15	25	13	33
ENSMUSG00000019944	82	177	134	141	24	22	14	17
ENSMUSG00000019945	93	65	38	22	4	9	7	6
ENSMUSG00000019947	113	147	41	69	17	17	2	1
ENSMUSG00000019948	262	437	261	362	58	55	39	64
ENSMUSG00000019951	203	191	103	56	19	30	4	1
ENSMUSG00000019952	232	143	279	153	68	39	36	38
ENSMUSG00000019960	89	145	146	118	23	9	25	12
ENSMUSG00000019961	83	82	135	94	9	12	14	6
ENSMUSG00000019966	75	69	86	30	10	11	20	45
ENSMUSG00000019969	27	19	44	29	3	6	5	7
ENSMUSG00000019970	82	119	74	77	3	1	11	13
ENSMUSG00000019971	52	42	30	44	6	8	2	6
ENSMUSG00000019975	210	85	166	218	26	15	27	17
ENSMUSG00000019977	90	95	160	167	5	8	25	36
ENSMUSG00000019978	397	199	174	384	33	11	27	34
ENSMUSG00000019979	35	74	132	208	7	4	4	13
ENSMUSG00000019982	97	94	162	178	24	29	11	17
ENSMUSG00000019984	16	17	14	22	3	0	0	4
ENSMUSG00000019986	135	84	84	101	16	9	14	10
ENSMUSG00000019987	42	38	40	46	0	1	2	4
ENSMUSG00000019988	379	308	625	447	96	68	16	26
ENSMUSG00000019989	40	30	14	32	5	4	4	4
ENSMUSG00000019990	54	31	93	69	5	4	2	11
ENSMUSG00000019992	51	44	70	77	8	11	6	0
ENSMUSG00000019996	25	26	12	12	0	2	1	0
ENSMUSG00000019997	268	153	167	205	46	72	32	44
ENSMUSG00000019998	98	97	70	59	12	9	5	5
ENSMUSG00000020000	182	277	99	122	32	29	27	28
ENSMUSG00000020003	96	111	130	88	25	28	46	31
ENSMUSG00000020007	122	71	104	80	4	10	2	5
ENSMUSG00000020009	217	122	269	238	8	16	14	19
ENSMUSG00000020010	449	237	313	249	25	20	26	21
ENSMUSG00000020014	288	277	224	304	21	23	18	37
ENSMUSG00000020015	51	49	71	62	3	0	6	1
ENSMUSG00000020017	56	44	86	33	8	1	4	5
ENSMUSG00000020018	46	43	19	19	5	0	2	4
ENSMUSG00000020019	185	79	74	55	23	23	14	15
ENSMUSG00000020020	59	59	67	81	9	24	35	21
ENSMUSG00000020021	73	40	147	66	7	8	23	12
ENSMUSG00000020022	117	132	102	61	12	8	3	6
ENSMUSG00000020023	67	76	96	130	6	2	2	5
ENSMUSG00000020024	409	572	972	631	55	78	81	110
ENSMUSG00000020027	35	39	33	43	5	1	2	1
ENSMUSG00000020029	84	65	82	150	10	13	9	10
ENSMUSG00000020032	62	30	86	44	3	6	6	7
ENSMUSG00000020033	143	187	209	76	44	14	22	26
ENSMUSG00000020034	64	52	27	24	2	4	1	1
ENSMUSG00000020037	155	212	123	90	12	8	6	3
ENSMUSG00000020038	74	121	218	143	5	4	11	9
ENSMUSG00000020042	194	236	247	332	33	40	41	61
ENSMUSG00000020044	200	257	241	116	31	42	62	26
ENSMUSG00000020048	16	18	20	15	0	6	0	1
ENSMUSG00000020051	94	95	71	94	3	2	2	2
ENSMUSG00000020052	62	61	45	101	17	22	22	42
ENSMUSG00000020053	385	257	300	376	55	31	53	60
ENSMUSG00000020056	34	30	27	20	8	2	3	2
ENSMUSG00000020057	99	134	179	160	35	15	36	35
ENSMUSG00000020059	73	98	105	115	1	0	3	1
ENSMUSG00000020061	656	513	460	472	69	77	57	59
ENSMUSG00000020062	83	115	76	29	10	6	8	4
ENSMUSG00000020063	26	37	65	67	9	4	1	3
ENSMUSG00000020064	22	29	37	40	2	2	0	5
ENSMUSG00000020067	105	59	35	89	7	9	6	8
ENSMUSG00000020069	411	254	280	478	24	34	34	65
ENSMUSG00000020070	220	229	95	109	45	27	10	21
ENSMUSG00000020072	89	103	98	116	11	33	39	46
ENSMUSG00000020074	156	145	92	206	64	27	27	50
ENSMUSG00000020075	83	83	77	111	13	4	18	15
ENSMUSG00000020076	104	144	183	157	23	28	39	19
ENSMUSG00000020077	166	205	318	189	14	9	8	22
ENSMUSG00000020078	461	477	464	603	41	57	29	89
ENSMUSG00000020079	312	383	373	344	66	37	41	50
ENSMUSG00000020080	75	103	87	89	7	12	6	7
ENSMUSG00000020081	147	186	99	130	33	41	7	12
ENSMUSG00000020083	192	227	275	227	41	37	72	79
ENSMUSG00000020085	106	120	344	390	39	25	72	63
ENSMUSG00000020086	476	510	882	678	67	67	45	74
ENSMUSG00000020087	81	67	182	91	16	45	15	17
ENSMUSG00000020088	93	64	54	63	4	7	0	4
ENSMUSG00000020089	92	81	28	112	9	6	9	16
ENSMUSG00000020090	187	122	124	139	20	28	38	29
ENSMUSG00000020091	88	70	129	118	9	4	3	6
ENSMUSG00000020092	23	42	18	23	9	3	0	2
ENSMUSG00000020096	154	123	144	93	40	13	5	34
ENSMUSG00000020097	285	105	124	100	20	12	14	20
ENSMUSG00000020098	233	143	120	328	21	19	57	59
ENSMUSG00000020099	164	141	126	102	11	19	16	23
ENSMUSG00000020100	485	490	218	256	58	53	26	26
ENSMUSG00000020101	220	262	255	384	18	31	21	26
ENSMUSG00000020102	36	42	40	14	6	8	5	8
ENSMUSG00000020105	95	58	96	82	11	5	13	7
ENSMUSG00000020107	510	757	596	688	142	119	101	97
ENSMUSG00000020108	140	255	322	186	16	19	18	14
ENSMUSG00000020109	181	107	154	137	17	8	15	18
ENSMUSG00000020111	110	73	93	117	5	10	10	11
ENSMUSG00000020114	55	46	39	68	3	2	3	7
ENSMUSG00000020115	151	231	84	262	14	15	17	29
ENSMUSG00000020116	112	181	243	119	30	19	31	17
ENSMUSG00000020120	61	59	78	85	8	10	5	10
ENSMUSG00000020121	369	405	568	514	79	28	52	104
ENSMUSG00000020122	159	144	342	306	31	22	34	33
ENSMUSG00000020123	22	33	19	22	2	7	2	0
ENSMUSG00000020124	217	64	90	76	22	36	13	2
ENSMUSG00000020125	301	215	271	252	21	37	32	19
ENSMUSG00000020128	56	29	26	39	3	10	3	7
ENSMUSG00000020130	81	84	83	93	16	10	3	14
ENSMUSG00000020131	50	47	15	39	4	3	4	4
ENSMUSG00000020132	89	118	108	77	3	1	1	5
ENSMUSG00000020133	32	34	61	62	6	3	1	4
ENSMUSG00000020134	233	195	177	213	31	35	60	41
ENSMUSG00000020135	428	410	275	324	38	43	143	123
ENSMUSG00000020137	88	78	48	37	8	8	3	5
ENSMUSG00000020140	91	112	39	91	15	20	48	35
ENSMUSG00000020142	476	377	291	327	48	54	38	63
ENSMUSG00000020143	61	89	180	188	4	7	2	8
ENSMUSG00000020149	31	26	19	30	7	1	0	11
ENSMUSG00000020150	64	38	64	89	34	16	34	28
ENSMUSG00000020151	143	104	156	81	13	8	21	14
ENSMUSG00000020152	530	459	994	790	15	31	43	20
ENSMUSG00000020153	96	93	113	115	17	34	20	17
ENSMUSG00000020154	20	11	14	19	1	0	0	1
ENSMUSG00000020155	114	49	94	136	14	6	7	11
ENSMUSG00000020156	38	101	90	95	13	10	8	10
ENSMUSG00000020159	80	92	65	89	7	8	14	11
ENSMUSG00000020160	293	213	304	482	57	32	53	50
ENSMUSG00000020163	175	183	190	227	8	19	12	12
ENSMUSG00000020164	24	30	25	49	4	4	1	2
ENSMUSG00000020166	182	196	177	330	46	25	43	22
ENSMUSG00000020167	117	154	213	158	28	35	54	17
ENSMUSG00000020168	205	142	232	205	60	30	20	37
ENSMUSG00000020169	291	301	373	141	105	83	38	99
ENSMUSG00000020170	53	35	98	69	20	27	22	15
ENSMUSG00000020171	118	258	127	89	8	10	17	19
ENSMUSG00000020173	28	51	80	56	3	2	8	4
ENSMUSG00000020175	343	860	487	450	40	32	19	54
ENSMUSG00000020176	36	89	44	56	9	8	8	12
ENSMUSG00000020177	302	459	215	534	49	79	68	60
ENSMUSG00000020178	115	144	132	153	27	21	17	18
ENSMUSG00000020180	709	673	877	785	143	107	198	108
ENSMUSG00000020181	146	123	93	87	7	7	4	7
ENSMUSG00000020182	100	53	104	121	9	13	41	19
ENSMUSG00000020183	25	14	9	9	1	0	0	2
ENSMUSG00000020184	112	224	120	121	49	31	20	22
ENSMUSG00000020185	79	85	67	108	27	17	14	16
ENSMUSG00000020186	184	207	148	164	24	15	25	11
ENSMUSG00000020189	257	366	161	257	104	95	15	33
ENSMUSG00000020190	71	132	318	201	9	18	46	52
ENSMUSG00000020191	10	16	8	10	2	1	0	2
ENSMUSG00000020193	472	365	272	331	15	19	15	33
ENSMUSG00000020196	39	54	61	38	9	15	10	16
ENSMUSG00000020198	32	29	26	50	6	7	6	10
ENSMUSG00000020205	35	32	61	54	8	9	1	2
ENSMUSG00000020211	185	231	53	67	24	16	9	7
ENSMUSG00000020212	150	120	83	84	5	4	8	4
ENSMUSG00000020213	75	97	69	73	18	34	8	18
ENSMUSG00000020214	91	121	86	65	30	21	15	11
ENSMUSG00000020216	198	153	289	505	20	26	38	130
ENSMUSG00000020218	456	430	355	622	51	63	35	33
ENSMUSG00000020219	525	910	715	747	41	124	32	42
ENSMUSG00000020220	311	291	223	123	25	23	22	28
ENSMUSG00000020224	103	208	174	165	19	23	57	31
ENSMUSG00000020225	234	450	510	353	22	17	16	26
ENSMUSG00000020226	78	69	83	159	16	3	4	3
ENSMUSG00000020227	126	73	66	65	4	4	7	14
ENSMUSG00000020228	29	29	24	33	2	7	8	5
ENSMUSG00000020229	85	39	103	76	30	26	13	11
ENSMUSG00000020230	111	54	34	20	15	21	2	2
ENSMUSG00000020231	359	367	395	133	23	9	42	21
ENSMUSG00000020232	125	80	134	165	27	21	33	24
ENSMUSG00000020234	5	1	9	9	1	0	1	3
ENSMUSG00000020235	138	72	158	107	15	19	16	11
ENSMUSG00000020238	257	234	173	170	17	23	20	66
ENSMUSG00000020241	156	448	235	340	59	41	75	114
ENSMUSG00000020246	462	124	232	205	18	23	18	13
ENSMUSG00000020248	143	132	111	102	9	8	8	8
ENSMUSG00000020250	67	126	52	90	4	7	16	10
ENSMUSG00000020251	82	129	33	151	11	11	14	5
ENSMUSG00000020253	950	959	1675	1991	80	180	263	267
ENSMUSG00000020255	1168	1130	721	1273	73	120	188	73
ENSMUSG00000020256	89	192	156	210	60	32	54	52
ENSMUSG00000020257	369	336	215	301	60	45	54	83
ENSMUSG00000020258	77	106	52	75	5	15	11	24
ENSMUSG00000020260	323	235	307	385	39	53	49	33
ENSMUSG00000020261	119	100	136	139	20	23	11	10
ENSMUSG00000020262	108	77	68	74	16	17	7	7
ENSMUSG00000020263	111	114	115	93	13	15	9	11
ENSMUSG00000020264	162	164	272	231	42	31	56	34
ENSMUSG00000020265	149	116	176	315	23	10	28	25
ENSMUSG00000020267	80	123	50	100	9	6	2	8
ENSMUSG00000020268	162	127	162	62	6	5	13	9
ENSMUSG00000020270	167	114	149	127	17	14	4	11
ENSMUSG00000020271	53	96	148	120	14	19	24	23
ENSMUSG00000020272	156	165	182	319	28	17	28	18
ENSMUSG00000020273	40	53	44	34	9	6	5	2
ENSMUSG00000020275	73	35	149	159	7	4	16	9
ENSMUSG00000020277	53	34	32	26	6	3	1	4
ENSMUSG00000020279	46	17	33	30	9	1	5	4
ENSMUSG00000020280	27	55	46	32	8	10	4	2
ENSMUSG00000020282	77	57	58	83	4	6	9	8
ENSMUSG00000020283	157	150	156	119	17	18	17	8
ENSMUSG00000020284	70	82	72	75	1	4	3	5
ENSMUSG00000020286	21	25	27	22	2	5	2	2
ENSMUSG00000020287	392	416	509	495	51	58	55	95
ENSMUSG00000020288	321	272	366	267	14	34	31	39
ENSMUSG00000020289	403	393	334	265	31	40	41	25
ENSMUSG00000020290	339	382	191	80	58	47	70	95
ENSMUSG00000020295	48	91	89	142	4	4	8	5
ENSMUSG00000020297	391	408	349	465	37	69	24	26
ENSMUSG00000020299	173	158	95	154	36	25	36	25
ENSMUSG00000020300	260	492	428	276	12	15	35	46
ENSMUSG00000020303	75	132	63	116	6	2	2	8
ENSMUSG00000020305	327	134	242	264	17	11	13	22
ENSMUSG00000020307	183	111	182	68	14	22	25	14
ENSMUSG00000020308	113	59	72	131	6	13	10	13
ENSMUSG00000020309	19	24	3	23	2	0	2	2
ENSMUSG00000020310	104	84	90	47	5	12	16	27
ENSMUSG00000020311	150	311	187	381	41	31	24	43
ENSMUSG00000020312	638	900	823	465	86	115	426	340
ENSMUSG00000020315	372	327	270	115	34	31	31	35
ENSMUSG00000020317	1342	1311	1519	1273	74	80	120	126
ENSMUSG00000020319	249	367	336	439	10	8	11	51
ENSMUSG00000020321	252	300	565	381	33	19	15	48
ENSMUSG00000020323	28	33	31	49	1	5	3	3
ENSMUSG00000020325	39	19	28	28	2	5	3	2
ENSMUSG00000020326	243	417	296	339	33	38	33	42
ENSMUSG00000020327	381	687	803	665	183	131	80	131
ENSMUSG00000020328	144	141	191	160	17	7	2	13
ENSMUSG00000020329	31	20	36	28	3	5	6	4
ENSMUSG00000020330	161	122	106	176	10	9	6	10
ENSMUSG00000020331	119	156	153	259	28	18	29	21
ENSMUSG00000020332	30	95	177	311	14	11	60	37
ENSMUSG00000020333	18	43	86	95	8	5	19	8
ENSMUSG00000020334	449	362	396	189	22	26	41	65
ENSMUSG00000020335	53	47	17	21	3	0	0	0
ENSMUSG00000020340	107	128	143	104	16	20	47	16
ENSMUSG00000020346	66	52	44	48	29	4	5	6
ENSMUSG00000020349	315	287	348	371	36	50	98	98
ENSMUSG00000020354	61	69	57	28	14	8	9	2
ENSMUSG00000020357	386	867	865	988	59	60	286	185
ENSMUSG00000020358	401	379	340	339	10	17	11	17
ENSMUSG00000020359	87	42	28	44	5	4	7	6
ENSMUSG00000020361	897	921	602	1131	99	56	106	152
ENSMUSG00000020362	64	60	96	84	11	6	13	10
ENSMUSG00000020363	182	144	111	165	28	13	37	13
ENSMUSG00000020364	144	55	155	124	11	18	15	9
ENSMUSG00000020366	177	191	278	188	75	30	22	24
ENSMUSG00000020368	203	125	494	482	50	30	129	80
ENSMUSG00000020372	96	150	133	264	18	13	18	32
ENSMUSG00000020374	10	10	17	16	0	3	3	2
ENSMUSG00000020375	45	64	71	61	30	20	10	8
ENSMUSG00000020376	516	324	512	572	22	14	42	45
ENSMUSG00000020377	269	101	140	153	20	25	20	68
ENSMUSG00000020380	226	416	191	246	28	62	97	43
ENSMUSG00000020381	54	45	22	56	3	6	18	20
ENSMUSG00000020383	68	132	140	154	10	9	16	16
ENSMUSG00000020385	156	68	107	136	20	15	15	19
ENSMUSG00000020386	828	564	851	1686	78	100	123	91
ENSMUSG00000020387	277	112	95	55	42	16	9	3
ENSMUSG00000020388	254	129	175	245	19	50	66	59
ENSMUSG00000020389	443	267	341	120	44	42	51	29
ENSMUSG00000020390	180	281	196	313	43	35	30	20
ENSMUSG00000020392	184	138	349	331	13	14	42	24
ENSMUSG00000020393	74	55	104	48	15	12	24	9
ENSMUSG00000020395	635	190	166	364	26	17	21	26
ENSMUSG00000020396	894	1331	1085	921	118	143	131	139
ENSMUSG00000020397	269	177	288	230	29	13	26	14
ENSMUSG00000020399	195	299	253	128	21	20	21	13
ENSMUSG00000020400	168	329	441	337	51	47	26	30
ENSMUSG00000020401	225	319	266	277	90	45	93	49
ENSMUSG00000020402	83	68	134	165	11	16	11	6
ENSMUSG00000020405	321	252	209	348	14	22	6	16
ENSMUSG00000020407	258	227	361	232	25	39	72	73
ENSMUSG00000020409	48	39	51	96	5	6	18	10
ENSMUSG00000020411	276	429	348	593	54	45	61	82
ENSMUSG00000020412	193	170	140	153	19	2	9	9
ENSMUSG00000020413	182	142	159	113	11	13	19	21
ENSMUSG00000020415	24	12	29	22	4	3	3	6
ENSMUSG00000020419	358	459	386	251	50	34	18	36
ENSMUSG00000020420	572	394	547	426	96	44	67	46
ENSMUSG00000020422	113	164	91	114	45	27	29	27
ENSMUSG00000020423	29	48	36	39	5	2	2	4
ENSMUSG00000020424	87	79	100	63	21	9	17	6
ENSMUSG00000020427	91	137	75	108	21	26	13	28
ENSMUSG00000020428	24	21	25	27	6	7	14	10
ENSMUSG00000020429	167	240	210	330	22	20	40	31
ENSMUSG00000020430	218	106	176	63	14	30	27	32
ENSMUSG00000020431	57	80	52	65	22	7	27	49
ENSMUSG00000020432	138	62	48	60	13	19	11	15
ENSMUSG00000020434	57	97	62	50	5	4	6	5
ENSMUSG00000020435	82	120	292	258	30	21	44	62
ENSMUSG00000020436	48	48	88	89	7	12	15	13
ENSMUSG00000020437	563	374	392	330	6	22	19	15
ENSMUSG00000020439	666	417	447	223	74	86	38	48
ENSMUSG00000020440	249	147	221	311	35	28	37	52
ENSMUSG00000020441	28	11	15	27	2	1	6	5
ENSMUSG00000020444	56	40	24	58	3	6	8	2
ENSMUSG00000020447	36	15	61	33	4	12	5	14
ENSMUSG00000020448	104	140	139	121	40	11	24	16
ENSMUSG00000020451	55	32	16	31	3	4	5	2
ENSMUSG00000020453	170	166	144	186	37	26	10	38
ENSMUSG00000020454	71	39	83	114	13	13	14	28
ENSMUSG00000020455	86	77	53	64	8	12	33	25
ENSMUSG00000020456	426	168	263	444	36	24	78	35
ENSMUSG00000020457	175	288	160	174	22	15	14	8
ENSMUSG00000020458	373	259	271	134	45	30	12	12
ENSMUSG00000020459	38	42	28	18	6	24	6	7
ENSMUSG00000020460	236	421	383	203	29	20	18	5
ENSMUSG00000020461	226	202	277	145	60	79	79	70
ENSMUSG00000020462	89	79	80	56	4	9	3	2
ENSMUSG00000020463	174	158	337	296	48	46	35	55
ENSMUSG00000020464	189	299	301	316	23	25	20	16
ENSMUSG00000020467	87	154	69	129	34	27	23	19
ENSMUSG00000020469	83	92	91	117	15	10	5	12
ENSMUSG00000020471	238	202	153	127	20	16	21	26
ENSMUSG00000020472	143	205	287	222	20	24	29	14
ENSMUSG00000020473	150	165	232	213	29	51	37	32
ENSMUSG00000020474	44	53	37	14	4	8	1	7
ENSMUSG00000020475	230	138	228	135	12	14	12	33
ENSMUSG00000020476	53	53	81	134	7	6	18	9
ENSMUSG00000020477	841	763	977	158	126	140	219	302
ENSMUSG00000020481	288	158	323	351	14	22	17	9
ENSMUSG00000020482	350	295	213	429	38	21	29	27
ENSMUSG00000020483	185	186	158	151	11	13	12	11
ENSMUSG00000020484	100	71	148	68	10	12	27	14
ENSMUSG00000020485	19	41	21	40	5	5	5	14
ENSMUSG00000020486	431	364	817	487	60	57	76	37
ENSMUSG00000020490	74	62	34	61	4	4	9	6
ENSMUSG00000020491	25	33	30	16	8	5	4	3
ENSMUSG00000020492	381	449	256	156	29	46	53	48
ENSMUSG00000020493	52	84	142	100	9	28	7	14
ENSMUSG00000020495	478	555	217	257	59	92	23	24
ENSMUSG00000020496	30	22	35	32	2	0	2	2
ENSMUSG00000020513	58	86	32	39	7	7	9	3
ENSMUSG00000020514	51	65	55	51	7	5	6	12
ENSMUSG00000020515	552	321	395	224	109	65	66	107
ENSMUSG00000020516	28	48	28	34	11	14	4	4
ENSMUSG00000020519	64	108	117	125	9	26	13	19
ENSMUSG00000020520	78	110	83	80	9	12	8	6
ENSMUSG00000020521	207	191	189	300	67	44	24	29
ENSMUSG00000020522	42	29	41	55	8	13	12	12
ENSMUSG00000020523	48	49	56	45	10	20	5	6
ENSMUSG00000020524	382	340	159	112	94	96	20	39
ENSMUSG00000020525	43	18	31	22	0	1	2	2
ENSMUSG00000020526	430	209	250	294	21	17	18	30
ENSMUSG00000020527	813	600	479	1168	30	49	29	75
ENSMUSG00000020528	202	222	241	209	12	40	22	22
ENSMUSG00000020530	152	236	262	179	24	32	23	21
ENSMUSG00000020532	187	97	205	272	9	11	19	14
ENSMUSG00000020534	119	113	88	155	9	5	14	6
ENSMUSG00000020536	260	162	237	263	21	15	7	3
ENSMUSG00000020537	57	33	63	37	0	4	6	2
ENSMUSG00000020538	156	230	162	198	18	5	30	27
ENSMUSG00000020541	234	221	109	214	10	4	7	7
ENSMUSG00000020542	213	284	153	293	50	26	32	27
ENSMUSG00000020544	213	233	301	213	56	32	34	11
ENSMUSG00000020545	150	94	95	113	24	34	26	24
ENSMUSG00000020546	63	134	52	90	16	10	2	5
ENSMUSG00000020547	133	113	46	65	30	32	27	14
ENSMUSG00000020548	125	122	45	66	16	8	7	4
ENSMUSG00000020549	29	22	22	35	4	1	0	2
ENSMUSG00000020553	81	181	122	129	31	31	28	41
ENSMUSG00000020561	90	73	360	151	13	12	25	70
ENSMUSG00000020562	17	23	40	23	6	14	17	2
ENSMUSG00000020564	48	80	48	83	11	5	6	12
ENSMUSG00000020566	115	75	85	127	7	16	9	18
ENSMUSG00000020570	216	241	100	220	15	13	6	4
ENSMUSG00000020571	37	37	73	37	7	2	6	5
ENSMUSG00000020572	53	37	87	58	4	10	5	6
ENSMUSG00000020573	330	718	839	750	87	96	67	72
ENSMUSG00000020576	181	124	215	233	18	31	49	24
ENSMUSG00000020577	43	34	63	21	4	2	4	2
ENSMUSG00000020580	320	483	150	347	19	55	36	48
ENSMUSG00000020581	52	59	38	54	9	12	5	16
ENSMUSG00000020583	305	484	529	415	20	17	9	12
ENSMUSG00000020585	99	115	85	76	2	7	0	5
ENSMUSG00000020589	221	371	507	367	46	47	23	31
ENSMUSG00000020590	287	361	244	148	42	55	42	48
ENSMUSG00000020591	72	47	43	41	9	7	0	1
ENSMUSG00000020592	44	46	62	43	5	15	8	7
ENSMUSG00000020593	47	63	43	70	2	9	4	3
ENSMUSG00000020594	123	128	186	209	16	18	8	8
ENSMUSG00000020598	40	31	65	74	8	4	4	6
ENSMUSG00000020599	44	23	21	53	6	5	6	7
ENSMUSG00000020600	70	66	172	123	9	16	10	12
ENSMUSG00000020601	56	54	82	85	10	5	11	7
ENSMUSG00000020604	230	157	255	292	8	19	27	20
ENSMUSG00000020605	297	294	380	436	102	108	94	138
ENSMUSG00000020607	1039	918	834	1113	66	105	83	34
ENSMUSG00000020608	92	59	125	46	18	20	31	24
ENSMUSG00000020609	121	87	53	88	50	29	27	97
ENSMUSG00000020610	251	356	278	282	67	56	16	25
ENSMUSG00000020611	47	107	44	89	3	4	3	3
ENSMUSG00000020612	1183	1741	1395	995	334	379	364	315
ENSMUSG00000020614	13	22	17	22	0	0	3	1
ENSMUSG00000020617	812	890	406	871	32	61	85	43
ENSMUSG00000020620	85	79	148	183	25	4	12	16
ENSMUSG00000020621	94	136	146	59	11	8	1	3
ENSMUSG00000020622	395	410	165	149	57	27	20	11
ENSMUSG00000020623	122	105	174	136	12	10	14	6
ENSMUSG00000020624	483	658	429	1026	57	81	47	68
ENSMUSG00000020627	182	175	186	122	8	9	12	6
ENSMUSG00000020628	220	191	74	130	18	23	10	15
ENSMUSG00000020629	28	34	43	65	3	2	3	3
ENSMUSG00000020630	165	114	186	193	14	16	24	16
ENSMUSG00000020633	44	46	41	79	7	9	9	2
ENSMUSG00000020634	433	359	339	282	128	96	47	49
ENSMUSG00000020635	120	372	298	239	35	69	41	30
ENSMUSG00000020636	77	38	57	54	7	4	12	15
ENSMUSG00000020638	65	117	40	40	1	5	7	3
ENSMUSG00000020639	33	35	33	61	12	13	5	10
ENSMUSG00000020640	148	118	57	38	12	7	4	7
ENSMUSG00000020641	66	79	72	100	10	14	19	11
ENSMUSG00000020642	385	304	176	200	78	46	58	42
ENSMUSG00000020644	993	272	402	375	38	63	61	21
ENSMUSG00000020646	617	812	1571	718	118	159	180	136
ENSMUSG00000020647	79	74	57	80	11	2	13	9
ENSMUSG00000020648	73	79	145	124	12	12	17	17
ENSMUSG00000020649	65	144	84	101	7	11	15	13
ENSMUSG00000020650	57	31	60	28	9	9	6	8
ENSMUSG00000020651	247	469	473	252	21	42	69	37
ENSMUSG00000020652	200	213	194	217	14	27	18	18
ENSMUSG00000020653	234	177	285	255	29	25	6	8
ENSMUSG00000020654	440	509	236	481	11	16	13	20
ENSMUSG00000020656	94	68	90	150	9	6	3	4
ENSMUSG00000020657	18	49	36	64	3	1	2	3
ENSMUSG00000020658	58	67	79	66	6	8	7	20
ENSMUSG00000020659	280	198	234	227	35	17	44	39
ENSMUSG00000020660	98	87	91	97	13	19	26	10
ENSMUSG00000020661	830	595	1190	1515	61	82	96	86
ENSMUSG00000020664	20	10	20	28	6	5	2	2
ENSMUSG00000020668	120	79	71	34	12	10	9	14
ENSMUSG00000020669	101	208	128	139	18	33	51	35
ENSMUSG00000020671	128	100	144	159	34	56	39	42
ENSMUSG00000020672	37	33	49	70	2	5	10	10
ENSMUSG00000020673	375	640	1128	1190	137	171	323	151
ENSMUSG00000020674	68	134	73	46	14	4	11	20
ENSMUSG00000020676	13	10	29	15	2	1	0	0
ENSMUSG00000020677	102	108	145	155	36	22	25	10
ENSMUSG00000020679	60	169	110	170	7	2	9	6
ENSMUSG00000020680	198	102	203	148	15	7	15	18
ENSMUSG00000020681	144	104	108	101	8	10	5	15
ENSMUSG00000020682	330	303	274	381	29	44	27	24
ENSMUSG00000020684	33	92	65	65	9	19	18	11
ENSMUSG00000020686	145	325	351	221	25	23	33	32
ENSMUSG00000020687	195	174	168	174	9	16	8	18
ENSMUSG00000020689	113	107	169	97	24	37	18	43
ENSMUSG00000020690	152	241	148	140	19	39	31	29
ENSMUSG00000020691	81	208	71	52	33	22	11	10
ENSMUSG00000020692	109	196	241	238	20	26	12	37
ENSMUSG00000020694	15	57	56	49	19	10	30	43
ENSMUSG00000020695	17	21	17	23	0	2	0	0
ENSMUSG00000020696	124	66	215	219	10	20	37	13
ENSMUSG00000020697	94	157	100	120	14	12	7	13
ENSMUSG00000020698	221	111	228	102	35	28	28	19
ENSMUSG00000020700	188	181	338	181	33	34	40	29
ENSMUSG00000020701	26	76	75	62	10	8	10	13
ENSMUSG00000020702	66	66	81	65	2	3	2	1
ENSMUSG00000020703	19	14	23	25	5	5	4	2
ENSMUSG00000020704	36	45	10	15	7	10	1	1
ENSMUSG00000020705	38	38	70	62	26	6	7	9
ENSMUSG00000020706	268	327	316	352	32	21	18	33
ENSMUSG00000020707	19	13	9	20	1	0	11	0
ENSMUSG00000020708	57	74	39	44	2	8	5	9
ENSMUSG00000020709	111	149	29	76	3	4	14	21
ENSMUSG00000020712	27	27	34	52	4	5	2	6
ENSMUSG00000020713	444	389	246	361	45	64	53	49
ENSMUSG00000020715	533	624	640	409	74	288	152	122
ENSMUSG00000020716	242	278	195	194	48	43	9	12
ENSMUSG00000020717	32	40	60	111	26	17	29	27
ENSMUSG00000020718	80	40	125	98	12	7	9	15
ENSMUSG00000020719	46	96	55	77	9	8	10	5
ENSMUSG00000020720	88	125	212	120	20	21	8	13
ENSMUSG00000020721	370	333	92	74	41	59	33	41
ENSMUSG00000020722	69	90	165	352	17	22	50	42
ENSMUSG00000020723	72	69	35	67	3	2	1	2
ENSMUSG00000020728	164	67	149	87	7	18	24	26
ENSMUSG00000020732	32	31	56	48	9	17	2	8
ENSMUSG00000020733	298	519	314	419	43	40	33	62
ENSMUSG00000020734	12	14	16	14	1	1	1	2
ENSMUSG00000020736	78	99	102	133	17	14	23	21
ENSMUSG00000020737	331	134	262	329	17	22	23	30
ENSMUSG00000020738	12	13	6	14	0	1	0	0
ENSMUSG00000020739	237	251	245	221	13	15	23	28
ENSMUSG00000020740	64	32	62	29	9	4	3	8
ENSMUSG00000020741	218	203	290	209	8	7	10	9
ENSMUSG00000020743	60	53	21	34	19	17	5	8
ENSMUSG00000020744	37	70	40	39	5	4	5	3
ENSMUSG00000020745	71	69	98	102	13	21	11	11
ENSMUSG00000020747	93	136	101	256	28	10	16	19
ENSMUSG00000020752	241	228	119	104	33	53	26	22
ENSMUSG00000020755	65	88	18	52	20	10	3	4
ENSMUSG00000020758	99	70	119	92	20	30	25	21
ENSMUSG00000020766	427	243	593	815	84	102	116	147
ENSMUSG00000020770	887	608	706	883	201	141	71	45
ENSMUSG00000020773	52	65	27	22	11	9	2	4
ENSMUSG00000020774	187	149	202	179	10	18	14	7
ENSMUSG00000020775	35	29	81	18	2	3	5	1
ENSMUSG00000020776	56	147	53	38	7	7	2	4
ENSMUSG00000020777	133	146	77	146	14	10	41	19
ENSMUSG00000020778	21	52	42	86	4	6	14	20
ENSMUSG00000020780	507	773	467	737	25	49	32	71
ENSMUSG00000020781	85	58	105	140	14	9	10	7
ENSMUSG00000020782	62	18	87	41	4	2	1	7
ENSMUSG00000020783	208	244	160	129	29	11	13	12
ENSMUSG00000020785	382	371	305	275	49	86	45	53
ENSMUSG00000020787	197	274	457	479	22	39	50	44
ENSMUSG00000020788	22	10	19	21	2	3	2	2
ENSMUSG00000020790	186	241	469	500	19	27	58	31
ENSMUSG00000020792	74	116	48	72	2	5	13	13
ENSMUSG00000020793	81	153	148	85	12	12	17	20
ENSMUSG00000020794	171	75	90	109	6	7	11	10
ENSMUSG00000020798	20	20	7	12	2	3	0	0
ENSMUSG00000020799	31	39	73	69	6	8	8	14
ENSMUSG00000020801	254	291	314	397	40	56	48	51
ENSMUSG00000020802	191	150	61	85	12	17	9	12
ENSMUSG00000020803	76	48	41	27	18	11	22	14
ENSMUSG00000020804	139	85	132	144	10	11	3	18
ENSMUSG00000020805	304	167	326	243	46	27	39	20
ENSMUSG00000020806	64	132	40	35	21	15	11	10
ENSMUSG00000020807	126	100	151	149	15	31	22	29
ENSMUSG00000020808	83	65	64	54	25	13	6	10
ENSMUSG00000020810	127	194	228	213	17	28	20	29
ENSMUSG00000020811	121	81	96	78	2	6	14	16
ENSMUSG00000020812	480	549	191	385	75	84	100	56
ENSMUSG00000020814	749	732	1015	967	45	96	141	151
ENSMUSG00000020817	56	72	45	39	6	6	1	12
ENSMUSG00000020818	24	27	34	16	2	2	3	0
ENSMUSG00000020821	16	11	20	23	2	0	2	2
ENSMUSG00000020823	39	63	33	34	2	0	4	2
ENSMUSG00000020826	113	65	98	200	7	5	2	6
ENSMUSG00000020827	175	157	114	152	20	24	21	30
ENSMUSG00000020828	152	136	168	130	27	6	34	41
ENSMUSG00000020829	20	23	45	34	6	4	1	2
ENSMUSG00000020830	59	50	53	68	12	13	17	34
ENSMUSG00000020831	64	70	54	41	5	6	4	2
ENSMUSG00000020832	55	111	125	117	16	29	11	26
ENSMUSG00000020834	65	54	54	46	5	4	2	12
ENSMUSG00000020836	16	8	5	12	1	1	0	1
ENSMUSG00000020838	99	146	102	118	7	5	11	4
ENSMUSG00000020839	148	312	300	260	34	34	60	72
ENSMUSG00000020840	101	78	55	84	4	4	2	4
ENSMUSG00000020841	164	444	403	574	58	93	59	51
ENSMUSG00000020843	33	53	26	55	8	4	2	4
ENSMUSG00000020844	158	89	118	105	12	21	14	3
ENSMUSG00000020846	47	39	45	44	12	10	11	19
ENSMUSG00000020847	98	102	81	143	32	59	36	35
ENSMUSG00000020848	116	113	124	152	7	8	10	5
ENSMUSG00000020849	145	141	94	129	12	12	7	2
ENSMUSG00000020850	27	17	33	41	9	3	2	5
ENSMUSG00000020857	57	111	110	89	17	26	15	11
ENSMUSG00000020859	13	40	43	32	6	3	4	1
ENSMUSG00000020863	52	44	23	53	9	11	6	6
ENSMUSG00000020864	61	33	77	92	17	4	8	8
ENSMUSG00000020865	81	76	53	70	14	22	10	8
ENSMUSG00000020866	151	263	465	372	10	5	24	15
ENSMUSG00000020867	75	58	70	52	21	10	8	10
ENSMUSG00000020868	472	468	539	844	111	146	103	64
ENSMUSG00000020869	62	62	108	103	7	15	9	9
ENSMUSG00000020870	102	58	219	242	4	5	38	24
ENSMUSG00000020871	54	80	192	144	4	5	13	8
ENSMUSG00000020872	250	274	205	263	14	39	43	22
ENSMUSG00000020873	220	228	312	295	52	53	68	53
ENSMUSG00000020875	67	112	85	87	5	14	1	4
ENSMUSG00000020876	74	44	55	38	7	10	9	6
ENSMUSG00000020877	258	95	226	324	8	15	12	21
ENSMUSG00000020878	447	424	622	645	56	32	54	57
ENSMUSG00000020882	94	82	63	82	5	6	3	2
ENSMUSG00000020883	54	34	34	34	9	7	9	5
ENSMUSG00000020884	100	147	89	99	4	6	11	17
ENSMUSG00000020886	616	326	336	272	28	42	57	104
ENSMUSG00000020887	95	117	176	230	22	21	24	31
ENSMUSG00000020888	148	87	204	126	12	25	7	9
ENSMUSG00000020889	232	195	144	172	29	14	9	8
ENSMUSG00000020890	27	23	28	32	6	6	2	4
ENSMUSG00000020891	32	29	49	64	17	3	14	8
ENSMUSG00000020892	554	347	762	407	39	102	76	137
ENSMUSG00000020893	273	692	367	371	20	103	35	45
ENSMUSG00000020894	87	45	15	18	8	7	1	0
ENSMUSG00000020895	15	16	30	35	3	0	3	0
ENSMUSG00000020897	244	223	398	272	14	16	15	18
ENSMUSG00000020898	1205	473	328	747	32	27	52	31
ENSMUSG00000020899	35	38	44	30	4	3	3	5
ENSMUSG00000020900	238	263	340	155	14	13	12	18
ENSMUSG00000020901	110	79	58	76	1	3	1	3
ENSMUSG00000020902	103	107	84	68	21	9	3	5
ENSMUSG00000020903	223	280	129	204	24	38	27	14
ENSMUSG00000020904	47	53	83	97	2	6	3	8
ENSMUSG00000020905	84	73	141	96	11	9	14	11
ENSMUSG00000020907	105	64	76	81	29	11	70	51
ENSMUSG00000020908	117	53	174	180	10	21	35	20
ENSMUSG00000020910	57	41	36	40	17	8	3	8
ENSMUSG00000020911	102	83	123	129	29	32	24	25
ENSMUSG00000020912	921	1304	1411	1534	359	249	282	253
ENSMUSG00000020913	72	50	53	57	4	6	15	13
ENSMUSG00000020914	155	221	180	164	16	13	19	14
ENSMUSG00000020916	63	55	64	34	8	4	24	16
ENSMUSG00000020917	57	41	74	44	9	5	2	13
ENSMUSG00000020918	68	68	53	30	7	15	8	6
ENSMUSG00000020919	312	255	338	277	21	19	16	51
ENSMUSG00000020921	38	20	10	27	1	1	1	3
ENSMUSG00000020922	550	245	841	807	52	42	118	88
ENSMUSG00000020923	21	25	21	22	2	3	0	3
ENSMUSG00000020925	588	591	548	516	110	119	31	33
ENSMUSG00000020926	97	141	131	124	6	13	9	4
ENSMUSG00000020928	106	77	79	82	3	4	3	11
ENSMUSG00000020929	510	493	335	554	33	68	52	79
ENSMUSG00000020930	22	27	29	37	2	4	4	2
ENSMUSG00000020932	413	904	576	447	51	56	47	36
ENSMUSG00000020935	34	17	27	67	10	5	9	6
ENSMUSG00000020936	262	215	303	276	14	24	16	17
ENSMUSG00000020937	51	112	99	33	17	9	13	21
ENSMUSG00000020940	70	108	118	124	10	8	21	26
ENSMUSG00000020941	315	321	243	275	59	95	35	75
ENSMUSG00000020945	213	379	272	304	37	46	36	29
ENSMUSG00000020946	267	171	459	623	29	23	41	14
ENSMUSG00000020948	198	176	282	216	39	32	14	22
ENSMUSG00000020949	389	240	175	512	60	61	32	23
ENSMUSG00000020950	107	106	183	88	8	2	3	5
ENSMUSG00000020952	102	146	114	123	58	63	42	32
ENSMUSG00000020953	510	235	437	489	43	47	58	27
ENSMUSG00000020954	382	364	833	1281	18	30	48	99
ENSMUSG00000020955	202	251	348	110	23	24	30	47
ENSMUSG00000020956	49	65	30	43	12	8	4	4
ENSMUSG00000020961	55	188	190	262	15	12	34	24
ENSMUSG00000020962	540	428	502	402	67	48	91	127
ENSMUSG00000020963	148	123	279	152	7	17	6	7
ENSMUSG00000020964	132	210	194	205	9	14	12	22
ENSMUSG00000020973	13	6	15	12	2	1	2	1
ENSMUSG00000020974	57	137	59	154	8	13	7	10
ENSMUSG00000020978	465	581	325	422	50	43	35	44
ENSMUSG00000020982	35	69	42	60	3	6	4	13
ENSMUSG00000020986	31	23	40	38	2	1	3	0
ENSMUSG00000020988	605	618	749	678	154	88	86	118
ENSMUSG00000020990	933	888	323	220	63	83	21	13
ENSMUSG00000020992	34	87	141	120	13	22	16	19
ENSMUSG00000020993	42	29	35	28	2	1	1	1
ENSMUSG00000020994	76	47	32	66	7	2	4	2
ENSMUSG00000021000	58	90	60	41	7	7	2	7
ENSMUSG00000021003	682	771	678	512	63	85	44	52
ENSMUSG00000021007	145	194	111	120	16	67	27	58
ENSMUSG00000021009	16	16	22	15	2	1	1	2
ENSMUSG00000021010	228	238	227	173	34	83	22	19
ENSMUSG00000021012	264	335	457	204	39	56	74	87
ENSMUSG00000021013	17	15	9	14	1	2	3	4
ENSMUSG00000021018	216	162	188	418	12	12	21	11
ENSMUSG00000021022	49	76	62	86	8	4	6	4
ENSMUSG00000021023	179	163	72	196	7	14	8	8
ENSMUSG00000021024	248	215	155	74	25	48	22	17
ENSMUSG00000021025	284	265	275	200	18	33	11	9
ENSMUSG00000021027	96	67	98	75	4	6	6	5
ENSMUSG00000021028	366	329	122	249	52	44	7	26
ENSMUSG00000021032	71	58	109	93	1	6	2	5
ENSMUSG00000021033	236	191	123	188	16	16	12	16
ENSMUSG00000021036	26	39	75	88	1	0	4	2
ENSMUSG00000021037	39	39	116	53	0	2	3	5
ENSMUSG00000021038	25	32	18	20	2	4	3	1
ENSMUSG00000021039	58	118	197	116	9	14	7	9
ENSMUSG00000021040	205	170	150	204	19	16	17	12
ENSMUSG00000021044	208	108	177	231	8	10	11	11
ENSMUSG00000021047	199	181	211	166	20	9	15	45
ENSMUSG00000021048	95	49	198	90	7	4	12	6
ENSMUSG00000021051	96	58	71	61	15	11	15	10
ENSMUSG00000021054	137	240	171	147	31	34	20	28
ENSMUSG00000021055	164	162	137	120	1	6	5	2
ENSMUSG00000021056	118	61	40	27	9	8	4	2
ENSMUSG00000021057	70	64	25	41	11	24	23	10
ENSMUSG00000021061	82	65	47	72	8	4	7	3
ENSMUSG00000021062	151	84	71	81	11	7	4	4
ENSMUSG00000021065	34	47	32	65	4	7	8	9
ENSMUSG00000021066	25	32	19	51	6	7	2	8
ENSMUSG00000021067	440	217	254	203	92	57	14	17
ENSMUSG00000021068	84	76	80	78	22	9	52	16
ENSMUSG00000021069	37	48	30	28	8	3	7	1
ENSMUSG00000021070	26	35	54	56	2	5	0	7
ENSMUSG00000021071	130	205	207	168	9	9	14	26
ENSMUSG00000021072	482	482	1172	1569	76	81	161	87
ENSMUSG00000021076	158	237	77	325	8	27	3	14
ENSMUSG00000021078	62	93	141	173	4	9	21	17
ENSMUSG00000021079	168	127	146	63	13	13	10	10
ENSMUSG00000021081	84	84	79	34	22	41	15	7
ENSMUSG00000021086	61	110	43	126	11	5	8	25
ENSMUSG00000021087	55	53	63	32	4	1	5	2
ENSMUSG00000021090	93	55	110	55	10	3	8	14
ENSMUSG00000021091	99	68	152	69	9	7	14	12
ENSMUSG00000021094	39	72	42	41	1	6	4	2
ENSMUSG00000021095	62	36	41	20	1	9	3	2
ENSMUSG00000021096	378	237	248	214	27	38	14	26
ENSMUSG00000021097	294	243	477	368	90	136	79	59
ENSMUSG00000021098	197	299	258	167	51	29	27	46
ENSMUSG00000021099	453	292	314	366	6	11	19	20
ENSMUSG00000021101	66	79	78	121	8	8	7	0
ENSMUSG00000021102	36	38	43	24	4	7	2	4
ENSMUSG00000021103	35	33	21	37	13	22	13	9
ENSMUSG00000021108	258	131	194	178	26	15	15	19
ENSMUSG00000021109	357	280	216	369	30	27	117	76
ENSMUSG00000021111	147	80	169	207	28	30	11	33
ENSMUSG00000021112	159	217	308	159	17	46	46	52
ENSMUSG00000021113	248	236	135	192	30	24	39	24
ENSMUSG00000021114	29	44	50	53	15	9	11	14
ENSMUSG00000021115	374	309	207	279	42	52	18	16
ENSMUSG00000021116	68	158	163	83	16	22	56	43
ENSMUSG00000021118	68	52	49	82	10	17	21	11
ENSMUSG00000021120	31	43	32	72	2	3	11	3
ENSMUSG00000021123	239	210	307	243	34	35	26	21
ENSMUSG00000021124	208	120	142	95	9	8	13	10
ENSMUSG00000021125	25	18	12	17	11	3	4	5
ENSMUSG00000021127	99	71	122	56	24	21	15	12
ENSMUSG00000021130	36	34	29	64	4	2	14	10
ENSMUSG00000021131	322	435	574	374	34	39	47	62
ENSMUSG00000021133	269	212	121	111	40	21	12	14
ENSMUSG00000021134	50	40	122	158	9	10	6	14
ENSMUSG00000021135	314	267	453	197	14	16	31	19
ENSMUSG00000021136	81	65	59	61	2	5	1	1
ENSMUSG00000021139	304	389	239	207	7	31	15	8
ENSMUSG00000021140	63	73	140	128	9	10	19	14
ENSMUSG00000021143	259	192	76	196	15	21	16	26
ENSMUSG00000021144	180	142	100	91	35	55	25	16
ENSMUSG00000021147	207	365	354	359	20	18	14	20
ENSMUSG00000021148	19	26	31	12	4	8	2	2
ENSMUSG00000021149	78	123	93	268	22	25	46	76
ENSMUSG00000021156	226	276	336	204	23	23	17	18
ENSMUSG00000021171	61	153	76	73	28	34	44	45
ENSMUSG00000021175	110	392	349	215	72	59	150	147
ENSMUSG00000021176	99	152	137	106	9	12	19	8
ENSMUSG00000021177	238	152	174	235	14	33	49	24
ENSMUSG00000021178	35	61	31	102	2	4	4	5
ENSMUSG00000021179	37	28	33	66	7	7	10	3
ENSMUSG00000021180	67	75	192	135	6	7	19	18
ENSMUSG00000021182	19	11	20	13	7	6	2	1
ENSMUSG00000021185	76	55	90	149	26	10	11	18
ENSMUSG00000021186	219	273	188	281	14	17	21	13
ENSMUSG00000021187	783	1166	883	653	184	118	148	255
ENSMUSG00000021188	75	207	257	248	13	13	25	32
ENSMUSG00000021189	168	102	160	119	10	9	10	11
ENSMUSG00000021190	35	51	77	64	6	1	10	5
ENSMUSG00000021192	29	27	19	19	4	1	6	2
ENSMUSG00000021193	54	89	76	130	34	19	22	15
ENSMUSG00000021194	297	338	164	167	22	22	58	71
ENSMUSG00000021196	35	36	28	64	13	6	24	38
ENSMUSG00000021198	102	157	73	132	11	13	22	8
ENSMUSG00000021200	1598	1515	1010	1372	215	220	117	70
ENSMUSG00000021203	92	130	117	214	14	11	16	26
ENSMUSG00000021207	64	42	69	84	4	13	8	10
ENSMUSG00000021208	43	34	29	62	7	9	6	12
ENSMUSG00000021209	358	433	301	283	57	63	48	90
ENSMUSG00000021210	68	101	67	77	12	9	4	4
ENSMUSG00000021211	65	88	81	104	20	6	14	9
ENSMUSG00000021213	41	59	10	23	12	14	6	6
ENSMUSG00000021214	60	100	163	118	17	10	19	28
ENSMUSG00000021215	231	159	464	712	68	49	118	141
ENSMUSG00000021216	58	17	27	20	4	1	2	2
ENSMUSG00000021217	219	208	155	185	77	58	21	20
ENSMUSG00000021218	72	54	6	42	8	3	3	2
ENSMUSG00000021219	133	75	77	164	14	17	22	24
ENSMUSG00000021221	58	48	47	45	8	2	2	0
ENSMUSG00000021222	119	204	161	180	42	56	49	26
ENSMUSG00000021223	52	70	75	53	17	11	20	28
ENSMUSG00000021224	53	69	123	99	12	12	3	6
ENSMUSG00000021226	565	516	294	327	165	219	44	107
ENSMUSG00000021228	324	411	387	157	26	45	55	69
ENSMUSG00000021234	276	347	260	254	28	17	39	20
ENSMUSG00000021235	223	212	119	134	8	8	8	14
ENSMUSG00000021236	48	116	56	53	9	10	10	10
ENSMUSG00000021238	86	85	119	144	21	21	18	26
ENSMUSG00000021239	11	7	22	10	1	2	1	1
ENSMUSG00000021240	24	33	61	36	1	2	8	2
ENSMUSG00000021241	249	188	87	69	25	6	4	6
ENSMUSG00000021242	120	81	91	83	8	6	13	6
ENSMUSG00000021243	511	426	665	704	76	65	136	77
ENSMUSG00000021244	104	135	69	109	24	20	18	21
ENSMUSG00000021245	118	192	67	108	6	22	11	12
ENSMUSG00000021248	228	334	174	129	22	22	56	61
ENSMUSG00000021250	119	216	300	214	70	43	76	85
ENSMUSG00000021252	61	89	93	64	15	24	12	11
ENSMUSG00000021253	37	57	73	78	8	6	16	11
ENSMUSG00000021254	261	117	186	122	28	48	55	44
ENSMUSG00000021255	63	72	55	42	17	16	14	9
ENSMUSG00000021256	850	809	1306	828	300	307	303	444
ENSMUSG00000021257	384	349	887	604	22	22	35	36
ENSMUSG00000021258	227	386	298	242	14	33	25	29
ENSMUSG00000021259	656	639	423	440	82	49	39	26
ENSMUSG00000021260	84	79	72	79	11	13	15	31
ENSMUSG00000021262	217	402	262	160	15	6	15	23
ENSMUSG00000021263	132	185	191	108	30	32	20	44
ENSMUSG00000021264	7	3	5	4	1	2	0	0
ENSMUSG00000021265	28	43	27	20	2	1	1	2
ENSMUSG00000021266	271	568	421	358	209	219	275	200
ENSMUSG00000021268	1002	1007	1115	981	141	201	160	121
ENSMUSG00000021270	11	13	8	3	2	2	1	0
ENSMUSG00000021271	49	42	65	47	15	9	5	17
ENSMUSG00000021273	128	283	413	350	30	33	64	61
ENSMUSG00000021275	61	87	186	97	16	6	23	18
ENSMUSG00000021276	254	129	207	122	10	19	4	8
ENSMUSG00000021277	102	88	59	63	7	11	8	11
ENSMUSG00000021278	208	157	210	131	41	35	36	44
ENSMUSG00000021279	96	83	90	43	35	34	33	33
ENSMUSG00000021280	135	166	159	110	39	16	27	30
ENSMUSG00000021281	221	108	253	285	27	40	49	25
ENSMUSG00000021282	136	233	453	544	38	34	134	109
ENSMUSG00000021285	56	65	76	37	3	8	5	3
ENSMUSG00000021286	438	812	530	628	38	34	50	60
ENSMUSG00000021287	371	498	279	375	59	93	144	67
ENSMUSG00000021288	152	146	59	89	10	10	7	5
ENSMUSG00000021290	33	26	56	32	4	2	1	6
ENSMUSG00000021294	43	55	82	82	12	19	16	35
ENSMUSG00000021298	40	114	168	235	13	14	16	20
ENSMUSG00000021301	245	481	352	359	96	183	89	114
ENSMUSG00000021302	39	39	82	120	3	2	8	12
ENSMUSG00000021303	944	974	557	674	101	66	64	64
ENSMUSG00000021306	258	109	238	280	119	85	115	180
ENSMUSG00000021311	84	137	153	149	20	22	9	5
ENSMUSG00000021313	70	85	69	117	13	17	19	11
ENSMUSG00000021314	260	210	180	180	15	34	51	32
ENSMUSG00000021318	165	156	172	137	47	34	42	16
ENSMUSG00000021319	284	326	388	284	41	33	79	32
ENSMUSG00000021322	736	388	357	421	73	59	49	58
ENSMUSG00000021326	104	190	139	139	16	5	11	15
ENSMUSG00000021327	126	167	165	61	24	28	28	30
ENSMUSG00000021335	49	47	32	39	7	12	13	17
ENSMUSG00000021336	170	142	214	243	26	24	58	61
ENSMUSG00000021337	313	297	309	349	23	30	33	25
ENSMUSG00000021338	103	207	122	186	16	19	28	25
ENSMUSG00000021339	247	246	263	149	31	9	46	37
ENSMUSG00000021340	1420	1112	1680	1521	132	112	49	44
ENSMUSG00000021342	145	94	191	262	10	10	17	7
ENSMUSG00000021345	68	71	61	151	9	11	11	20
ENSMUSG00000021346	55	53	41	27	14	7	22	10
ENSMUSG00000021347	328	110	123	216	34	33	27	16
ENSMUSG00000021348	129	83	92	90	18	24	13	7
ENSMUSG00000021356	27	53	35	40	6	1	0	2
ENSMUSG00000021357	588	340	594	261	28	13	29	27
ENSMUSG00000021359	131	81	92	139	9	8	7	5
ENSMUSG00000021360	84	115	47	20	9	6	8	5
ENSMUSG00000021361	207	179	160	191	16	17	15	11
ENSMUSG00000021362	90	153	176	198	38	29	27	28
ENSMUSG00000021363	621	590	451	657	123	99	58	76
ENSMUSG00000021364	1520	1579	2386	1469	237	298	271	290
ENSMUSG00000021365	52	71	44	47	6	2	0	1
ENSMUSG00000021366	67	155	117	148	10	21	15	6
ENSMUSG00000021367	116	130	184	301	23	29	21	26
ENSMUSG00000021368	51	75	71	37	12	9	6	11
ENSMUSG00000021371	157	198	128	60	57	73	20	24
ENSMUSG00000021373	14	22	15	22	1	3	4	4
ENSMUSG00000021374	59	86	71	124	8	10	5	10
ENSMUSG00000021375	83	57	60	55	4	1	4	4
ENSMUSG00000021376	102	44	49	98	9	4	7	13
ENSMUSG00000021377	210	170	123	125	3	7	5	7
ENSMUSG00000021379	1144	1194	1673	1242	81	61	55	41
ENSMUSG00000021381	160	232	104	268	15	15	11	19
ENSMUSG00000021384	114	112	120	132	20	23	24	39
ENSMUSG00000021385	33	37	81	37	3	3	7	12
ENSMUSG00000021388	48	63	122	80	4	3	9	4
ENSMUSG00000021390	112	152	114	46	20	11	17	6
ENSMUSG00000021391	40	24	37	13	0	5	2	1
ENSMUSG00000021392	586	646	1247	731	94	137	79	150
ENSMUSG00000021395	146	156	224	303	17	6	37	26
ENSMUSG00000021396	430	511	853	604	42	30	42	68
ENSMUSG00000021400	913	1297	2124	716	243	232	422	466
ENSMUSG00000021403	54	41	18	30	8	7	5	5
ENSMUSG00000021404	521	347	452	537	100	101	100	105
ENSMUSG00000021408	1542	776	559	558	92	163	105	89
ENSMUSG00000021411	86	116	128	73	12	16	12	8
ENSMUSG00000021413	332	328	262	268	75	61	19	23
ENSMUSG00000021414	107	176	112	187	41	73	47	54
ENSMUSG00000021415	96	64	84	61	6	4	3	6
ENSMUSG00000021416	79	76	46	47	7	11	1	3
ENSMUSG00000021417	125	162	153	81	16	19	13	21
ENSMUSG00000021418	358	237	284	410	51	57	81	72
ENSMUSG00000021420	36	12	26	35	0	4	3	2
ENSMUSG00000021423	156	129	298	201	24	32	32	36
ENSMUSG00000021427	84	93	82	69	5	2	5	9
ENSMUSG00000021428	101	171	105	133	13	5	5	14
ENSMUSG00000021431	116	150	111	164	6	13	13	6
ENSMUSG00000021432	56	93	47	62	10	11	7	17
ENSMUSG00000021439	28	27	29	41	5	6	1	4
ENSMUSG00000021440	148	124	25	48	13	4	4	6
ENSMUSG00000021441	261	152	179	117	34	23	42	29
ENSMUSG00000021448	1619	1837	2722	1097	163	288	283	217
ENSMUSG00000021451	19	31	29	35	5	4	2	5
ENSMUSG00000021453	48	39	35	59	4	11	4	3
ENSMUSG00000021456	19	52	28	49	0	1	2	3
ENSMUSG00000021457	154	304	592	316	51	41	71	56
ENSMUSG00000021458	65	82	51	72	15	10	14	8
ENSMUSG00000021460	27	45	106	204	1	2	5	10
ENSMUSG00000021461	13	7	6	8	2	4	1	1
ENSMUSG00000021464	35	57	162	145	2	0	9	3
ENSMUSG00000021466	15	38	24	12	5	4	3	4
ENSMUSG00000021468	898	438	934	733	36	64	47	26
ENSMUSG00000021469	96	179	94	124	36	30	11	14
ENSMUSG00000021470	59	66	95	63	22	7	15	7
ENSMUSG00000021474	553	601	260	227	30	39	24	28
ENSMUSG00000021476	1052	648	233	265	139	75	57	101
ENSMUSG00000021477	50	24	52	59	10	4	6	1
ENSMUSG00000021478	356	260	182	269	40	37	41	41
ENSMUSG00000021481	465	712	775	742	109	118	105	171
ENSMUSG00000021482	305	651	648	309	60	25	45	25
ENSMUSG00000021483	61	54	142	195	13	8	23	13
ENSMUSG00000021484	123	123	99	135	4	21	13	5
ENSMUSG00000021485	18	9	30	24	2	0	3	10
ENSMUSG00000021486	17	24	34	22	1	0	0	1
ENSMUSG00000021488	84	93	117	60	3	5	6	5
ENSMUSG00000021490	216	114	317	258	26	36	35	30
ENSMUSG00000021492	210	156	393	204	50	78	61	63
ENSMUSG00000021493	10	30	25	27	5	2	2	5
ENSMUSG00000021494	213	255	130	189	10	7	15	17
ENSMUSG00000021495	608	872	944	1339	75	42	68	58
ENSMUSG00000021496	7	19	14	21	1	1	1	0
ENSMUSG00000021497	119	100	168	88	7	19	6	6
ENSMUSG00000021499	545	253	246	379	37	41	58	67
ENSMUSG00000021500	117	264	223	129	20	19	20	23
ENSMUSG00000021501	24	21	11	20	7	5	6	1
ENSMUSG00000021504	22	17	21	27	2	1	2	3
ENSMUSG00000021506	83	137	124	78	35	31	26	9
ENSMUSG00000021508	72	85	88	45	4	11	2	3
ENSMUSG00000021509	783	751	672	1053	98	82	98	86
ENSMUSG00000021510	292	367	954	1565	169	108	173	145
ENSMUSG00000021514	31	67	44	41	4	6	0	3
ENSMUSG00000021518	515	391	379	375	60	101	104	103
ENSMUSG00000021519	712	661	579	542	58	86	34	26
ENSMUSG00000021520	22	27	29	26	3	1	2	1
ENSMUSG00000021532	93	180	108	92	7	19	9	16
ENSMUSG00000021534	62	70	53	63	6	3	3	5
ENSMUSG00000021536	70	153	141	124	16	19	9	14
ENSMUSG00000021537	22	23	29	44	2	7	4	3
ENSMUSG00000021538	156	196	115	184	18	8	13	8
ENSMUSG00000021539	207	174	168	175	34	19	21	11
ENSMUSG00000021540	268	235	66	66	86	23	13	12
ENSMUSG00000021541	235	247	188	212	48	34	17	27
ENSMUSG00000021545	240	409	317	410	52	67	68	31
ENSMUSG00000021546	21	40	21	21	3	3	4	2
ENSMUSG00000021548	204	94	133	156	16	26	28	14
ENSMUSG00000021549	140	116	166	116	14	17	7	20
ENSMUSG00000021550	92	107	268	141	9	6	6	13
ENSMUSG00000021552	106	54	80	168	5	7	19	16
ENSMUSG00000021553	41	134	60	31	3	4	1	8
ENSMUSG00000021555	428	418	1182	1048	89	61	71	105
ENSMUSG00000021556	121	124	123	192	4	19	14	33
ENSMUSG00000021557	593	881	756	808	79	77	105	77
ENSMUSG00000021559	169	260	218	372	31	23	42	17
ENSMUSG00000021565	76	86	37	42	5	8	6	7
ENSMUSG00000021566	30	44	38	25	5	3	4	3
ENSMUSG00000021567	155	165	119	164	12	18	14	9
ENSMUSG00000021569	216	251	227	247	130	124	132	60
ENSMUSG00000021572	357	205	327	221	54	90	97	27
ENSMUSG00000021573	151	176	206	197	18	18	57	26
ENSMUSG00000021575	239	430	448	393	61	79	65	88
ENSMUSG00000021576	92	95	38	35	15	11	3	4
ENSMUSG00000021577	36	53	91	98	9	0	2	7
ENSMUSG00000021578	68	88	52	56	3	4	17	11
ENSMUSG00000021579	111	92	109	138	11	16	16	19
ENSMUSG00000021583	118	83	35	51	3	3	6	3
ENSMUSG00000021585	46	39	9	18	2	7	4	2
ENSMUSG00000021587	64	33	52	43	13	3	8	5
ENSMUSG00000021589	357	289	270	413	32	26	40	30
ENSMUSG00000021590	51	59	69	125	5	5	11	11
ENSMUSG00000021591	14	14	20	27	1	1	2	0
ENSMUSG00000021592	223	439	958	813	94	58	208	206
ENSMUSG00000021594	25	37	142	101	7	7	8	15
ENSMUSG00000021595	351	214	120	286	23	28	4	11
ENSMUSG00000021596	63	59	65	54	15	11	7	11
ENSMUSG00000021597	121	143	161	43	19	21	18	39
ENSMUSG00000021598	85	72	25	91	9	7	10	9
ENSMUSG00000021600	426	553	757	1236	48	55	51	80
ENSMUSG00000021604	40	130	80	72	8	21	28	14
ENSMUSG00000021606	382	303	308	262	29	30	15	9
ENSMUSG00000021607	5	9	18	7	2	0	0	1
ENSMUSG00000021608	217	113	116	127	15	14	15	11
ENSMUSG00000021609	49	59	36	36	11	11	6	13
ENSMUSG00000021610	24	14	37	20	0	5	7	6
ENSMUSG00000021611	8	14	8	8	1	2	1	1
ENSMUSG00000021612	62	48	100	62	12	4	13	7
ENSMUSG00000021613	98	62	47	72	7	12	1	2
ENSMUSG00000021614	140	147	198	149	26	28	40	44
ENSMUSG00000021615	369	299	187	226	16	11	15	12
ENSMUSG00000021619	57	86	100	148	4	1	15	5
ENSMUSG00000021620	168	154	161	134	28	41	44	51
ENSMUSG00000021621	117	66	80	117	15	7	7	10
ENSMUSG00000021622	888	773	637	1026	145	85	103	120
ENSMUSG00000021624	46	66	81	158	17	9	11	16
ENSMUSG00000021629	902	888	1403	1052	154	99	234	94
ENSMUSG00000021631	1024	971	1147	1117	111	45	96	96
ENSMUSG00000021635	42	48	42	49	2	2	8	3
ENSMUSG00000021636	170	139	83	91	10	30	4	15
ENSMUSG00000021638	53	55	41	36	5	9	3	10
ENSMUSG00000021639	26	18	62	60	1	2	12	7
ENSMUSG00000021640	38	65	15	16	7	0	4	3
ENSMUSG00000021643	706	495	663	257	34	45	32	33
ENSMUSG00000021645	218	199	228	159	87	89	40	103
ENSMUSG00000021646	233	198	251	163	20	16	28	27
ENSMUSG00000021647	50	64	68	50	5	8	4	3
ENSMUSG00000021650	45	51	50	34	3	6	2	6
ENSMUSG00000021660	899	1799	979	1312	212	255	169	158
ENSMUSG00000021661	131	253	149	163	65	47	21	39
ENSMUSG00000021662	149	118	151	135	19	9	11	13
ENSMUSG00000021665	35	27	67	27	9	11	8	9
ENSMUSG00000021666	97	62	47	47	6	6	7	5
ENSMUSG00000021668	55	35	118	110	10	10	23	11
ENSMUSG00000021669	149	207	170	247	24	26	22	23
ENSMUSG00000021670	14	15	24	27	1	1	1	1
ENSMUSG00000021671	45	44	42	21	9	15	9	7
ENSMUSG00000021675	88	57	60	57	8	21	14	6
ENSMUSG00000021676	54	89	45	62	13	12	10	15
ENSMUSG00000021678	71	64	85	63	5	10	3	1
ENSMUSG00000021679	289	226	173	186	18	17	4	4
ENSMUSG00000021680	127	92	88	136	5	4	11	10
ENSMUSG00000021681	109	119	109	110	7	5	5	9
ENSMUSG00000021684	1525	1481	2784	3411	45	58	272	271
ENSMUSG00000021685	61	48	41	55	7	6	8	5
ENSMUSG00000021686	104	77	198	157	15	21	32	32
ENSMUSG00000021687	137	72	61	37	23	19	13	5
ENSMUSG00000021690	397	235	414	963	87	65	88	176
ENSMUSG00000021692	190	167	79	110	19	11	11	21
ENSMUSG00000021693	166	294	262	180	24	19	28	38
ENSMUSG00000021694	156	73	118	230	10	11	10	24
ENSMUSG00000021696	16	8	23	12	2	9	2	4
ENSMUSG00000021697	198	116	359	264	15	12	25	17
ENSMUSG00000021699	252	231	202	275	90	95	68	79
ENSMUSG00000021700	122	179	235	185	8	15	10	12
ENSMUSG00000021701	584	929	252	545	88	127	66	86
ENSMUSG00000021702	38	47	14	12	5	11	7	4
ENSMUSG00000021703	31	133	105	87	22	18	21	11
ENSMUSG00000021704	221	442	297	418	17	47	33	28
ENSMUSG00000021706	31	16	53	11	0	4	5	5
ENSMUSG00000021707	26	36	57	32	15	3	28	20
ENSMUSG00000021708	147	152	130	156	5	18	14	17
ENSMUSG00000021709	75	84	114	61	12	2	9	2
ENSMUSG00000021710	55	47	47	48	4	8	5	7
ENSMUSG00000021711	303	310	291	315	23	52	31	39
ENSMUSG00000021712	30	19	27	29	0	3	4	1
ENSMUSG00000021713	362	269	127	413	11	22	29	28
ENSMUSG00000021714	30	46	47	80	6	7	15	10
ENSMUSG00000021715	704	740	615	729	43	12	16	40
ENSMUSG00000021716	162	65	117	60	58	64	51	34
ENSMUSG00000021718	22	48	23	19	7	10	0	1
ENSMUSG00000021719	978	1672	1804	1431	72	98	66	105
ENSMUSG00000021720	138	249	113	159	25	18	37	28
ENSMUSG00000021721	106	120	145	111	22	55	34	30
ENSMUSG00000021725	123	90	154	110	36	13	20	35
ENSMUSG00000021728	48	104	104	79	3	5	13	29
ENSMUSG00000021730	435	473	1198	922	72	58	267	184
ENSMUSG00000021731	99	143	125	130	16	10	4	8
ENSMUSG00000021732	55	82	44	95	16	11	10	10
ENSMUSG00000021733	40	54	87	68	7	4	9	6
ENSMUSG00000021737	126	191	127	110	26	16	24	13
ENSMUSG00000021738	359	525	507	533	25	28	36	42
ENSMUSG00000021741	190	296	193	244	41	51	48	62
ENSMUSG00000021743	122	131	129	89	17	13	14	12
ENSMUSG00000021745	593	411	377	400	65	65	47	38
ENSMUSG00000021747	210	121	208	141	16	42	80	60
ENSMUSG00000021748	36	93	86	55	6	16	17	19
ENSMUSG00000021749	31	38	17	13	2	6	8	9
ENSMUSG00000021750	50	47	41	121	15	19	23	12
ENSMUSG00000021751	357	303	441	318	63	74	46	39
ENSMUSG00000021752	77	65	62	48	10	19	16	17
ENSMUSG00000021754	108	138	181	112	9	11	18	6
ENSMUSG00000021756	70	94	74	112	4	8	4	6
ENSMUSG00000021758	173	102	223	150	13	16	16	14
ENSMUSG00000021759	189	103	75	81	13	17	26	25
ENSMUSG00000021760	33	32	14	34	1	2	2	3
ENSMUSG00000021763	28	33	52	13	3	2	5	2
ENSMUSG00000021764	1986	1035	1138	1197	252	312	325	267
ENSMUSG00000021765	273	206	114	81	19	42	4	6
ENSMUSG00000021767	564	586	1100	1394	175	212	244	277
ENSMUSG00000021768	88	52	100	140	18	13	9	10
ENSMUSG00000021770	24	25	30	25	1	1	1	0
ENSMUSG00000021771	358	389	295	552	26	43	62	14
ENSMUSG00000021772	296	215	181	194	18	14	28	12
ENSMUSG00000021773	162	267	140	171	68	53	80	57
ENSMUSG00000021774	209	231	136	129	44	30	26	29
ENSMUSG00000021775	176	267	69	120	62	51	20	21
ENSMUSG00000021779	25	20	21	16	0	3	0	2
ENSMUSG00000021782	70	63	56	99	15	12	12	5
ENSMUSG00000021785	79	49	112	181	8	8	12	4
ENSMUSG00000021786	2277	1555	1525	1616	152	78	116	124
ENSMUSG00000021789	40	57	17	12	4	14	1	1
ENSMUSG00000021790	211	142	390	328	12	9	54	30
ENSMUSG00000021791	418	642	372	670	96	230	134	64
ENSMUSG00000021792	194	165	159	150	25	31	5	10
ENSMUSG00000021794	19	24	37	28	5	6	8	2
ENSMUSG00000021795	141	165	206	180	33	15	51	57
ENSMUSG00000021796	107	111	139	144	14	25	12	13
ENSMUSG00000021797	38	20	49	44	3	3	13	9
ENSMUSG00000021798	228	317	645	680	23	42	62	55
ENSMUSG00000021799	1038	1217	1107	532	76	82	70	47
ENSMUSG00000021803	365	279	318	577	52	66	27	16
ENSMUSG00000021804	692	1021	815	867	128	40	76	141
ENSMUSG00000021806	231	169	193	226	29	12	41	47
ENSMUSG00000021807	23	15	15	32	2	0	0	1
ENSMUSG00000021809	37	41	32	49	4	5	11	8
ENSMUSG00000021810	77	84	81	66	17	25	4	8
ENSMUSG00000021811	75	69	68	86	9	12	11	9
ENSMUSG00000021814	28	24	32	30	2	1	1	1
ENSMUSG00000021815	390	359	380	182	12	31	14	13
ENSMUSG00000021816	784	881	965	1052	97	103	72	94
ENSMUSG00000021819	7	4	9	5	0	0	0	1
ENSMUSG00000021820	197	360	370	337	59	96	72	73
ENSMUSG00000021822	146	196	253	249	29	52	95	64
ENSMUSG00000021823	145	69	87	59	20	27	10	3
ENSMUSG00000021824	341	485	380	594	55	49	30	20
ENSMUSG00000021830	233	108	233	180	37	25	4	11
ENSMUSG00000021831	587	397	743	665	33	63	74	36
ENSMUSG00000021832	599	524	237	613	43	56	33	100
ENSMUSG00000021835	114	64	77	79	11	14	4	10
ENSMUSG00000021838	210	497	321	336	49	17	42	53
ENSMUSG00000021840	34	18	23	15	4	5	7	4
ENSMUSG00000021843	52	74	148	140	7	6	7	15
ENSMUSG00000021846	54	37	20	39	1	3	8	0
ENSMUSG00000021848	532	429	316	475	56	39	96	132
ENSMUSG00000021850	68	117	75	80	12	6	13	14
ENSMUSG00000021852	73	100	128	154	7	5	19	5
ENSMUSG00000021866	276	325	261	342	68	43	56	51
ENSMUSG00000021867	210	215	275	162	27	41	17	30
ENSMUSG00000021868	28	67	74	62	9	6	4	12
ENSMUSG00000021870	604	376	601	760	89	49	51	73
ENSMUSG00000021871	136	101	87	122	17	20	14	9
ENSMUSG00000021872	24	14	28	53	4	4	6	7
ENSMUSG00000021874	953	815	708	863	125	129	175	103
ENSMUSG00000021876	45	26	19	35	5	4	4	4
ENSMUSG00000021877	52	94	105	90	20	14	22	27
ENSMUSG00000021879	1657	1611	675	645	138	99	50	35
ENSMUSG00000021880	67	68	46	36	26	28	9	6
ENSMUSG00000021884	32	41	26	21	0	5	3	5
ENSMUSG00000021886	33	36	46	25	5	7	0	4
ENSMUSG00000021890	90	127	119	160	21	21	16	15
ENSMUSG00000021891	64	62	66	46	16	6	10	20
ENSMUSG00000021892	109	64	167	205	23	12	50	28
ENSMUSG00000021893	214	292	258	261	21	25	15	15
ENSMUSG00000021895	387	296	219	225	165	95	86	91
ENSMUSG00000021898	364	94	177	130	21	23	33	17
ENSMUSG00000021900	334	271	365	217	51	88	13	19
ENSMUSG00000021901	103	111	149	99	12	9	16	7
ENSMUSG00000021902	370	372	332	389	41	28	39	33
ENSMUSG00000021903	14	20	26	7	4	0	5	0
ENSMUSG00000021904	37	16	81	41	18	7	8	14
ENSMUSG00000021905	177	119	123	240	13	8	17	17
ENSMUSG00000021906	122	128	83	163	5	2	9	3
ENSMUSG00000021907	161	185	293	265	36	15	16	18
ENSMUSG00000021908	71	117	136	82	5	10	15	19
ENSMUSG00000021910	101	99	24	131	25	27	44	25
ENSMUSG00000021911	90	33	62	48	7	6	27	24
ENSMUSG00000021913	343	332	573	430	25	31	17	28
ENSMUSG00000021916	304	163	342	347	22	16	41	22
ENSMUSG00000021917	125	242	157	215	5	6	7	11
ENSMUSG00000021918	67	121	73	113	17	8	11	25
ENSMUSG00000021919	112	96	273	223	12	7	26	32
ENSMUSG00000021922	96	105	198	144	29	9	37	27
ENSMUSG00000021927	539	467	567	398	31	41	65	84
ENSMUSG00000021928	1636	1087	1637	2441	172	211	124	320
ENSMUSG00000021929	37	44	41	54	3	3	2	3
ENSMUSG00000021930	66	108	185	128	38	30	58	26
ENSMUSG00000021932	127	146	101	74	5	8	8	9
ENSMUSG00000021933	765	345	1039	646	226	154	125	164
ENSMUSG00000021936	206	501	757	752	84	30	106	108
ENSMUSG00000021938	53	68	59	65	7	10	3	11
ENSMUSG00000021939	88	41	132	71	9	7	12	12
ENSMUSG00000021940	297	239	169	331	88	46	44	61
ENSMUSG00000021943	63	52	61	22	9	6	4	4
ENSMUSG00000021944	29	72	17	36	6	3	3	1
ENSMUSG00000021945	83	48	46	91	9	10	1	5
ENSMUSG00000021947	180	189	126	306	4	3	6	15
ENSMUSG00000021948	144	347	239	135	19	7	20	28
ENSMUSG00000021950	157	79	202	247	18	34	61	46
ENSMUSG00000021951	69	64	217	101	27	37	15	21
ENSMUSG00000021952	393	135	156	202	10	14	16	9
ENSMUSG00000021953	159	112	178	86	13	13	8	11
ENSMUSG00000021957	39	95	26	19	10	19	5	5
ENSMUSG00000021958	331	219	646	556	16	13	48	26
ENSMUSG00000021959	693	891	832	806	122	72	88	79
ENSMUSG00000021961	614	665	329	364	63	39	26	26
ENSMUSG00000021962	464	188	276	548	25	37	48	41
ENSMUSG00000021963	121	126	93	114	6	16	18	20
ENSMUSG00000021965	51	56	66	45	11	6	4	1
ENSMUSG00000021966	166	143	139	136	23	34	37	60
ENSMUSG00000021967	117	97	115	96	8	3	13	8
ENSMUSG00000021969	271	210	311	195	19	12	12	20
ENSMUSG00000021972	21	27	27	10	1	7	1	1
ENSMUSG00000021973	62	163	151	110	33	30	34	36
ENSMUSG00000021974	65	70	55	55	9	7	4	5
ENSMUSG00000021975	46	110	74	70	7	19	24	7
ENSMUSG00000021977	437	428	471	574	32	30	23	32
ENSMUSG00000021978	720	773	825	933	133	79	123	217
ENSMUSG00000021981	39	30	62	22	3	1	4	5
ENSMUSG00000021982	229	221	285	74	8	12	8	16
ENSMUSG00000021983	450	844	450	222	36	32	14	16
ENSMUSG00000021986	64	90	91	83	45	66	39	39
ENSMUSG00000021987	62	42	21	69	5	21	8	9
ENSMUSG00000021990	47	104	128	74	27	21	7	13
ENSMUSG00000021991	39	35	38	34	4	5	1	0
ENSMUSG00000021993	263	158	154	162	26	25	31	35
ENSMUSG00000021994	80	168	152	90	18	19	20	23
ENSMUSG00000021996	40	32	38	23	5	6	1	5
ENSMUSG00000021997	119	62	68	112	0	6	4	1
ENSMUSG00000021998	152	273	251	207	21	19	24	20
ENSMUSG00000021999	224	196	131	225	28	14	9	12
ENSMUSG00000022000	305	428	305	230	49	29	37	39
ENSMUSG00000022002	110	149	121	197	15	4	6	11
ENSMUSG00000022003	60	34	31	28	9	13	16	14
ENSMUSG00000022008	158	99	110	133	18	9	11	6
ENSMUSG00000022009	89	153	57	60	14	23	9	13
ENSMUSG00000022010	545	410	474	347	39	52	83	43
ENSMUSG00000022012	319	528	352	660	34	66	28	4
ENSMUSG00000022013	51	71	50	100	4	7	5	4
ENSMUSG00000022014	459	309	249	219	99	60	93	107
ENSMUSG00000022015	125	59	59	92	11	7	11	4
ENSMUSG00000022016	547	543	355	667	15	32	64	56
ENSMUSG00000022018	142	223	133	282	31	41	26	43
ENSMUSG00000022019	169	212	322	466	21	19	33	31
ENSMUSG00000022020	128	262	138	149	2	22	3	13
ENSMUSG00000022021	15	10	12	7	3	2	0	0
ENSMUSG00000022022	163	171	194	156	12	22	14	22
ENSMUSG00000022023	50	61	45	29	15	8	5	5
ENSMUSG00000022024	173	157	166	109	21	13	14	11
ENSMUSG00000022025	53	44	61	88	30	17	64	46
ENSMUSG00000022026	63	85	52	48	13	8	3	1
ENSMUSG00000022031	34	26	38	26	1	1	2	0
ENSMUSG00000022032	82	67	27	50	1	3	0	0
ENSMUSG00000022033	28	34	34	30	3	0	3	0
ENSMUSG00000022034	333	584	701	228	116	120	185	171
ENSMUSG00000022035	40	48	46	36	13	16	9	7
ENSMUSG00000022037	374	154	280	491	15	33	16	9
ENSMUSG00000022039	71	68	67	77	9	14	15	20
ENSMUSG00000022040	480	447	152	249	33	32	21	24
ENSMUSG00000022041	118	128	95	126	19	21	12	18
ENSMUSG00000022043	25	20	27	14	4	2	2	1
ENSMUSG00000022044	37	54	52	67	9	4	8	4
ENSMUSG00000022048	138	180	145	160	9	3	5	7
ENSMUSG00000022051	19	34	23	33	4	4	4	3
ENSMUSG00000022052	74	52	82	39	6	5	1	2
ENSMUSG00000022053	114	90	148	126	4	5	14	8
ENSMUSG00000022054	307	482	469	205	94	43	91	62
ENSMUSG00000022055	47	21	42	48	12	7	15	4
ENSMUSG00000022056	79	100	122	93	19	17	18	14
ENSMUSG00000022057	38	36	33	25	7	6	5	1
ENSMUSG00000022061	21	32	26	18	4	3	3	5
ENSMUSG00000022064	17	15	6	10	0	1	1	0
ENSMUSG00000022066	61	86	62	85	5	7	10	3
ENSMUSG00000022070	15	36	32	38	4	4	3	4
ENSMUSG00000022074	394	227	535	727	14	31	57	26
ENSMUSG00000022075	43	128	63	80	9	14	5	9
ENSMUSG00000022076	368	549	671	746	49	45	102	51
ENSMUSG00000022085	275	314	69	90	14	11	9	9
ENSMUSG00000022089	149	75	94	88	9	13	5	17
ENSMUSG00000022090	21	23	69	58	3	5	9	8
ENSMUSG00000022091	326	313	457	299	29	28	18	9
ENSMUSG00000022092	424	280	532	396	77	54	43	31
ENSMUSG00000022094	14	26	26	61	1	2	3	3
ENSMUSG00000022095	73	107	142	185	32	30	28	21
ENSMUSG00000022096	116	67	57	59	1	4	9	4
ENSMUSG00000022097	106	179	91	127	2	3	11	5
ENSMUSG00000022098	177	267	188	213	13	27	61	49
ENSMUSG00000022099	73	108	67	93	8	5	4	10
ENSMUSG00000022100	15	7	17	23	1	0	3	0
ENSMUSG00000022101	93	79	175	76	13	24	17	22
ENSMUSG00000022102	123	102	179	99	45	26	62	74
ENSMUSG00000022103	28	21	17	28	8	8	1	2
ENSMUSG00000022105	131	90	132	82	9	9	8	11
ENSMUSG00000022106	284	360	349	499	60	36	67	46
ENSMUSG00000022108	417	488	376	427	52	67	64	83
ENSMUSG00000022109	139	163	123	169	18	24	40	31
ENSMUSG00000022110	91	81	102	113	11	6	4	3
ENSMUSG00000022111	241	313	246	189	30	19	36	20
ENSMUSG00000022112	39	61	54	37	2	4	2	1
ENSMUSG00000022113	22	16	30	14	1	3	1	3
ENSMUSG00000022114	52	48	47	54	2	5	2	4
ENSMUSG00000022116	198	98	71	168	15	14	10	28
ENSMUSG00000022119	61	41	50	35	1	2	3	4
ENSMUSG00000022120	28	21	14	17	4	5	0	1
ENSMUSG00000022122	56	88	51	63	9	4	1	4
ENSMUSG00000022123	149	116	160	176	6	12	5	3
ENSMUSG00000022124	125	107	78	103	17	15	24	23
ENSMUSG00000022125	119	158	148	201	16	11	20	24
ENSMUSG00000022126	126	73	72	91	12	7	7	6
ENSMUSG00000022129	120	250	175	62	10	14	13	3
ENSMUSG00000022130	74	92	91	98	12	17	16	10
ENSMUSG00000022131	192	284	189	162	12	23	21	7
ENSMUSG00000022132	75	41	27	10	4	11	9	2
ENSMUSG00000022136	84	100	21	26	2	10	5	6
ENSMUSG00000022139	14	35	16	15	3	4	3	3
ENSMUSG00000022141	163	143	128	114	24	16	10	12
ENSMUSG00000022142	172	147	149	172	34	44	49	54
ENSMUSG00000022144	66	120	293	320	13	20	29	37
ENSMUSG00000022146	174	115	113	116	6	9	8	7
ENSMUSG00000022148	133	92	131	60	10	11	12	10
ENSMUSG00000022149	205	463	304	228	24	29	40	35
ENSMUSG00000022150	129	78	92	178	11	8	16	20
ENSMUSG00000022151	44	96	104	122	23	7	41	16
ENSMUSG00000022155	107	47	67	80	1	2	3	1
ENSMUSG00000022156	17	21	26	25	0	0	4	5
ENSMUSG00000022157	134	137	205	124	6	12	5	3
ENSMUSG00000022159	91	120	113	104	31	17	21	14
ENSMUSG00000022160	129	103	213	212	21	20	20	25
ENSMUSG00000022174	229	321	263	231	25	26	21	44
ENSMUSG00000022175	165	190	347	464	34	38	29	22
ENSMUSG00000022176	15	20	31	29	3	4	4	6
ENSMUSG00000022177	26	31	18	27	5	1	1	7
ENSMUSG00000022178	112	109	222	158	32	61	70	39
ENSMUSG00000022179	112	136	91	226	6	10	8	10
ENSMUSG00000022180	76	79	110	85	10	12	11	7
ENSMUSG00000022181	155	259	101	197	50	22	16	4
ENSMUSG00000022184	759	754	477	310	60	104	36	63
ENSMUSG00000022185	344	313	110	121	41	40	36	11
ENSMUSG00000022186	217	317	167	194	44	67	39	62
ENSMUSG00000022187	156	247	129	214	27	11	29	36
ENSMUSG00000022191	134	149	113	58	19	7	7	10
ENSMUSG00000022193	100	98	92	138	7	2	3	7
ENSMUSG00000022194	309	252	149	164	57	113	75	86
ENSMUSG00000022195	108	52	99	90	10	11	7	8
ENSMUSG00000022197	22	15	12	24	1	3	0	0
ENSMUSG00000022199	114	305	171	268	26	19	34	33
ENSMUSG00000022200	48	151	32	72	6	11	2	3
ENSMUSG00000022201	1279	748	2572	1533	98	115	162	216
ENSMUSG00000022203	68	53	76	64	8	9	13	11
ENSMUSG00000022204	14	47	11	6	0	1	2	3
ENSMUSG00000022205	92	43	78	54	17	17	35	20
ENSMUSG00000022206	76	84	119	150	9	17	19	12
ENSMUSG00000022208	115	74	90	99	18	24	8	14
ENSMUSG00000022209	43	51	27	49	3	7	9	8
ENSMUSG00000022210	48	33	41	37	2	3	7	5
ENSMUSG00000022211	93	91	136	131	10	15	11	15
ENSMUSG00000022212	27	53	40	12	6	2	5	3
ENSMUSG00000022214	239	234	218	157	11	17	23	4
ENSMUSG00000022215	21	17	13	34	0	8	7	2
ENSMUSG00000022216	248	227	373	372	27	30	12	64
ENSMUSG00000022217	121	95	117	207	17	11	7	7
ENSMUSG00000022218	525	925	655	879	112	74	57	135
ENSMUSG00000022219	454	598	298	586	22	72	43	42
ENSMUSG00000022220	50	99	114	123	13	20	12	5
ENSMUSG00000022221	72	72	78	75	6	6	27	30
ENSMUSG00000022223	117	183	188	162	9	8	13	16
ENSMUSG00000022225	33	83	23	23	14	16	5	10
ENSMUSG00000022226	543	786	351	238	171	88	60	152
ENSMUSG00000022227	56	17	42	40	5	1	4	3
ENSMUSG00000022228	18	19	4	10	1	0	1	2
ENSMUSG00000022229	297	382	372	609	46	46	18	35
ENSMUSG00000022231	99	113	35	46	6	4	3	7
ENSMUSG00000022234	34	58	53	42	2	5	0	3
ENSMUSG00000022235	45	47	17	39	2	6	1	4
ENSMUSG00000022236	155	330	253	226	2	4	5	0
ENSMUSG00000022237	49	64	32	73	4	5	9	12
ENSMUSG00000022240	236	221	350	481	17	29	21	23
ENSMUSG00000022241	38	27	58	29	5	1	1	0
ENSMUSG00000022243	249	173	195	199	9	16	21	8
ENSMUSG00000022244	397	383	417	417	35	51	41	14
ENSMUSG00000022245	350	132	185	201	18	24	29	32
ENSMUSG00000022246	164	127	400	273	15	5	22	18
ENSMUSG00000022247	200	223	172	134	18	35	22	24
ENSMUSG00000022248	100	72	129	63	31	16	24	13
ENSMUSG00000022249	142	71	108	79	19	17	7	9
ENSMUSG00000022253	30	33	78	104	3	3	6	10
ENSMUSG00000022255	139	206	245	188	19	21	8	8
ENSMUSG00000022257	74	64	48	69	4	1	1	1
ENSMUSG00000022261	29	63	53	46	5	7	6	13
ENSMUSG00000022262	577	371	710	760	46	5	31	24
ENSMUSG00000022263	477	215	427	385	78	46	102	111
ENSMUSG00000022265	93	62	99	35	13	10	14	13
ENSMUSG00000022269	270	203	372	490	48	60	105	102
ENSMUSG00000022270	53	124	160	160	6	13	20	20
ENSMUSG00000022272	54	24	31	57	2	2	2	3
ENSMUSG00000022280	691	557	287	311	23	22	34	45
ENSMUSG00000022283	15	19	12	22	5	3	9	12
ENSMUSG00000022285	105	142	131	186	18	21	10	13
ENSMUSG00000022286	633	511	621	810	40	60	51	49
ENSMUSG00000022288	21	28	38	37	1	4	8	3
ENSMUSG00000022292	59	43	39	25	3	3	2	1
ENSMUSG00000022295	122	133	172	68	32	35	26	31
ENSMUSG00000022296	65	94	72	36	6	5	5	1
ENSMUSG00000022297	155	112	127	108	18	20	14	10
ENSMUSG00000022299	46	64	42	58	7	14	3	6
ENSMUSG00000022300	601	349	563	584	39	27	57	40
ENSMUSG00000022303	222	132	132	201	30	31	22	13
ENSMUSG00000022304	99	107	62	17	21	6	5	9
ENSMUSG00000022305	16	22	8	24	1	0	1	1
ENSMUSG00000022306	79	62	69	62	19	16	64	37
ENSMUSG00000022307	129	140	157	170	47	41	17	24
ENSMUSG00000022309	123	96	80	136	6	8	8	7
ENSMUSG00000022311	259	204	267	422	35	39	93	48
ENSMUSG00000022312	121	136	127	120	14	18	15	14
ENSMUSG00000022313	103	162	474	494	34	25	45	41
ENSMUSG00000022314	236	544	297	249	33	28	13	11
ENSMUSG00000022315	70	48	58	96	5	2	10	14
ENSMUSG00000022321	44	42	63	42	6	7	8	3
ENSMUSG00000022322	133	67	94	54	14	21	15	16
ENSMUSG00000022323	195	105	140	223	13	12	8	10
ENSMUSG00000022324	268	352	214	155	21	17	25	28
ENSMUSG00000022325	605	449	281	328	186	167	170	181
ENSMUSG00000022329	128	230	159	167	8	10	17	6
ENSMUSG00000022330	222	190	186	159	27	39	15	18
ENSMUSG00000022332	62	68	73	80	3	3	12	18
ENSMUSG00000022335	313	229	122	108	76	84	15	52
ENSMUSG00000022336	102	139	44	43	18	13	2	10
ENSMUSG00000022337	78	78	102	106	24	13	18	20
ENSMUSG00000022338	42	57	64	38	13	9	4	8
ENSMUSG00000022339	316	229	313	298	12	20	28	23
ENSMUSG00000022340	697	647	1190	427	86	74	79	101
ENSMUSG00000022342	81	50	58	66	26	24	32	27
ENSMUSG00000022346	36	19	35	27	4	0	2	2
ENSMUSG00000022347	916	527	1345	1716	66	37	262	180
ENSMUSG00000022350	87	277	147	87	11	20	24	18
ENSMUSG00000022351	407	296	556	581	24	28	48	67
ENSMUSG00000022353	272	262	239	256	18	22	9	7
ENSMUSG00000022354	162	99	119	92	9	21	14	17
ENSMUSG00000022357	194	195	377	335	27	20	37	60
ENSMUSG00000022358	35	52	11	33	4	8	10	5
ENSMUSG00000022359	179	126	121	227	22	15	19	22
ENSMUSG00000022360	91	101	69	60	11	9	11	9
ENSMUSG00000022361	285	345	262	291	16	103	24	66
ENSMUSG00000022362	40	95	85	72	19	16	32	21
ENSMUSG00000022364	179	96	136	140	24	17	16	22
ENSMUSG00000022365	43	49	28	61	8	9	16	9
ENSMUSG00000022366	26	31	10	12	2	5	6	5
ENSMUSG00000022367	2048	3139	2362	1636	90	130	245	294
ENSMUSG00000022369	280	247	128	176	54	30	42	26
ENSMUSG00000022370	223	256	170	257	25	53	78	56
ENSMUSG00000022371	43	36	31	22	8	7	4	1
ENSMUSG00000022372	163	114	87	104	8	9	3	3
ENSMUSG00000022375	329	633	576	579	64	54	80	79
ENSMUSG00000022376	1507	717	2261	1216	110	107	95	80
ENSMUSG00000022377	100	114	56	78	5	1	7	9
ENSMUSG00000022378	129	103	213	456	9	12	17	16
ENSMUSG00000022382	18	26	32	16	0	3	6	1
ENSMUSG00000022383	83	88	75	120	1	11	2	6
ENSMUSG00000022385	91	261	152	108	28	19	17	8
ENSMUSG00000022386	79	54	58	50	5	7	6	7
ENSMUSG00000022387	110	96	65	102	12	5	8	11
ENSMUSG00000022388	120	101	114	116	5	7	4	5
ENSMUSG00000022389	147	99	170	171	9	11	14	18
ENSMUSG00000022390	179	119	112	211	20	6	11	9
ENSMUSG00000022391	28	38	32	28	8	3	3	3
ENSMUSG00000022394	244	478	281	344	22	41	15	33
ENSMUSG00000022400	218	187	401	271	26	44	27	44
ENSMUSG00000022401	336	294	480	462	54	47	83	94
ENSMUSG00000022403	87	78	35	90	9	11	11	24
ENSMUSG00000022404	206	262	85	103	35	31	21	15
ENSMUSG00000022407	70	104	81	86	17	13	15	6
ENSMUSG00000022408	302	178	354	427	20	29	29	29
ENSMUSG00000022412	25	22	32	16	3	4	5	5
ENSMUSG00000022414	287	296	336	372	45	102	126	207
ENSMUSG00000022415	36	44	55	49	1	3	8	7
ENSMUSG00000022416	39	24	48	44	1	4	2	2
ENSMUSG00000022419	168	91	194	301	9	12	35	30
ENSMUSG00000022420	52	54	37	36	1	4	8	3
ENSMUSG00000022421	155	248	90	65	13	25	16	17
ENSMUSG00000022422	1478	743	1175	1835	91	189	140	149
ENSMUSG00000022425	317	205	215	130	44	39	54	32
ENSMUSG00000022426	86	131	164	203	9	12	51	31
ENSMUSG00000022427	818	654	1252	1004	111	144	116	70
ENSMUSG00000022428	452	509	231	396	51	63	49	63
ENSMUSG00000022429	58	49	50	55	9	13	11	10
ENSMUSG00000022431	150	139	192	170	50	39	58	81
ENSMUSG00000022432	332	398	653	901	91	97	65	88
ENSMUSG00000022433	109	243	265	141	49	30	46	60
ENSMUSG00000022434	17	12	11	7	1	4	1	0
ENSMUSG00000022435	155	110	150	231	57	43	41	23
ENSMUSG00000022436	25	18	17	16	1	1	3	0
ENSMUSG00000022437	105	114	49	64	10	21	10	16
ENSMUSG00000022438	2013	1701	1173	1311	236	316	456	219
ENSMUSG00000022439	288	301	190	181	20	23	28	73
ENSMUSG00000022440	143	104	106	114	17	22	9	8
ENSMUSG00000022441	868	769	318	819	58	98	62	60
ENSMUSG00000022442	151	295	443	459	29	38	18	28
ENSMUSG00000022443	102	133	121	58	6	7	3	1
ENSMUSG00000022445	74	150	91	132	8	7	7	13
ENSMUSG00000022449	168	315	152	336	21	28	76	77
ENSMUSG00000022450	131	133	105	97	20	14	11	15
ENSMUSG00000022451	79	69	56	59	10	10	2	6
ENSMUSG00000022452	247	213	103	145	31	48	16	4
ENSMUSG00000022453	62	36	23	35	6	13	7	9
ENSMUSG00000022454	362	265	370	656	46	28	45	57
ENSMUSG00000022455	39	49	54	57	1	3	10	7
ENSMUSG00000022456	83	51	32	101	9	6	9	3
ENSMUSG00000022462	28	65	15	15	10	6	6	2
ENSMUSG00000022463	14	26	16	11	5	3	1	3
ENSMUSG00000022464	104	40	58	75	0	2	0	4
ENSMUSG00000022466	259	383	604	349	64	40	81	83
ENSMUSG00000022468	29	64	42	30	17	5	9	11
ENSMUSG00000022469	730	1014	1334	528	160	175	36	65
ENSMUSG00000022471	42	34	16	37	6	2	3	2
ENSMUSG00000022472	31	35	50	34	7	3	4	5
ENSMUSG00000022474	166	135	69	111	10	5	3	4
ENSMUSG00000022475	77	51	53	28	11	6	7	10
ENSMUSG00000022476	128	126	393	243	13	15	39	34
ENSMUSG00000022477	526	543	440	380	44	35	60	49
ENSMUSG00000022479	54	80	53	88	5	11	6	7
ENSMUSG00000022483	175	140	58	164	14	11	6	10
ENSMUSG00000022484	103	74	63	53	15	12	9	8
ENSMUSG00000022485	58	102	31	73	6	6	14	3
ENSMUSG00000022487	87	73	71	69	15	16	6	14
ENSMUSG00000022488	75	70	55	45	10	9	4	5
ENSMUSG00000022489	35	20	30	23	5	4	3	2
ENSMUSG00000022490	86	99	41	60	7	15	7	6
ENSMUSG00000022491	15	17	19	12	6	10	5	5
ENSMUSG00000022494	73	112	97	260	12	7	10	6
ENSMUSG00000022496	257	315	64	54	9	8	8	8
ENSMUSG00000022498	77	86	115	99	15	6	34	45
ENSMUSG00000022500	327	292	242	371	24	32	48	45
ENSMUSG00000022501	25	15	22	24	2	2	1	2
ENSMUSG00000022503	105	127	75	66	7	11	7	8
ENSMUSG00000022504	22	18	16	27	2	4	4	2
ENSMUSG00000022505	133	166	128	115	7	4	19	15
ENSMUSG00000022507	82	68	135	66	14	11	1	2
ENSMUSG00000022508	307	223	221	368	11	25	18	10
ENSMUSG00000022510	260	630	150	518	51	90	98	123
ENSMUSG00000022512	181	113	166	215	29	21	15	20
ENSMUSG00000022514	399	261	311	367	52	71	87	74
ENSMUSG00000022515	146	167	260	305	3	4	23	23
ENSMUSG00000022516	27	19	14	10	0	2	1	1
ENSMUSG00000022517	195	190	206	206	67	47	35	55
ENSMUSG00000022518	440	602	387	377	45	57	62	61
ENSMUSG00000022519	34	52	31	22	10	13	11	7
ENSMUSG00000022521	65	74	81	88	10	7	9	17
ENSMUSG00000022523	586	734	388	279	38	39	29	23
ENSMUSG00000022525	146	352	511	558	33	23	32	25
ENSMUSG00000022526	468	637	654	855	86	79	182	119
ENSMUSG00000022528	526	431	798	846	41	84	62	50
ENSMUSG00000022529	110	96	90	81	10	7	14	5
ENSMUSG00000022533	19	22	18	26	2	1	5	3
ENSMUSG00000022534	209	178	142	161	34	32	18	42
ENSMUSG00000022536	145	122	112	139	4	9	9	13
ENSMUSG00000022537	29	23	25	23	1	5	2	4
ENSMUSG00000022538	126	126	73	152	6	9	3	4
ENSMUSG00000022540	346	351	184	236	26	25	37	18
ENSMUSG00000022542	2217	1665	600	835	237	358	184	196
ENSMUSG00000022543	115	145	148	229	8	20	12	10
ENSMUSG00000022544	196	132	206	195	93	79	78	158
ENSMUSG00000022545	410	499	300	598	64	78	140	177
ENSMUSG00000022546	10	14	7	7	0	0	1	1
ENSMUSG00000022548	780	492	357	335	109	76	106	85
ENSMUSG00000022550	67	81	50	70	24	18	7	21
ENSMUSG00000022551	171	119	299	269	16	26	35	40
ENSMUSG00000022552	265	331	181	256	84	28	18	16
ENSMUSG00000022553	118	115	138	119	18	15	5	10
ENSMUSG00000022554	243	139	227	187	36	28	53	49
ENSMUSG00000022555	168	293	151	99	44	27	52	52
ENSMUSG00000022556	25	39	25	43	5	3	4	6
ENSMUSG00000022557	98	108	145	110	5	36	22	4
ENSMUSG00000022558	586	378	959	745	52	18	87	97
ENSMUSG00000022559	36	34	24	27	0	5	5	6
ENSMUSG00000022560	995	814	522	517	74	54	49	66
ENSMUSG00000022561	86	78	141	149	21	11	14	37
ENSMUSG00000022562	223	145	253	238	27	27	59	53
ENSMUSG00000022564	127	38	102	144	4	8	11	27
ENSMUSG00000022565	118	76	104	118	20	13	16	29
ENSMUSG00000022568	338	305	183	332	8	9	22	11
ENSMUSG00000022570	54	35	31	38	3	7	2	8
ENSMUSG00000022571	62	140	24	40	6	9	2	1
ENSMUSG00000022574	46	108	57	54	11	5	3	13
ENSMUSG00000022575	335	345	236	305	51	26	26	40
ENSMUSG00000022577	83	113	144	164	11	13	5	5
ENSMUSG00000022579	290	271	464	511	66	80	55	49
ENSMUSG00000022580	130	203	183	218	14	21	28	13
ENSMUSG00000022582	79	70	63	92	2	5	4	5
ENSMUSG00000022583	97	99	156	183	17	19	19	11
ENSMUSG00000022584	309	587	564	245	26	29	65	29
ENSMUSG00000022586	275	162	110	142	18	17	23	28
ENSMUSG00000022587	89	129	94	31	13	10	11	20
ENSMUSG00000022589	541	502	471	490	68	51	27	78
ENSMUSG00000022591	68	56	80	64	12	20	12	8
ENSMUSG00000022594	90	152	80	97	7	8	19	8
ENSMUSG00000022595	69	121	140	83	8	6	11	10
ENSMUSG00000022596	181	100	85	63	10	11	10	9
ENSMUSG00000022598	34	31	25	47	3	4	7	11
ENSMUSG00000022601	79	59	68	43	5	10	8	11
ENSMUSG00000022602	52	133	78	64	2	3	9	4
ENSMUSG00000022603	138	89	114	127	6	10	7	5
ENSMUSG00000022604	147	156	218	159	34	39	32	24
ENSMUSG00000022607	11	12	20	9	2	0	4	2
ENSMUSG00000022610	39	43	12	11	15	8	9	5
ENSMUSG00000022613	364	416	294	445	215	181	123	255
ENSMUSG00000022614	79	156	123	165	10	7	12	10
ENSMUSG00000022615	716	732	680	722	39	37	57	73
ENSMUSG00000022617	1	7	8	3	0	2	1	2
ENSMUSG00000022619	196	152	363	122	24	43	25	42
ENSMUSG00000022620	57	80	52	55	3	2	3	2
ENSMUSG00000022621	115	70	53	125	14	7	12	14
ENSMUSG00000022622	300	250	514	357	60	49	56	59
ENSMUSG00000022623	860	659	734	634	200	211	131	180
ENSMUSG00000022629	19	20	16	35	1	1	1	4
ENSMUSG00000022634	32	34	35	29	7	13	2	2
ENSMUSG00000022635	102	57	80	61	22	3	14	12
ENSMUSG00000022636	55	42	56	41	5	2	6	1
ENSMUSG00000022637	286	182	297	433	17	28	52	22
ENSMUSG00000022639	1584	1536	2405	2158	96	183	243	328
ENSMUSG00000022641	164	161	123	94	7	6	19	4
ENSMUSG00000022650	347	922	805	849	114	102	145	172
ENSMUSG00000022651	119	175	153	197	17	16	27	12
ENSMUSG00000022652	49	54	83	71	3	0	4	5
ENSMUSG00000022656	60	62	81	66	10	20	18	5
ENSMUSG00000022657	708	1217	691	650	87	125	72	57
ENSMUSG00000022658	95	125	240	199	23	16	28	21
ENSMUSG00000022659	868	668	555	1252	113	127	104	199
ENSMUSG00000022661	524	259	213	468	7	28	60	92
ENSMUSG00000022663	71	84	104	63	8	8	3	5
ENSMUSG00000022664	83	64	34	76	7	13	8	5
ENSMUSG00000022665	163	144	163	77	15	17	44	69
ENSMUSG00000022667	161	444	388	563	30	38	50	49
ENSMUSG00000022668	169	256	225	186	4	19	7	19
ENSMUSG00000022671	97	133	93	169	27	17	48	27
ENSMUSG00000022672	43	82	81	59	8	8	5	3
ENSMUSG00000022673	56	47	62	65	8	4	6	7
ENSMUSG00000022674	91	68	150	107	22	8	29	63
ENSMUSG00000022676	126	66	59	43	19	9	30	12
ENSMUSG00000022677	143	214	147	146	71	73	40	40
ENSMUSG00000022678	100	119	197	78	3	9	16	10
ENSMUSG00000022679	46	87	55	50	5	6	6	9
ENSMUSG00000022680	105	231	94	80	11	23	11	17
ENSMUSG00000022681	61	44	52	49	8	11	9	10
ENSMUSG00000022682	300	581	454	365	32	38	70	83
ENSMUSG00000022683	123	132	106	160	33	27	71	50
ENSMUSG00000022684	157	55	99	62	14	14	16	33
ENSMUSG00000022685	221	195	81	273	4	12	5	8
ENSMUSG00000022686	286	482	176	297	29	24	35	30
ENSMUSG00000022687	509	489	149	619	57	30	86	58
ENSMUSG00000022696	64	89	40	37	13	11	10	11
ENSMUSG00000022698	97	52	48	48	9	8	12	4
ENSMUSG00000022701	375	230	190	427	16	38	47	37
ENSMUSG00000022702	248	206	164	248	78	74	25	31
ENSMUSG00000022704	285	262	370	247	26	19	19	6
ENSMUSG00000022705	20	24	18	6	3	3	6	4
ENSMUSG00000022706	40	49	58	23	5	6	5	3
ENSMUSG00000022707	86	86	47	44	10	9	6	10
ENSMUSG00000022708	112	133	75	52	10	8	0	0
ENSMUSG00000022710	117	133	80	51	21	30	21	33
ENSMUSG00000022711	82	55	67	42	10	7	17	22
ENSMUSG00000022715	158	69	303	243	19	16	33	114
ENSMUSG00000022718	87	86	104	112	18	8	7	5
ENSMUSG00000022721	122	142	136	80	11	6	2	4
ENSMUSG00000022722	29	26	19	26	3	1	2	1
ENSMUSG00000022723	273	163	291	218	34	22	10	19
ENSMUSG00000022724	100	42	71	72	6	9	13	7
ENSMUSG00000022738	234	301	309	262	61	21	46	73
ENSMUSG00000022742	27	40	27	45	1	10	2	7
ENSMUSG00000022744	86	111	150	93	23	25	53	20
ENSMUSG00000022747	369	273	126	152	13	20	11	7
ENSMUSG00000022748	189	179	396	537	35	38	44	53
ENSMUSG00000022749	142	120	85	88	5	1	6	6
ENSMUSG00000022750	45	34	74	49	12	8	37	27
ENSMUSG00000022751	322	436	654	578	74	91	185	207
ENSMUSG00000022752	253	244	55	78	34	44	18	17
ENSMUSG00000022753	75	75	109	78	6	19	11	17
ENSMUSG00000022754	57	93	94	154	5	18	11	9
ENSMUSG00000022755	366	243	308	250	43	46	60	60
ENSMUSG00000022756	31	13	20	13	0	0	0	1
ENSMUSG00000022757	182	186	342	317	22	34	40	70
ENSMUSG00000022758	13	16	10	15	1	0	0	3
ENSMUSG00000022759	34	18	17	28	1	1	2	3
ENSMUSG00000022760	85	142	117	129	18	20	26	15
ENSMUSG00000022761	59	53	84	78	7	11	10	10
ENSMUSG00000022762	24	18	29	25	4	3	2	5
ENSMUSG00000022763	36	63	37	62	5	2	0	5
ENSMUSG00000022765	366	69	136	130	26	20	30	30
ENSMUSG00000022766	11	12	12	6	0	0	2	0
ENSMUSG00000022768	406	126	215	152	46	45	45	56
ENSMUSG00000022769	55	139	83	98	13	8	7	4
ENSMUSG00000022770	56	69	88	88	8	4	5	7
ENSMUSG00000022771	94	101	180	54	40	19	33	26
ENSMUSG00000022772	160	135	259	244	12	17	4	19
ENSMUSG00000022773	264	515	218	348	123	127	130	100
ENSMUSG00000022774	231	114	311	166	9	6	10	15
ENSMUSG00000022779	290	320	295	182	43	43	14	14
ENSMUSG00000022780	565	449	449	455	103	88	96	67
ENSMUSG00000022781	65	133	95	91	6	4	6	2
ENSMUSG00000022783	77	29	184	120	18	19	40	21
ENSMUSG00000022787	8	7	16	22	1	0	0	1
ENSMUSG00000022788	29	17	46	16	4	2	0	1
ENSMUSG00000022789	461	516	839	632	132	158	110	133
ENSMUSG00000022790	678	232	723	257	19	17	12	13
ENSMUSG00000022791	32	72	38	26	3	15	11	2
ENSMUSG00000022792	204	127	241	186	17	16	11	30
ENSMUSG00000022793	318	386	405	374	61	50	50	78
ENSMUSG00000022797	30	38	49	49	9	3	2	3
ENSMUSG00000022798	189	161	146	343	25	31	27	28
ENSMUSG00000022799	175	98	72	126	4	13	3	10
ENSMUSG00000022800	76	52	77	66	2	11	4	7
ENSMUSG00000022801	310	258	313	297	32	35	30	41
ENSMUSG00000022802	197	293	197	104	31	35	15	26
ENSMUSG00000022803	240	247	357	231	26	25	85	25
ENSMUSG00000022805	21	17	31	15	1	3	1	1
ENSMUSG00000022807	31	34	24	46	2	0	0	0
ENSMUSG00000022808	35	36	88	115	7	5	7	14
ENSMUSG00000022809	24	40	34	39	4	5	1	7
ENSMUSG00000022811	108	81	33	52	11	8	6	9
ENSMUSG00000022812	73	87	220	161	31	19	20	27
ENSMUSG00000022814	291	405	292	196	38	25	29	23
ENSMUSG00000022816	34	28	68	68	5	3	6	3
ENSMUSG00000022817	35	38	62	31	3	16	3	6
ENSMUSG00000022818	323	214	286	384	29	23	32	38
ENSMUSG00000022820	178	119	140	160	31	22	26	18
ENSMUSG00000022821	43	66	22	28	13	6	2	2
ENSMUSG00000022822	19	29	35	47	3	3	0	0
ENSMUSG00000022824	263	512	499	267	75	49	52	57
ENSMUSG00000022827	73	63	65	70	9	7	11	9
ENSMUSG00000022828	66	88	148	110	15	23	5	10
ENSMUSG00000022829	698	357	436	1323	50	133	122	83
ENSMUSG00000022831	53	41	17	15	7	3	1	1
ENSMUSG00000022832	103	72	99	134	11	15	18	21
ENSMUSG00000022833	118	130	91	177	13	15	11	5
ENSMUSG00000022836	208	492	129	340	28	66	62	38
ENSMUSG00000022837	171	114	154	330	56	47	35	54
ENSMUSG00000022838	963	1524	1068	1414	208	294	565	377
ENSMUSG00000022840	60	76	42	48	20	5	10	12
ENSMUSG00000022841	38	65	29	15	10	2	1	3
ENSMUSG00000022842	212	254	222	107	23	21	32	21
ENSMUSG00000022843	40	38	25	36	11	11	15	10
ENSMUSG00000022844	102	135	215	218	8	10	15	15
ENSMUSG00000022847	13	23	38	61	9	3	12	7
ENSMUSG00000022848	250	265	258	465	67	27	72	34
ENSMUSG00000022849	65	19	34	71	2	2	5	2
ENSMUSG00000022853	125	79	95	61	8	11	18	21
ENSMUSG00000022855	118	92	29	85	13	12	8	8
ENSMUSG00000022856	451	518	900	703	104	139	79	119
ENSMUSG00000022857	56	69	92	42	9	14	11	12
ENSMUSG00000022858	43	56	51	68	4	8	10	6
ENSMUSG00000022860	82	51	170	146	1	2	5	4
ENSMUSG00000022861	70	100	84	56	3	3	0	5
ENSMUSG00000022863	293	398	244	287	36	36	44	21
ENSMUSG00000022864	34	72	42	44	5	4	2	4
ENSMUSG00000022865	116	196	127	191	30	14	25	11
ENSMUSG00000022867	149	188	270	116	15	10	14	6
ENSMUSG00000022868	106	74	79	96	2	3	16	5
ENSMUSG00000022871	40	53	43	65	9	4	5	8
ENSMUSG00000022875	336	335	218	292	49	47	27	44
ENSMUSG00000022876	75	124	115	71	14	9	3	21
ENSMUSG00000022877	763	1622	734	893	249	284	272	226
ENSMUSG00000022878	344	446	398	336	46	46	56	32
ENSMUSG00000022881	36	52	47	47	3	4	2	2
ENSMUSG00000022883	113	168	114	66	11	3	14	7
ENSMUSG00000022884	16	33	26	38	5	9	9	17
ENSMUSG00000022885	145	129	275	325	10	16	30	32
ENSMUSG00000022886	122	76	46	63	4	9	10	8
ENSMUSG00000022887	91	113	64	108	35	16	17	11
ENSMUSG00000022889	290	302	266	354	15	43	16	24
ENSMUSG00000022890	67	163	186	80	12	23	27	13
ENSMUSG00000022892	288	298	401	331	55	86	69	33
ENSMUSG00000022893	416	338	213	203	21	35	8	8
ENSMUSG00000022894	83	123	126	96	9	11	33	37
ENSMUSG00000022895	83	79	75	113	6	5	3	2
ENSMUSG00000022897	117	139	55	82	11	9	1	2
ENSMUSG00000022898	273	638	612	692	68	37	33	46
ENSMUSG00000022899	89	54	78	80	6	7	7	8
ENSMUSG00000022900	202	97	205	92	27	15	29	25
ENSMUSG00000022901	165	177	144	128	10	17	16	15
ENSMUSG00000022902	29	36	25	18	7	11	13	16
ENSMUSG00000022905	101	109	99	125	14	10	22	10
ENSMUSG00000022906	48	42	59	48	4	7	1	8
ENSMUSG00000022911	261	252	237	219	6	6	9	10
ENSMUSG00000022912	41	28	67	42	5	4	0	3
ENSMUSG00000022913	112	119	142	83	10	22	14	12
ENSMUSG00000022914	207	185	277	294	41	57	51	62
ENSMUSG00000022931	100	51	115	76	13	7	15	7
ENSMUSG00000022935	256	511	486	238	48	44	36	44
ENSMUSG00000022938	51	32	10	13	2	7	3	1
ENSMUSG00000022940	41	56	31	39	7	6	5	2
ENSMUSG00000022941	224	201	122	81	12	7	50	33
ENSMUSG00000022945	210	220	187	155	28	37	13	17
ENSMUSG00000022946	53	58	155	150	48	29	70	104
ENSMUSG00000022947	88	57	74	97	22	12	12	2
ENSMUSG00000022948	425	187	431	387	112	146	78	92
ENSMUSG00000022949	173	158	712	505	45	46	97	43
ENSMUSG00000022951	115	168	169	166	40	29	18	22
ENSMUSG00000022952	77	115	73	77	10	14	10	19
ENSMUSG00000022956	34	27	29	45	6	9	5	2
ENSMUSG00000022957	26	22	17	27	0	1	0	3
ENSMUSG00000022960	203	81	102	65	12	33	50	26
ENSMUSG00000022961	81	92	125	94	2	8	2	3
ENSMUSG00000022962	221	294	89	143	10	18	25	9
ENSMUSG00000022964	287	218	355	322	34	18	30	11
ENSMUSG00000022965	30	33	22	29	8	4	1	9
ENSMUSG00000022967	69	79	91	77	7	4	5	4
ENSMUSG00000022969	25	30	60	41	9	2	11	10
ENSMUSG00000022971	236	167	242	303	36	22	26	10
ENSMUSG00000022972	255	298	272	351	107	45	54	240
ENSMUSG00000022973	32	23	26	12	6	4	3	6
ENSMUSG00000022974	59	57	63	77	14	10	14	8
ENSMUSG00000022978	340	269	538	447	130	68	135	120
ENSMUSG00000022982	204	125	386	392	17	17	38	31
ENSMUSG00000022983	396	484	560	484	54	85	50	129
ENSMUSG00000022986	417	692	980	304	76	31	48	51
ENSMUSG00000022987	306	174	174	153	46	61	55	30
ENSMUSG00000022991	144	89	158	233	13	13	20	21
ENSMUSG00000022992	563	455	304	247	57	48	60	20
ENSMUSG00000022993	14	20	17	41	2	4	3	5
ENSMUSG00000022994	58	23	18	31	4	2	3	9
ENSMUSG00000022995	490	475	688	539	34	31	61	56
ENSMUSG00000022996	39	44	33	72	6	1	2	1
ENSMUSG00000022997	303	553	361	786	68	44	43	50
ENSMUSG00000022999	374	608	401	577	123	40	41	56
ENSMUSG00000023000	222	224	227	215	35	33	36	45
ENSMUSG00000023004	40	48	67	117	4	4	7	12
ENSMUSG00000023007	261	352	287	563	102	120	106	92
ENSMUSG00000023008	80	27	62	93	4	8	4	9
ENSMUSG00000023009	40	79	55	53	7	7	10	9
ENSMUSG00000023010	618	950	980	596	152	194	158	157
ENSMUSG00000023011	86	43	64	51	5	11	10	2
ENSMUSG00000023013	42	28	35	54	10	10	6	4
ENSMUSG00000023015	1616	871	2560	2103	147	197	241	322
ENSMUSG00000023017	112	148	147	124	38	30	29	22
ENSMUSG00000023018	48	53	50	77	10	11	15	8
ENSMUSG00000023019	273	465	233	149	37	35	41	19
ENSMUSG00000023020	3	6	6	3	0	1	1	2
ENSMUSG00000023021	338	383	278	278	35	24	52	16
ENSMUSG00000023022	875	704	1293	1314	74	79	94	75
ENSMUSG00000023025	20	17	13	8	0	2	5	1
ENSMUSG00000023026	521	748	409	387	81	47	86	37
ENSMUSG00000023027	48	37	20	9	1	4	1	0
ENSMUSG00000023030	92	72	55	76	10	4	8	3
ENSMUSG00000023031	445	370	327	355	37	39	34	31
ENSMUSG00000023032	171	217	140	168	19	14	13	9
ENSMUSG00000023033	603	374	689	832	53	91	112	75
ENSMUSG00000023034	97	101	76	145	12	10	11	0
ENSMUSG00000023036	77	101	37	32	17	12	13	6
ENSMUSG00000023039	50	39	62	37	18	6	5	6
ENSMUSG00000023041	118	64	266	127	7	7	21	16
ENSMUSG00000023043	52	39	29	40	5	0	2	4
ENSMUSG00000023044	190	258	559	318	4	14	20	18
ENSMUSG00000023045	28	37	64	57	6	6	0	8
ENSMUSG00000023046	247	118	384	291	13	18	33	13
ENSMUSG00000023047	632	917	506	761	155	66	35	37
ENSMUSG00000023048	200	98	213	171	25	19	24	8
ENSMUSG00000023050	169	240	208	119	27	18	4	6
ENSMUSG00000023051	541	430	131	131	66	43	23	10
ENSMUSG00000023052	83	81	113	57	19	18	14	23
ENSMUSG00000023055	277	136	170	96	20	56	72	44
ENSMUSG00000023057	340	265	258	300	36	46	57	50
ENSMUSG00000023064	60	103	114	51	4	4	24	22
ENSMUSG00000023066	53	110	67	103	4	4	17	4
ENSMUSG00000023067	160	145	215	237	20	21	31	47
ENSMUSG00000023068	93	139	188	157	29	36	40	67
ENSMUSG00000023070	62	39	52	73	24	3	14	8
ENSMUSG00000023072	71	67	26	31	5	8	10	3
ENSMUSG00000023073	346	280	393	138	19	30	30	19
ENSMUSG00000023074	115	96	114	120	16	7	4	11
ENSMUSG00000023075	159	123	125	111	34	33	25	19
ENSMUSG00000023078	27	48	34	55	6	3	1	2
ENSMUSG00000023079	181	109	195	86	20	49	9	29
ENSMUSG00000023083	57	56	90	48	12	7	3	5
ENSMUSG00000023084	35	61	40	52	2	1	1	2
ENSMUSG00000023087	554	386	149	314	65	73	39	33
ENSMUSG00000023088	26	42	73	80	9	13	10	14
ENSMUSG00000023089	369	198	241	430	56	64	190	122
ENSMUSG00000023092	317	272	285	415	80	55	47	20
ENSMUSG00000023093	171	407	257	280	34	23	34	59
ENSMUSG00000023094	266	245	320	266	7	21	11	16
ENSMUSG00000023104	172	131	98	127	12	27	27	35
ENSMUSG00000023106	127	68	23	20	22	34	25	22
ENSMUSG00000023110	1197	790	668	348	66	35	71	80
ENSMUSG00000023118	276	204	317	348	30	50	14	55
ENSMUSG00000023120	53	99	45	62	10	6	11	10
ENSMUSG00000023122	27	35	26	32	10	14	3	6
ENSMUSG00000023132	224	459	368	237	29	12	20	18
ENSMUSG00000023140	85	89	51	71	14	17	9	26
ENSMUSG00000023143	85	83	83	85	0	4	0	0
ENSMUSG00000023147	85	56	65	100	9	11	33	37
ENSMUSG00000023150	22	30	18	10	0	1	1	2
ENSMUSG00000023151	205	232	193	216	22	55	40	48
ENSMUSG00000023153	67	126	69	49	19	7	14	18
ENSMUSG00000023156	107	108	257	118	20	21	5	17
ENSMUSG00000023159	236	128	122	163	30	32	39	28
ENSMUSG00000023165	107	96	43	37	51	46	15	5
ENSMUSG00000023169	42	54	43	61	12	5	6	6
ENSMUSG00000023170	20	12	38	34	3	1	12	2
ENSMUSG00000023175	312	304	604	424	31	64	47	30
ENSMUSG00000023176	195	344	169	198	33	37	22	40
ENSMUSG00000023185	130	170	135	59	30	13	14	16
ENSMUSG00000023186	62	41	17	33	7	6	4	13
ENSMUSG00000023191	1015	1116	957	587	70	129	73	130
ENSMUSG00000023192	249	137	168	222	42	50	13	18
ENSMUSG00000023206	130	184	129	102	104	84	77	41
ENSMUSG00000023210	42	47	45	44	5	11	9	8
ENSMUSG00000023216	138	106	95	120	4	6	7	16
ENSMUSG00000023224	115	137	203	133	31	36	29	28
ENSMUSG00000023232	247	129	187	228	39	20	26	16
ENSMUSG00000023235	42	76	86	43	13	11	3	7
ENSMUSG00000023236	321	166	109	158	22	15	7	12
ENSMUSG00000023243	140	134	67	75	7	7	11	9
ENSMUSG00000023247	106	126	57	82	38	35	24	38
ENSMUSG00000023249	477	150	359	322	62	62	106	46
ENSMUSG00000023257	554	900	529	818	67	114	59	73
ENSMUSG00000023259	65	53	53	85	11	14	1	4
ENSMUSG00000023262	65	27	24	48	2	1	4	4
ENSMUSG00000023263	255	152	204	181	28	29	7	12
ENSMUSG00000023266	14	14	25	8	1	2	0	0
ENSMUSG00000023267	87	32	42	59	5	4	2	13
ENSMUSG00000023272	23	17	9	13	2	0	3	6
ENSMUSG00000023274	21	41	61	47	4	15	1	2
ENSMUSG00000023277	455	283	379	379	32	23	21	19
ENSMUSG00000023279	242	146	144	176	15	5	10	11
ENSMUSG00000023284	189	105	83	209	13	25	12	5
ENSMUSG00000023286	358	512	114	149	80	96	63	54
ENSMUSG00000023289	150	200	220	179	11	7	1	11
ENSMUSG00000023307	11	27	27	51	1	1	2	3
ENSMUSG00000023328	175	192	211	141	22	16	9	6
ENSMUSG00000023330	267	252	302	219	33	24	12	38
ENSMUSG00000023333	98	68	35	28	17	24	12	23
ENSMUSG00000023336	128	62	59	120	9	17	8	16
ENSMUSG00000023341	98	66	80	71	8	12	8	4
ENSMUSG00000023345	205	290	192	152	21	12	43	26
ENSMUSG00000023348	143	168	168	145	11	12	16	12
ENSMUSG00000023349	21	15	17	20	5	7	2	3
ENSMUSG00000023350	270	397	301	159	25	25	37	11
ENSMUSG00000023353	81	180	100	58	4	8	19	5
ENSMUSG00000023367	61	98	117	124	20	13	10	8
ENSMUSG00000023387	130	151	244	324	52	63	20	52
ENSMUSG00000023391	274	106	191	184	33	17	9	15
ENSMUSG00000023393	562	415	1037	748	165	72	91	35
ENSMUSG00000023403	464	377	565	415	29	80	23	17
ENSMUSG00000023411	47	71	55	48	4	4	1	1
ENSMUSG00000023433	112	61	132	72	15	19	33	24
ENSMUSG00000023439	152	99	100	120	16	23	27	9
ENSMUSG00000023443	13	14	16	14	2	1	1	0
ENSMUSG00000023452	81	105	115	85	10	4	12	3
ENSMUSG00000023456	41	65	68	64	11	5	18	14
ENSMUSG00000023460	9	20	10	21	0	2	0	0
ENSMUSG00000023467	78	71	224	149	3	14	16	22
ENSMUSG00000023473	266	136	776	304	72	52	120	222
ENSMUSG00000023484	101	41	34	26	12	9	3	9
ENSMUSG00000023495	202	166	157	217	16	25	12	23
ENSMUSG00000023505	124	104	153	173	20	21	10	22
ENSMUSG00000023571	444	495	348	516	135	180	90	90
ENSMUSG00000023572	254	177	254	213	14	38	49	13
ENSMUSG00000023707	122	181	108	129	31	5	26	17
ENSMUSG00000023723	411	362	181	245	48	34	54	50
ENSMUSG00000023737	28	30	31	29	5	5	3	7
ENSMUSG00000023755	61	34	60	73	14	4	13	8
ENSMUSG00000023764	454	293	595	607	146	163	154	123
ENSMUSG00000023781	1556	1109	947	1447	43	47	33	86
ENSMUSG00000023791	48	48	30	23	2	5	0	1
ENSMUSG00000023795	470	402	473	456	41	19	39	19
ENSMUSG00000023800	120	135	191	62	17	13	5	20
ENSMUSG00000023802	289	469	343	270	48	36	84	43
ENSMUSG00000023805	108	85	50	39	13	8	17	17
ENSMUSG00000023806	363	265	222	198	32	41	9	29
ENSMUSG00000023809	44	68	63	86	17	22	20	15
ENSMUSG00000023826	99	116	165	107	22	6	13	5
ENSMUSG00000023827	210	136	149	111	17	27	6	13
ENSMUSG00000023828	179	191	168	83	6	15	18	13
ENSMUSG00000023829	368	191	516	317	13	13	32	33
ENSMUSG00000023830	221	129	167	225	48	38	26	42
ENSMUSG00000023832	1219	1087	549	457	141	171	78	55
ENSMUSG00000023845	50	20	48	47	11	21	38	31
ENSMUSG00000023852	62	36	138	80	18	13	27	24
ENSMUSG00000023861	313	271	219	165	32	34	36	29
ENSMUSG00000023868	80	58	48	60	7	13	12	16
ENSMUSG00000023873	93	117	158	92	32	10	22	20
ENSMUSG00000023882	39	66	78	67	6	8	5	4
ENSMUSG00000023883	23	11	3	2	1	0	2	1
ENSMUSG00000023885	44	22	52	50	9	3	4	2
ENSMUSG00000023886	96	94	66	114	16	8	9	12
ENSMUSG00000023892	151	164	284	193	33	19	41	51
ENSMUSG00000023902	26	56	25	31	7	13	6	4
ENSMUSG00000023903	136	135	138	168	16	13	1	3
ENSMUSG00000023904	51	53	35	46	1	0	4	6
ENSMUSG00000023905	41	27	50	72	1	1	1	3
ENSMUSG00000023906	249	209	120	129	29	41	39	32
ENSMUSG00000023908	110	80	73	73	6	4	10	6
ENSMUSG00000023909	23	18	37	54	1	3	2	2
ENSMUSG00000023911	118	48	109	62	6	4	8	6
ENSMUSG00000023912	132	116	79	84	8	16	20	13
ENSMUSG00000023913	318	587	466	279	16	9	26	23
ENSMUSG00000023914	27	19	17	29	0	0	0	1
ENSMUSG00000023915	76	65	54	46	8	15	5	8
ENSMUSG00000023918	29	80	21	33	9	13	5	7
ENSMUSG00000023919	151	340	209	106	48	132	65	32
ENSMUSG00000023921	229	168	323	171	28	31	8	20
ENSMUSG00000023923	37	31	41	26	4	7	8	6
ENSMUSG00000023926	34	39	31	38	2	3	2	2
ENSMUSG00000023927	54	80	22	58	5	7	1	5
ENSMUSG00000023930	306	205	382	310	16	25	6	8
ENSMUSG00000023931	189	169	200	100	11	17	15	16
ENSMUSG00000023932	26	17	22	26	7	8	2	4
ENSMUSG00000023935	42	73	120	93	14	11	7	13
ENSMUSG00000023938	54	36	40	32	5	6	3	12
ENSMUSG00000023939	34	32	83	155	8	3	12	15
ENSMUSG00000023940	30	39	35	17	6	4	4	8
ENSMUSG00000023942	60	63	103	132	33	26	25	23
ENSMUSG00000023943	553	369	176	356	91	71	9	12
ENSMUSG00000023944	223	98	197	111	71	75	73	70
ENSMUSG00000023945	39	31	27	55	13	6	4	4
ENSMUSG00000023947	2011	449	915	796	52	126	174	44
ENSMUSG00000023949	113	53	72	42	6	6	7	11
ENSMUSG00000023951	1356	1260	1450	1144	61	141	82	168
ENSMUSG00000023952	57	109	70	24	9	23	1	8
ENSMUSG00000023953	66	57	45	25	2	1	1	3
ENSMUSG00000023959	30	20	26	19	1	7	7	3
ENSMUSG00000023960	1110	596	819	663	76	50	23	21
ENSMUSG00000023961	337	472	207	322	49	40	32	34
ENSMUSG00000023963	412	506	521	297	71	123	169	76
ENSMUSG00000023964	307	356	287	435	29	28	42	22
ENSMUSG00000023965	58	49	42	28	6	7	6	6
ENSMUSG00000023966	35	34	59	69	4	6	9	8
ENSMUSG00000023967	600	946	432	301	56	59	35	23
ENSMUSG00000023968	68	104	55	34	3	3	2	1
ENSMUSG00000023971	41	53	67	54	2	3	18	7
ENSMUSG00000023972	128	190	114	82	26	25	27	10
ENSMUSG00000023973	76	44	100	85	12	3	14	12
ENSMUSG00000023977	75	100	155	79	6	1	1	3
ENSMUSG00000023978	309	385	176	156	9	38	22	23
ENSMUSG00000023979	57	133	24	54	6	7	3	2
ENSMUSG00000023980	378	336	564	413	50	30	31	90
ENSMUSG00000023982	153	160	195	166	23	48	21	33
ENSMUSG00000023984	228	238	403	368	100	50	40	33
ENSMUSG00000023987	88	54	70	111	6	9	5	5
ENSMUSG00000023988	51	22	41	30	0	2	4	2
ENSMUSG00000023990	131	105	160	124	13	1	6	9
ENSMUSG00000023991	101	60	54	47	7	17	21	24
ENSMUSG00000023992	55	44	44	36	18	2	13	8
ENSMUSG00000023993	373	274	249	224	10	12	9	9
ENSMUSG00000023994	240	187	263	328	46	49	15	10
ENSMUSG00000023995	281	465	1561	576	65	109	260	168
ENSMUSG00000023999	45	45	27	52	0	3	7	2
ENSMUSG00000024002	861	608	795	646	96	84	74	118
ENSMUSG00000024006	202	92	206	140	15	17	22	24
ENSMUSG00000024007	26	28	24	52	3	3	1	4
ENSMUSG00000024008	99	98	139	173	26	32	38	16
ENSMUSG00000024011	49	42	66	23	9	4	9	5
ENSMUSG00000024012	103	131	137	129	23	18	27	16
ENSMUSG00000024013	109	75	57	156	11	10	14	8
ENSMUSG00000024014	92	134	180	150	9	25	28	14
ENSMUSG00000024018	645	335	356	437	40	56	52	72
ENSMUSG00000024019	213	132	120	218	15	22	34	49
ENSMUSG00000024026	23	26	24	18	2	2	3	4
ENSMUSG00000024027	52	48	46	87	6	5	5	5
ENSMUSG00000024028	42	44	38	42	12	10	7	10
ENSMUSG00000024029	66	89	35	106	4	3	2	6
ENSMUSG00000024030	147	48	32	32	15	19	0	3
ENSMUSG00000024032	348	346	273	161	35	30	24	38
ENSMUSG00000024033	145	136	199	134	22	17	55	13
ENSMUSG00000024034	55	16	79	140	5	1	19	11
ENSMUSG00000024036	48	75	124	90	17	6	13	5
ENSMUSG00000024037	368	240	221	214	34	9	11	6
ENSMUSG00000024038	144	60	81	61	15	10	11	13
ENSMUSG00000024039	99	42	100	55	13	5	8	8
ENSMUSG00000024041	32	28	16	40	1	4	12	2
ENSMUSG00000024042	502	509	276	769	89	65	89	182
ENSMUSG00000024043	60	47	29	24	6	11	1	0
ENSMUSG00000024044	13	26	4	11	0	1	1	0
ENSMUSG00000024045	97	69	106	123	9	13	11	6
ENSMUSG00000024048	80	54	71	69	9	6	9	6
ENSMUSG00000024049	47	33	73	106	6	2	14	15
ENSMUSG00000024050	51	42	87	70	14	20	24	12
ENSMUSG00000024052	47	156	230	142	12	26	34	12
ENSMUSG00000024053	50	137	64	92	7	13	7	5
ENSMUSG00000024054	148	116	81	145	9	11	15	9
ENSMUSG00000024055	302	150	239	166	16	11	15	9
ENSMUSG00000024056	321	251	162	265	33	25	30	44
ENSMUSG00000024059	702	693	583	882	35	64	26	36
ENSMUSG00000024063	109	120	111	99	15	26	19	31
ENSMUSG00000024064	167	365	256	155	39	10	39	61
ENSMUSG00000024065	22	22	18	40	3	2	3	2
ENSMUSG00000024066	431	591	362	319	59	64	53	69
ENSMUSG00000024067	271	135	156	290	72	49	31	30
ENSMUSG00000024068	73	71	38	51	14	8	5	10
ENSMUSG00000024069	87	44	70	54	1	6	4	9
ENSMUSG00000024070	117	68	157	242	39	53	57	55
ENSMUSG00000024072	149	134	136	77	15	11	5	12
ENSMUSG00000024073	80	82	112	110	26	4	8	13
ENSMUSG00000024074	20	14	12	17	2	1	1	3
ENSMUSG00000024076	46	48	53	29	6	8	4	6
ENSMUSG00000024077	71	43	69	105	5	3	3	6
ENSMUSG00000024078	231	185	347	411	9	6	29	33
ENSMUSG00000024079	44	66	93	75	3	3	3	1
ENSMUSG00000024081	42	69	69	85	0	1	8	11
ENSMUSG00000024082	311	464	312	341	122	117	112	129
ENSMUSG00000024083	33	67	41	21	8	1	4	3
ENSMUSG00000024084	118	170	137	129	5	4	6	10
ENSMUSG00000024085	348	221	184	172	40	23	29	39
ENSMUSG00000024087	85	54	97	63	13	8	13	9
ENSMUSG00000024088	14	13	7	7	4	3	5	8
ENSMUSG00000024091	58	121	57	112	16	24	7	20
ENSMUSG00000024095	186	105	76	69	9	3	12	18
ENSMUSG00000024096	70	142	59	88	31	40	32	35
ENSMUSG00000024097	160	181	163	209	31	18	26	31
ENSMUSG00000024098	65	31	64	75	7	13	7	14
ENSMUSG00000024099	228	212	556	565	21	15	52	65
ENSMUSG00000024101	47	49	63	43	8	6	2	2
ENSMUSG00000024104	124	94	90	68	18	18	11	19
ENSMUSG00000024105	40	70	42	28	11	7	2	16
ENSMUSG00000024107	455	620	956	448	156	116	75	92
ENSMUSG00000024109	122	150	154	246	34	41	31	35
ENSMUSG00000024112	84	50	116	42	29	27	74	47
ENSMUSG00000024114	381	500	302	379	50	32	29	59
ENSMUSG00000024116	985	667	710	856	178	85	130	151
ENSMUSG00000024118	51	79	46	40	3	3	3	4
ENSMUSG00000024120	423	231	479	363	62	69	49	56
ENSMUSG00000024121	165	281	153	165	33	39	18	25
ENSMUSG00000024122	33	30	25	29	0	2	1	1
ENSMUSG00000024124	469	471	497	720	104	122	116	117
ENSMUSG00000024125	53	86	44	74	12	7	18	11
ENSMUSG00000024127	74	55	88	85	16	17	8	15
ENSMUSG00000024128	35	22	49	81	3	5	3	5
ENSMUSG00000024130	37	43	32	12	9	4	2	4
ENSMUSG00000024131	107	85	67	63	7	5	7	4
ENSMUSG00000024132	329	207	291	439	48	51	47	39
ENSMUSG00000024134	470	538	429	359	91	86	75	58
ENSMUSG00000024135	152	81	136	157	14	10	3	4
ENSMUSG00000024136	105	106	73	201	45	41	58	81
ENSMUSG00000024137	36	65	45	77	5	6	2	5
ENSMUSG00000024140	11	24	60	37	2	1	2	8
ENSMUSG00000024142	202	386	211	148	21	19	76	67
ENSMUSG00000024143	112	191	204	171	16	15	33	21
ENSMUSG00000024145	76	100	84	126	14	11	6	11
ENSMUSG00000024146	14	36	28	39	6	4	4	10
ENSMUSG00000024150	151	103	267	202	11	10	11	10
ENSMUSG00000024151	62	66	62	48	8	5	11	5
ENSMUSG00000024154	90	157	86	140	13	9	8	16
ENSMUSG00000024155	131	125	96	166	12	30	36	18
ENSMUSG00000024158	440	307	333	749	95	64	49	50
ENSMUSG00000024160	340	335	384	311	30	34	13	12
ENSMUSG00000024163	843	432	511	459	123	110	23	47
ENSMUSG00000024164	62	64	48	54	10	14	4	3
ENSMUSG00000024165	228	162	257	356	94	58	18	54
ENSMUSG00000024168	28	109	80	107	6	3	8	15
ENSMUSG00000024169	92	81	128	169	9	1	7	13
ENSMUSG00000024170	90	32	33	39	2	3	4	1
ENSMUSG00000024171	71	48	102	95	3	4	1	2
ENSMUSG00000024172	83	104	73	53	23	11	10	8
ENSMUSG00000024173	1097	951	334	311	50	53	17	24
ENSMUSG00000024174	319	257	349	222	57	50	43	21
ENSMUSG00000024175	10	9	21	5	1	0	9	3
ENSMUSG00000024176	128	189	446	401	13	14	53	14
ENSMUSG00000024177	165	93	180	409	26	39	92	107
ENSMUSG00000024180	51	50	61	42	6	8	0	3
ENSMUSG00000024181	32	49	24	25	3	8	5	4
ENSMUSG00000024182	616	641	505	549	153	160	118	148
ENSMUSG00000024184	95	200	66	69	21	21	19	13
ENSMUSG00000024186	20	15	9	26	1	1	2	1
ENSMUSG00000024187	35	17	10	32	2	1	7	4
ENSMUSG00000024188	300	260	202	382	11	12	23	19
ENSMUSG00000024190	133	102	134	206	53	23	39	36
ENSMUSG00000024191	22	14	24	13	0	3	0	2
ENSMUSG00000024193	94	84	97	101	14	9	3	11
ENSMUSG00000024194	165	175	235	183	12	9	13	9
ENSMUSG00000024197	211	234	384	409	77	87	76	155
ENSMUSG00000024201	376	376	636	664	95	70	168	228
ENSMUSG00000024205	183	141	160	125	20	18	24	29
ENSMUSG00000024206	99	132	362	243	9	6	19	12
ENSMUSG00000024207	54	65	122	74	16	22	25	26
ENSMUSG00000024208	592	694	1039	813	62	81	147	120
ENSMUSG00000024209	456	505	863	486	73	103	51	73
ENSMUSG00000024210	643	747	1137	751	54	55	88	51
ENSMUSG00000024211	224	338	295	287	18	15	6	12
ENSMUSG00000024212	17	19	10	12	1	0	2	3
ENSMUSG00000024213	258	165	215	239	16	19	41	47
ENSMUSG00000024215	206	168	294	350	46	77	13	21
ENSMUSG00000024217	776	634	642	696	82	50	52	95
ENSMUSG00000024218	179	176	69	43	27	36	2	6
ENSMUSG00000024219	211	257	114	104	15	25	18	14
ENSMUSG00000024220	149	228	112	73	43	23	31	53
ENSMUSG00000024222	39	44	41	54	8	8	5	5
ENSMUSG00000024223	373	459	250	260	54	60	42	42
ENSMUSG00000024224	30	59	20	25	2	4	0	3
ENSMUSG00000024225	358	225	328	470	23	16	33	34
ENSMUSG00000024227	484	173	196	187	35	31	33	33
ENSMUSG00000024228	385	823	568	484	40	62	146	154
ENSMUSG00000024231	372	188	181	106	36	31	6	15
ENSMUSG00000024232	215	112	128	147	23	22	19	41
ENSMUSG00000024233	73	90	75	57	20	1	5	6
ENSMUSG00000024234	73	104	54	81	7	9	4	7
ENSMUSG00000024235	181	215	239	176	8	7	6	6
ENSMUSG00000024236	143	77	88	89	2	12	9	10
ENSMUSG00000024238	620	564	392	392	77	46	31	60
ENSMUSG00000024240	103	88	104	104	18	10	9	18
ENSMUSG00000024241	70	122	100	99	11	10	30	35
ENSMUSG00000024242	136	101	106	71	17	24	46	34
ENSMUSG00000024245	36	36	16	33	4	6	8	2
ENSMUSG00000024246	279	274	209	312	21	14	13	17
ENSMUSG00000024247	57	58	77	85	11	7	3	5
ENSMUSG00000024248	21	29	17	14	3	3	4	3
ENSMUSG00000024251	40	101	52	35	4	9	11	9
ENSMUSG00000024253	873	480	1622	1128	87	58	140	56
ENSMUSG00000024254	74	101	81	85	9	6	8	6
ENSMUSG00000024256	413	446	445	291	60	49	68	46
ENSMUSG00000024258	16	11	33	6	1	2	0	0
ENSMUSG00000024259	70	154	120	57	4	1	1	3
ENSMUSG00000024260	61	113	79	57	45	36	11	19
ENSMUSG00000024261	83	95	79	85	17	5	9	18
ENSMUSG00000024266	141	95	131	146	14	16	18	17
ENSMUSG00000024268	42	29	47	43	2	8	2	3
ENSMUSG00000024269	224	178	157	122	16	19	11	9
ENSMUSG00000024270	105	99	62	72	20	18	14	13
ENSMUSG00000024271	320	297	268	360	46	50	16	28
ENSMUSG00000024273	95	126	136	120	11	14	21	17
ENSMUSG00000024274	13	9	22	29	0	2	3	0
ENSMUSG00000024276	194	146	94	152	47	28	37	52
ENSMUSG00000024277	113	103	113	84	21	9	7	9
ENSMUSG00000024283	148	154	136	128	22	15	17	18
ENSMUSG00000024286	299	653	386	549	44	36	65	31
ENSMUSG00000024287	505	398	564	412	40	49	46	29
ENSMUSG00000024290	75	66	77	81	6	12	11	7
ENSMUSG00000024292	68	50	70	73	5	5	0	2
ENSMUSG00000024293	147	181	165	188	30	14	4	20
ENSMUSG00000024294	405	374	322	144	24	25	34	20
ENSMUSG00000024295	385	613	423	437	26	25	21	24
ENSMUSG00000024298	129	114	146	188	18	21	73	60
ENSMUSG00000024299	468	412	363	479	72	57	52	41
ENSMUSG00000024300	231	100	106	243	24	33	20	19
ENSMUSG00000024301	625	484	713	487	116	125	110	115
ENSMUSG00000024302	198	212	261	310	20	29	18	21
ENSMUSG00000024304	77	83	91	101	12	10	17	16
ENSMUSG00000024306	223	189	89	285	23	16	15	5
ENSMUSG00000024308	85	86	208	110	19	10	23	30
ENSMUSG00000024309	12	38	28	66	0	2	7	8
ENSMUSG00000024312	76	113	85	112	7	8	7	6
ENSMUSG00000024313	396	280	308	248	57	96	85	48
ENSMUSG00000024317	57	53	32	44	3	2	1	1
ENSMUSG00000024319	259	284	208	152	53	19	32	27
ENSMUSG00000024325	129	92	193	230	31	13	24	27
ENSMUSG00000024327	32	34	43	34	5	6	4	8
ENSMUSG00000024330	37	42	122	105	11	7	12	12
ENSMUSG00000024331	335	223	396	691	46	56	110	162
ENSMUSG00000024334	57	137	43	57	6	2	3	5
ENSMUSG00000024335	95	80	103	75	15	10	6	7
ENSMUSG00000024338	62	38	74	82	2	12	2	5
ENSMUSG00000024339	17	11	25	19	2	3	6	7
ENSMUSG00000024340	176	244	130	236	22	21	27	21
ENSMUSG00000024346	391	151	448	345	79	89	65	44
ENSMUSG00000024347	421	577	993	1136	81	85	180	217
ENSMUSG00000024349	131	104	186	264	6	11	13	20
ENSMUSG00000024350	95	75	83	45	12	10	24	14
ENSMUSG00000024352	685	465	359	560	95	46	40	80
ENSMUSG00000024353	23	10	16	23	2	3	7	1
ENSMUSG00000024354	210	138	270	239	20	14	9	8
ENSMUSG00000024357	38	45	32	43	18	12	13	3
ENSMUSG00000024359	435	643	1079	935	65	163	75	62
ENSMUSG00000024360	1748	1700	2442	1436	327	183	88	240
ENSMUSG00000024365	41	52	60	39	8	8	2	3
ENSMUSG00000024366	47	116	58	80	9	23	11	7
ENSMUSG00000024369	86	64	80	72	9	16	9	5
ENSMUSG00000024370	23	16	17	9	4	0	1	0
ENSMUSG00000024371	74	93	59	48	5	5	6	6
ENSMUSG00000024376	51	48	77	36	13	24	73	69
ENSMUSG00000024378	68	59	57	53	12	8	11	10
ENSMUSG00000024379	77	53	46	47	7	3	3	5
ENSMUSG00000024381	74	70	106	136	6	13	19	29
ENSMUSG00000024382	422	410	196	376	76	42	41	39
ENSMUSG00000024383	80	50	79	85	4	12	12	2
ENSMUSG00000024384	531	446	346	309	214	111	254	176
ENSMUSG00000024386	507	694	427	379	63	93	68	61
ENSMUSG00000024387	68	42	59	46	7	14	12	3
ENSMUSG00000024388	240	305	571	231	77	42	58	87
ENSMUSG00000024391	303	523	403	301	52	36	31	37
ENSMUSG00000024392	96	121	80	99	36	35	10	15
ENSMUSG00000024393	40	48	15	19	7	1	1	3
ENSMUSG00000024395	133	77	140	95	8	15	5	15
ENSMUSG00000024397	578	347	453	465	53	33	33	42
ENSMUSG00000024399	256	313	225	150	14	18	22	50
ENSMUSG00000024400	203	153	127	101	21	22	36	29
ENSMUSG00000024401	212	172	168	223	21	14	27	19
ENSMUSG00000024402	56	25	71	59	15	13	9	9
ENSMUSG00000024403	274	143	178	189	14	18	17	29
ENSMUSG00000024404	44	84	43	58	10	0	4	0
ENSMUSG00000024406	23	19	14	18	2	1	1	0
ENSMUSG00000024409	172	185	183	166	16	35	23	40
ENSMUSG00000024410	15	12	8	9	5	4	0	0
ENSMUSG00000024411	101	85	174	166	25	10	35	40
ENSMUSG00000024413	338	277	456	298	31	25	31	26
ENSMUSG00000024414	176	123	123	129	8	7	8	6
ENSMUSG00000024420	138	267	156	229	11	9	13	11
ENSMUSG00000024421	733	774	431	691	27	26	50	51
ENSMUSG00000024422	58	40	73	99	10	24	13	15
ENSMUSG00000024423	149	71	50	65	2	8	5	5
ENSMUSG00000024424	35	30	76	25	9	7	8	12
ENSMUSG00000024425	421	229	827	316	56	23	77	70
ENSMUSG00000024426	1219	1455	1290	1194	156	155	123	94
ENSMUSG00000024427	255	150	463	208	20	20	62	38
ENSMUSG00000024429	51	90	96	68	14	7	9	11
ENSMUSG00000024430	124	128	100	137	18	32	31	26
ENSMUSG00000024431	95	66	94	26	4	8	10	7
ENSMUSG00000024436	699	558	195	460	124	180	212	151
ENSMUSG00000024437	27	19	50	34	6	7	6	5
ENSMUSG00000024440	963	1475	790	1053	185	169	162	137
ENSMUSG00000024442	93	80	110	145	10	3	17	6
ENSMUSG00000024446	68	106	60	118	7	7	17	5
ENSMUSG00000024448	917	1020	935	1750	75	75	60	126
ENSMUSG00000024451	242	196	214	157	20	17	25	51
ENSMUSG00000024454	109	136	132	87	10	13	6	15
ENSMUSG00000024456	228	234	163	196	12	15	3	3
ENSMUSG00000024457	25	30	32	7	3	0	9	8
ENSMUSG00000024459	325	404	329	378	25	37	39	37
ENSMUSG00000024462	26	65	37	50	6	13	9	4
ENSMUSG00000024471	173	147	133	106	35	41	31	50
ENSMUSG00000024472	503	285	421	601	103	112	103	98
ENSMUSG00000024474	224	85	179	107	9	15	22	14
ENSMUSG00000024477	12	21	25	15	0	1	5	5
ENSMUSG00000024479	4	22	12	26	1	2	5	4
ENSMUSG00000024480	458	570	437	411	31	24	21	21
ENSMUSG00000024481	187	142	217	364	18	14	33	34
ENSMUSG00000024483	341	186	263	260	51	72	122	140
ENSMUSG00000024485	616	248	540	439	59	25	68	45
ENSMUSG00000024486	63	40	106	132	31	29	16	26
ENSMUSG00000024487	238	328	249	290	24	37	41	48
ENSMUSG00000024491	45	30	10	19	6	7	1	1
ENSMUSG00000024493	13	4	8	17	1	2	2	2
ENSMUSG00000024497	245	248	347	358	21	42	50	62
ENSMUSG00000024498	70	90	113	86	14	13	20	14
ENSMUSG00000024500	32	45	36	78	1	2	3	4
ENSMUSG00000024501	256	229	301	340	57	17	66	62
ENSMUSG00000024502	108	114	115	144	6	3	6	3
ENSMUSG00000024503	88	119	74	176	14	7	3	7
ENSMUSG00000024505	316	465	233	232	90	63	31	48
ENSMUSG00000024507	481	531	426	781	44	76	49	41
ENSMUSG00000024510	292	176	391	409	20	19	65	35
ENSMUSG00000024511	188	155	190	172	15	16	24	22
ENSMUSG00000024512	598	675	1479	827	218	274	434	391
ENSMUSG00000024513	50	54	37	47	4	2	1	3
ENSMUSG00000024515	47	82	66	50	5	4	6	3
ENSMUSG00000024516	577	505	333	551	67	48	66	63
ENSMUSG00000024517	11	20	17	9	2	3	8	3
ENSMUSG00000024518	91	81	84	85	2	1	4	4
ENSMUSG00000024519	81	85	116	80	4	11	6	8
ENSMUSG00000024521	314	338	170	316	65	44	39	18
ENSMUSG00000024524	512	254	224	100	58	30	26	37
ENSMUSG00000024525	158	197	122	197	27	22	15	18
ENSMUSG00000024526	240	246	129	174	12	30	7	7
ENSMUSG00000024527	162	156	173	89	27	23	38	29
ENSMUSG00000024528	313	212	272	133	49	40	43	54
ENSMUSG00000024529	287	185	54	130	21	10	22	14
ENSMUSG00000024530	27	40	39	29	7	5	4	4
ENSMUSG00000024532	43	26	71	63	4	1	12	16
ENSMUSG00000024533	41	58	67	42	4	5	3	4
ENSMUSG00000024534	19	25	23	19	7	2	3	6
ENSMUSG00000024535	52	29	42	56	2	4	3	7
ENSMUSG00000024537	635	529	535	391	61	21	45	48
ENSMUSG00000024538	56	77	71	35	3	13	37	27
ENSMUSG00000024539	238	559	951	961	167	106	160	196
ENSMUSG00000024542	59	28	106	125	11	19	20	16
ENSMUSG00000024544	252	179	260	136	36	28	42	51
ENSMUSG00000024546	109	108	169	68	4	6	12	12
ENSMUSG00000024548	336	375	638	481	76	50	65	103
ENSMUSG00000024552	108	103	121	102	4	5	6	8
ENSMUSG00000024553	49	37	37	48	4	7	11	16
ENSMUSG00000024556	114	102	191	137	13	14	30	12
ENSMUSG00000024558	35	40	25	16	4	5	5	6
ENSMUSG00000024560	1084	509	1149	1435	115	95	62	60
ENSMUSG00000024561	186	238	226	170	71	53	93	77
ENSMUSG00000024563	260	177	604	454	11	4	45	34
ENSMUSG00000024565	74	61	110	61	20	14	9	26
ENSMUSG00000024566	125	118	182	99	16	18	20	7
ENSMUSG00000024570	82	84	137	132	4	5	10	16
ENSMUSG00000024571	18	19	7	26	2	5	2	2
ENSMUSG00000024575	41	62	56	49	11	2	0	4
ENSMUSG00000024576	92	74	105	146	11	12	21	18
ENSMUSG00000024578	14	16	16	16	4	2	6	9
ENSMUSG00000024579	61	52	46	65	7	6	6	9
ENSMUSG00000024580	61	31	33	95	2	11	3	5
ENSMUSG00000024581	485	342	781	494	68	68	123	127
ENSMUSG00000024583	321	383	251	295	57	55	31	50
ENSMUSG00000024587	100	184	143	65	12	6	7	12
ENSMUSG00000024588	22	27	42	18	4	0	0	2
ENSMUSG00000024589	247	162	315	190	36	52	45	29
ENSMUSG00000024590	42	44	33	39	4	3	6	2
ENSMUSG00000024592	78	139	159	50	13	12	16	15
ENSMUSG00000024593	147	187	218	335	38	7	82	65
ENSMUSG00000024594	337	422	163	114	16	17	14	8
ENSMUSG00000024597	20	15	14	23	11	3	2	9
ENSMUSG00000024598	195	268	261	207	24	8	14	11
ENSMUSG00000024600	19	23	16	8	1	5	1	0
ENSMUSG00000024601	131	99	63	73	12	9	10	13
ENSMUSG00000024603	202	126	251	212	8	14	9	15
ENSMUSG00000024604	76	89	36	50	5	4	9	5
ENSMUSG00000024608	66	85	75	65	9	6	5	7
ENSMUSG00000024610	29	29	17	20	3	2	1	1
ENSMUSG00000024613	123	84	99	67	7	14	4	6
ENSMUSG00000024614	197	202	528	311	20	23	29	57
ENSMUSG00000024617	24	31	43	83	0	4	6	8
ENSMUSG00000024619	62	84	201	120	12	14	17	10
ENSMUSG00000024620	1686	966	1572	1528	94	121	383	320
ENSMUSG00000024621	58	49	89	100	2	2	3	10
ENSMUSG00000024622	257	148	331	396	25	32	41	54
ENSMUSG00000024639	57	52	52	89	5	7	6	5
ENSMUSG00000024640	81	58	18	55	8	6	7	5
ENSMUSG00000024642	319	358	175	492	49	33	70	113
ENSMUSG00000024644	133	237	186	142	41	59	38	25
ENSMUSG00000024645	199	196	218	169	33	36	12	17
ENSMUSG00000024646	19	10	53	27	1	6	4	3
ENSMUSG00000024647	45	32	112	61	19	4	27	13
ENSMUSG00000024650	387	294	369	287	84	82	89	44
ENSMUSG00000024653	42	90	88	104	5	5	3	4
ENSMUSG00000024654	427	330	223	233	91	62	19	31
ENSMUSG00000024658	348	298	286	212	14	16	14	21
ENSMUSG00000024659	474	712	503	530	42	40	85	49
ENSMUSG00000024660	338	259	236	295	18	33	14	20
ENSMUSG00000024661	175	181	321	273	19	22	24	41
ENSMUSG00000024663	10	15	14	16	0	2	1	1
ENSMUSG00000024664	22	12	15	10	2	0	0	0
ENSMUSG00000024665	1157	527	507	428	63	52	91	51
ENSMUSG00000024666	102	106	59	64	6	19	13	4
ENSMUSG00000024667	1716	853	851	745	192	221	70	73
ENSMUSG00000024668	56	76	33	23	20	41	8	14
ENSMUSG00000024669	190	133	76	86	4	5	1	4
ENSMUSG00000024670	230	145	399	181	51	25	29	25
ENSMUSG00000024672	174	163	225	132	14	46	12	24
ENSMUSG00000024673	204	267	233	215	48	76	44	88
ENSMUSG00000024675	84	166	62	236	21	26	20	15
ENSMUSG00000024677	135	213	105	114	15	26	17	15
ENSMUSG00000024678	90	119	139	155	9	23	22	7
ENSMUSG00000024679	92	95	81	132	59	40	32	54
ENSMUSG00000024680	74	129	163	122	6	15	8	13
ENSMUSG00000024681	15	13	16	21	2	2	8	6
ENSMUSG00000024682	199	139	228	208	46	46	40	25
ENSMUSG00000024683	342	406	190	164	50	53	36	45
ENSMUSG00000024687	684	436	919	1125	134	170	130	78
ENSMUSG00000024691	82	67	267	165	12	11	12	23
ENSMUSG00000024694	155	234	55	70	10	26	7	15
ENSMUSG00000024695	369	208	274	376	28	51	35	61
ENSMUSG00000024696	33	58	66	58	14	9	4	1
ENSMUSG00000024697	789	338	349	376	183	146	192	151
ENSMUSG00000024712	32	98	114	68	1	1	1	1
ENSMUSG00000024713	345	278	114	264	19	29	34	18
ENSMUSG00000024725	74	118	102	55	6	5	10	5
ENSMUSG00000024726	17	51	66	55	4	9	12	4
ENSMUSG00000024727	337	243	383	351	28	23	32	25
ENSMUSG00000024728	83	48	69	51	2	5	2	2
ENSMUSG00000024729	91	84	67	101	5	2	4	5
ENSMUSG00000024730	335	311	168	179	51	20	42	62
ENSMUSG00000024731	209	491	347	338	25	13	17	32
ENSMUSG00000024732	122	177	165	164	27	29	33	19
ENSMUSG00000024734	118	218	256	236	17	41	32	27
ENSMUSG00000024735	232	219	664	560	45	54	66	64
ENSMUSG00000024736	381	350	970	745	108	94	169	354
ENSMUSG00000024737	51	46	27	46	3	6	3	6
ENSMUSG00000024738	246	124	196	178	25	11	16	13
ENSMUSG00000024740	78	105	54	53	45	37	2	2
ENSMUSG00000024742	124	138	77	30	9	23	13	13
ENSMUSG00000024743	196	319	112	148	22	24	13	10
ENSMUSG00000024747	463	423	364	441	91	69	29	68
ENSMUSG00000024749	232	207	153	226	32	29	17	22
ENSMUSG00000024750	190	122	93	98	5	5	13	10
ENSMUSG00000024754	253	331	283	374	59	85	60	60
ENSMUSG00000024757	200	165	127	133	25	18	35	22
ENSMUSG00000024758	91	67	75	81	20	16	12	15
ENSMUSG00000024759	75	101	67	78	2	7	16	10
ENSMUSG00000024761	412	291	430	294	30	26	22	25
ENSMUSG00000024764	252	147	278	166	27	15	54	43
ENSMUSG00000024766	26	40	39	51	1	16	12	14
ENSMUSG00000024767	431	109	130	103	24	27	16	24
ENSMUSG00000024768	88	80	62	149	15	34	22	21
ENSMUSG00000024769	19	34	10	7	5	4	2	1
ENSMUSG00000024770	213	157	86	83	9	12	12	18
ENSMUSG00000024771	388	347	375	725	172	144	107	250
ENSMUSG00000024772	155	196	253	318	21	16	25	25
ENSMUSG00000024773	123	84	133	110	6	15	10	3
ENSMUSG00000024774	530	613	289	251	61	72	25	31
ENSMUSG00000024776	244	357	176	305	3	12	31	11
ENSMUSG00000024777	403	221	124	115	70	91	62	25
ENSMUSG00000024778	102	166	157	143	10	4	5	5
ENSMUSG00000024780	175	105	86	128	15	10	17	6
ENSMUSG00000024781	399	168	219	258	57	43	104	100
ENSMUSG00000024782	808	1337	775	737	90	94	160	106
ENSMUSG00000024784	245	256	335	177	22	27	33	37
ENSMUSG00000024785	208	247	253	261	34	24	18	15
ENSMUSG00000024786	408	336	395	287	18	41	46	25
ENSMUSG00000024787	56	37	51	50	5	5	14	8
ENSMUSG00000024789	39	57	39	31	8	6	1	3
ENSMUSG00000024790	232	170	217	148	24	23	16	12
ENSMUSG00000024791	196	112	362	364	26	38	50	60
ENSMUSG00000024792	254	239	124	88	17	14	18	17
ENSMUSG00000024793	326	462	261	203	23	80	46	50
ENSMUSG00000024795	99	105	72	101	5	15	7	8
ENSMUSG00000024797	81	73	57	104	19	8	11	6
ENSMUSG00000024798	82	67	148	161	6	3	21	11
ENSMUSG00000024799	209	360	315	175	41	46	57	51
ENSMUSG00000024800	140	205	227	161	14	38	32	20
ENSMUSG00000024803	44	29	55	63	3	4	2	6
ENSMUSG00000024805	78	54	55	63	5	7	13	15
ENSMUSG00000024806	33	35	63	36	4	3	4	1
ENSMUSG00000024807	235	421	525	682	22	19	29	54
ENSMUSG00000024810	151	85	221	86	16	6	14	7
ENSMUSG00000024811	105	85	117	69	12	3	5	7
ENSMUSG00000024812	136	128	124	165	15	5	8	9
ENSMUSG00000024815	44	52	24	70	15	7	15	21
ENSMUSG00000024816	76	70	81	39	23	6	8	17
ENSMUSG00000024817	31	43	47	43	3	0	5	1
ENSMUSG00000024818	94	192	344	279	9	6	15	29
ENSMUSG00000024824	69	100	196	149	7	7	12	14
ENSMUSG00000024826	31	44	63	44	1	1	0	0
ENSMUSG00000024827	15	7	2	8	3	4	3	1
ENSMUSG00000024829	25	47	105	101	18	6	26	19
ENSMUSG00000024830	119	97	158	96	21	16	5	18
ENSMUSG00000024831	39	58	85	62	5	13	6	6
ENSMUSG00000024833	43	91	72	71	16	4	14	13
ENSMUSG00000024835	337	232	179	236	53	34	68	41
ENSMUSG00000024837	157	198	187	202	41	35	36	40
ENSMUSG00000024841	78	80	96	88	9	11	20	25
ENSMUSG00000024842	73	94	46	75	46	5	11	20
ENSMUSG00000024843	370	117	99	224	28	21	15	20
ENSMUSG00000024844	177	158	162	156	31	21	51	33
ENSMUSG00000024845	83	119	33	65	7	5	10	15
ENSMUSG00000024846	161	64	138	255	13	20	23	9
ENSMUSG00000024847	130	113	116	122	13	18	56	33
ENSMUSG00000024851	34	64	87	40	2	4	2	4
ENSMUSG00000024853	71	84	64	104	6	9	9	3
ENSMUSG00000024854	216	247	448	549	12	36	28	70
ENSMUSG00000024855	221	319	180	189	19	11	10	13
ENSMUSG00000024856	201	227	95	166	5	3	4	8
ENSMUSG00000024857	321	464	837	1113	65	74	145	70
ENSMUSG00000024858	142	152	78	124	18	25	24	17
ENSMUSG00000024862	191	263	162	168	33	33	37	59
ENSMUSG00000024863	162	97	91	111	4	12	7	5
ENSMUSG00000024866	140	167	235	134	32	18	40	24
ENSMUSG00000024867	254	352	308	342	22	40	24	41
ENSMUSG00000024868	352	255	182	279	15	7	11	17
ENSMUSG00000024869	186	274	303	288	4	9	7	9
ENSMUSG00000024870	101	94	89	131	8	3	4	11
ENSMUSG00000024871	94	125	113	81	19	15	14	15
ENSMUSG00000024873	311	286	321	318	42	60	229	116
ENSMUSG00000024875	159	91	74	208	14	5	18	17
ENSMUSG00000024878	43	97	87	77	8	18	10	13
ENSMUSG00000024883	60	38	69	31	5	8	1	2
ENSMUSG00000024885	11	18	14	11	0	5	0	2
ENSMUSG00000024887	90	118	37	34	6	14	2	4
ENSMUSG00000024889	8	8	6	9	2	0	1	0
ENSMUSG00000024891	277	321	518	869	15	9	29	36
ENSMUSG00000024892	149	172	322	607	16	4	27	34
ENSMUSG00000024896	263	513	579	273	16	23	32	52
ENSMUSG00000024897	370	223	140	178	19	36	12	12
ENSMUSG00000024899	87	34	160	163	13	10	34	52
ENSMUSG00000024900	27	22	36	33	3	3	2	4
ENSMUSG00000024901	342	310	349	424	59	20	53	43
ENSMUSG00000024902	54	35	43	52	10	5	12	13
ENSMUSG00000024903	91	107	86	152	31	26	35	22
ENSMUSG00000024905	846	476	791	665	64	85	49	74
ENSMUSG00000024906	60	133	94	40	13	9	13	28
ENSMUSG00000024907	55	75	49	81	5	10	5	5
ENSMUSG00000024908	31	81	84	89	7	10	4	14
ENSMUSG00000024909	115	300	639	547	14	30	46	42
ENSMUSG00000024910	86	93	107	73	35	53	29	29
ENSMUSG00000024911	200	86	116	169	13	11	42	23
ENSMUSG00000024912	13	22	7	14	1	1	0	1
ENSMUSG00000024913	83	80	202	79	10	9	21	18
ENSMUSG00000024914	433	293	514	508	77	101	58	90
ENSMUSG00000024921	200	366	817	358	12	14	34	59
ENSMUSG00000024922	701	537	493	317	81	54	25	37
ENSMUSG00000024924	23	42	38	51	3	4	4	0
ENSMUSG00000024925	87	111	84	208	24	27	33	41
ENSMUSG00000024926	416	499	277	266	83	60	22	41
ENSMUSG00000024927	69	73	35	38	8	12	10	15
ENSMUSG00000024935	272	197	184	201	10	5	7	4
ENSMUSG00000024936	1379	981	857	1456	57	71	88	77
ENSMUSG00000024937	160	142	209	225	34	44	62	61
ENSMUSG00000024939	338	151	211	195	44	36	34	57
ENSMUSG00000024940	134	117	130	282	43	30	74	46
ENSMUSG00000024941	594	384	753	1141	62	83	97	31
ENSMUSG00000024942	107	69	68	63	7	3	2	6
ENSMUSG00000024943	15	22	6	16	6	8	2	3
ENSMUSG00000024944	63	49	39	22	15	16	5	5
ENSMUSG00000024947	310	170	228	189	44	37	22	34
ENSMUSG00000024948	74	59	63	63	19	36	26	18
ENSMUSG00000024949	119	84	198	185	25	18	3	5
ENSMUSG00000024952	40	40	61	29	2	0	1	4
ENSMUSG00000024953	100	156	63	65	9	26	13	14
ENSMUSG00000024955	64	75	37	23	5	3	4	9
ENSMUSG00000024957	100	117	412	381	12	17	40	30
ENSMUSG00000024958	186	99	103	49	18	23	9	7
ENSMUSG00000024959	77	73	23	40	7	5	0	1
ENSMUSG00000024960	70	54	43	64	4	4	11	1
ENSMUSG00000024962	32	76	84	168	26	21	52	30
ENSMUSG00000024963	467	1030	714	516	65	66	79	105
ENSMUSG00000024965	44	21	50	57	5	13	1	7
ENSMUSG00000024966	714	765	750	438	84	92	102	76
ENSMUSG00000024968	25	59	106	50	3	1	6	3
ENSMUSG00000024969	50	81	142	46	20	11	14	19
ENSMUSG00000024970	338	275	230	246	15	7	34	19
ENSMUSG00000024972	365	538	295	434	57	113	82	53
ENSMUSG00000024973	444	513	485	353	55	68	44	84
ENSMUSG00000024974	138	94	106	116	3	4	9	4
ENSMUSG00000024975	90	90	35	106	8	2	3	3
ENSMUSG00000024976	88	99	14	21	10	14	8	6
ENSMUSG00000024978	65	116	100	73	14	14	9	11
ENSMUSG00000024979	213	307	66	157	19	14	15	20
ENSMUSG00000024981	37	42	55	28	9	2	9	2
ENSMUSG00000024982	388	114	177	309	63	35	28	38
ENSMUSG00000024983	138	167	177	132	9	14	16	23
ENSMUSG00000024985	73	17	29	74	3	15	11	9
ENSMUSG00000024986	88	76	83	39	30	6	29	24
ENSMUSG00000024987	205	151	121	200	68	148	58	108
ENSMUSG00000024989	334	216	130	152	4	32	37	14
ENSMUSG00000024990	334	274	362	261	6	16	19	7
ENSMUSG00000024991	74	36	49	29	4	10	10	6
ENSMUSG00000024992	131	207	88	187	23	27	13	12
ENSMUSG00000024993	328	324	224	440	40	48	52	45
ENSMUSG00000024997	294	215	178	321	34	29	27	32
ENSMUSG00000024998	27	54	40	39	2	4	2	8
ENSMUSG00000024999	62	118	75	88	3	8	2	1
ENSMUSG00000025001	292	289	454	534	24	42	59	36
ENSMUSG00000025002	60	29	32	53	12	13	11	14
ENSMUSG00000025003	184	161	147	171	13	31	9	6
ENSMUSG00000025004	169	203	117	45	31	36	18	14
ENSMUSG00000025006	109	119	93	143	6	12	5	4
ENSMUSG00000025007	670	709	296	626	37	32	52	19
ENSMUSG00000025008	196	92	126	152	31	53	21	16
ENSMUSG00000025010	292	163	179	298	29	29	31	28
ENSMUSG00000025013	59	68	190	123	12	11	7	7
ENSMUSG00000025014	53	126	38	70	9	5	5	10
ENSMUSG00000025016	8	6	7	5	1	1	0	0
ENSMUSG00000025017	45	49	70	59	20	22	40	49
ENSMUSG00000025019	211	213	188	161	50	84	62	120
ENSMUSG00000025020	63	83	100	81	10	5	20	7
ENSMUSG00000025024	56	64	89	102	14	15	16	23
ENSMUSG00000025025	27	27	20	21	1	1	4	2
ENSMUSG00000025026	530	453	431	563	111	63	150	134
ENSMUSG00000025027	494	550	421	449	86	96	96	80
ENSMUSG00000025034	46	31	43	44	3	3	4	3
ENSMUSG00000025035	37	55	16	32	7	5	1	1
ENSMUSG00000025036	151	109	115	200	44	29	55	56
ENSMUSG00000025037	43	21	30	37	1	0	0	4
ENSMUSG00000025038	341	465	443	327	22	36	22	24
ENSMUSG00000025040	31	59	37	22	2	6	7	5
ENSMUSG00000025041	102	41	208	60	13	7	10	3
ENSMUSG00000025043	15	15	10	12	2	5	4	2
ENSMUSG00000025044	92	76	39	73	3	1	4	6
ENSMUSG00000025047	19	30	51	62	1	4	7	2
ENSMUSG00000025049	154	122	135	93	32	7	19	32
ENSMUSG00000025050	18	36	31	15	19	23	10	6
ENSMUSG00000025051	403	738	659	739	87	71	108	124
ENSMUSG00000025056	180	132	189	155	31	63	44	36
ENSMUSG00000025058	486	280	276	176	52	31	38	57
ENSMUSG00000025059	93	97	71	93	29	16	7	6
ENSMUSG00000025060	61	152	195	122	14	23	16	16
ENSMUSG00000025064	112	62	104	66	9	13	5	23
ENSMUSG00000025066	74	101	43	41	7	10	2	4
ENSMUSG00000025068	222	236	265	308	19	10	13	19
ENSMUSG00000025069	716	957	1028	499	45	60	27	31
ENSMUSG00000025075	66	26	27	53	9	1	3	1
ENSMUSG00000025076	217	144	596	357	17	19	26	28
ENSMUSG00000025077	72	82	111	78	25	11	8	11
ENSMUSG00000025078	109	97	117	222	11	8	10	17
ENSMUSG00000025081	10	27	12	7	1	7	1	0
ENSMUSG00000025082	54	28	13	42	16	15	9	8
ENSMUSG00000025083	858	439	472	816	107	105	67	75
ENSMUSG00000025085	308	484	447	573	52	33	39	29
ENSMUSG00000025086	97	88	81	88	23	16	24	8
ENSMUSG00000025089	73	66	41	76	5	10	17	9
ENSMUSG00000025090	804	1178	754	1063	266	296	257	458
ENSMUSG00000025091	252	146	157	74	22	34	11	18
ENSMUSG00000025092	52	72	34	61	10	6	1	2
ENSMUSG00000025094	110	136	201	123	18	7	12	16
ENSMUSG00000025102	102	180	193	229	4	5	8	7
ENSMUSG00000025103	177	155	167	158	8	17	18	24
ENSMUSG00000025104	153	65	93	109	6	6	7	11
ENSMUSG00000025105	813	754	1715	1266	75	83	163	303
ENSMUSG00000025127	132	221	277	344	18	11	28	52
ENSMUSG00000025128	77	63	36	75	14	5	3	6
ENSMUSG00000025129	111	98	171	109	27	9	31	43
ENSMUSG00000025130	94	101	126	136	19	34	51	49
ENSMUSG00000025132	98	110	91	89	5	10	15	9
ENSMUSG00000025133	11	14	9	6	3	6	2	1
ENSMUSG00000025134	376	297	187	194	34	60	3	4
ENSMUSG00000025135	111	104	68	31	10	15	21	17
ENSMUSG00000025137	123	108	140	124	26	51	14	22
ENSMUSG00000025138	81	87	93	165	6	1	5	9
ENSMUSG00000025139	121	166	217	319	62	44	60	63
ENSMUSG00000025140	48	20	44	54	7	7	7	5
ENSMUSG00000025141	93	196	82	189	21	6	19	16
ENSMUSG00000025142	82	55	97	98	7	12	13	21
ENSMUSG00000025144	594	974	316	333	80	51	46	21
ENSMUSG00000025145	55	98	27	56	2	6	6	3
ENSMUSG00000025147	16	19	27	23	2	1	2	2
ENSMUSG00000025150	254	240	227	170	41	36	18	13
ENSMUSG00000025151	86	84	101	70	19	22	37	38
ENSMUSG00000025153	357	371	791	739	45	49	118	87
ENSMUSG00000025154	125	93	56	90	12	9	13	15
ENSMUSG00000025155	133	218	161	163	27	13	25	14
ENSMUSG00000025156	130	102	43	40	9	16	14	5
ENSMUSG00000025157	104	129	142	98	14	20	39	12
ENSMUSG00000025158	61	83	114	187	8	21	19	28
ENSMUSG00000025159	68	52	58	79	13	12	20	31
ENSMUSG00000025161	24	23	22	28	2	0	0	0
ENSMUSG00000025162	132	99	171	218	18	31	15	20
ENSMUSG00000025163	45	38	60	56	3	8	6	2
ENSMUSG00000025165	78	100	45	71	4	13	14	7
ENSMUSG00000025169	68	63	87	63	6	14	9	9
ENSMUSG00000025170	91	66	193	242	12	31	49	25
ENSMUSG00000025171	19	36	22	22	1	2	1	3
ENSMUSG00000025172	146	264	197	284	18	28	18	18
ENSMUSG00000025173	247	256	249	196	20	25	16	39
ENSMUSG00000025175	86	81	93	113	20	23	16	14
ENSMUSG00000025176	19	27	12	12	1	5	2	2
ENSMUSG00000025178	22	27	14	26	1	4	5	2
ENSMUSG00000025184	133	160	124	312	18	14	38	27
ENSMUSG00000025185	805	623	1045	1164	186	88	386	280
ENSMUSG00000025188	103	158	97	163	7	13	12	11
ENSMUSG00000025189	27	48	111	48	16	9	46	22
ENSMUSG00000025190	134	192	243	325	17	17	44	18
ENSMUSG00000025192	104	89	91	135	2	14	8	11
ENSMUSG00000025193	63	43	64	67	4	5	3	4
ENSMUSG00000025194	263	292	512	500	85	64	53	53
ENSMUSG00000025195	67	22	34	71	4	2	4	7
ENSMUSG00000025196	301	207	294	434	28	28	16	53
ENSMUSG00000025197	103	159	79	120	11	10	12	12
ENSMUSG00000025198	607	531	304	518	108	114	80	150
ENSMUSG00000025199	110	101	53	24	33	9	15	14
ENSMUSG00000025200	99	70	245	186	7	6	18	27
ENSMUSG00000025201	205	294	116	219	28	34	10	19
ENSMUSG00000025202	293	970	244	454	130	84	95	55
ENSMUSG00000025203	607	503	496	282	26	24	35	18
ENSMUSG00000025204	260	235	268	126	9	16	8	15
ENSMUSG00000025207	30	25	54	31	5	9	3	8
ENSMUSG00000025208	48	78	69	138	4	9	12	12
ENSMUSG00000025209	140	187	268	159	25	17	15	22
ENSMUSG00000025212	134	213	158	141	21	22	12	31
ENSMUSG00000025213	436	332	591	963	32	60	84	82
ENSMUSG00000025215	131	107	515	422	13	7	31	28
ENSMUSG00000025216	79	48	83	109	5	8	8	11
ENSMUSG00000025217	119	93	103	141	8	15	16	12
ENSMUSG00000025218	67	69	57	36	22	11	6	5
ENSMUSG00000025219	798	904	820	544	92	93	139	104
ENSMUSG00000025220	229	351	277	319	37	36	39	43
ENSMUSG00000025221	62	138	190	177	3	8	11	20
ENSMUSG00000025223	368	390	306	297	67	69	42	47
ENSMUSG00000025224	6	8	1	4	1	1	0	2
ENSMUSG00000025225	44	31	28	48	6	2	7	0
ENSMUSG00000025226	82	74	34	36	11	6	9	5
ENSMUSG00000025227	26	31	30	41	4	2	1	5
ENSMUSG00000025228	117	126	121	82	10	11	7	7
ENSMUSG00000025229	218	259	166	259	41	63	47	40
ENSMUSG00000025231	31	87	77	72	8	7	7	4
ENSMUSG00000025232	300	179	286	370	31	25	15	14
ENSMUSG00000025234	393	357	423	199	33	14	33	25
ENSMUSG00000025235	625	498	347	699	104	213	63	52
ENSMUSG00000025236	40	118	151	80	4	6	9	19
ENSMUSG00000025237	3	15	15	13	1	2	1	3
ENSMUSG00000025239	89	105	98	56	4	9	4	11
ENSMUSG00000025240	185	208	111	33	5	18	13	8
ENSMUSG00000025241	326	190	166	122	44	68	60	72
ENSMUSG00000025243	179	93	73	168	20	27	19	21
ENSMUSG00000025245	435	517	339	94	31	55	16	8
ENSMUSG00000025246	501	507	344	267	33	17	20	21
ENSMUSG00000025255	513	275	345	267	40	62	34	45
ENSMUSG00000025257	326	363	327	329	20	20	55	46
ENSMUSG00000025260	158	253	156	233	23	30	55	34
ENSMUSG00000025261	46	58	61	96	11	8	8	13
ENSMUSG00000025262	80	89	167	196	40	19	18	30
ENSMUSG00000025264	151	72	107	76	12	15	11	13
ENSMUSG00000025265	496	239	518	475	51	102	109	121
ENSMUSG00000025266	528	527	547	416	19	80	143	58
ENSMUSG00000025268	126	103	138	135	8	11	15	22
ENSMUSG00000025269	14	15	28	32	1	4	0	5
ENSMUSG00000025270	98	118	163	85	26	15	25	12
ENSMUSG00000025271	28	54	46	76	2	3	4	3
ENSMUSG00000025272	178	166	168	80	20	39	31	44
ENSMUSG00000025277	222	346	313	264	36	53	17	4
ENSMUSG00000025278	657	303	316	442	109	71	91	227
ENSMUSG00000025279	304	403	302	279	31	39	28	38
ENSMUSG00000025280	89	80	67	55	8	7	11	24
ENSMUSG00000025283	281	291	647	808	49	73	104	86
ENSMUSG00000025287	87	83	104	80	6	14	12	22
ENSMUSG00000025288	739	522	1001	801	108	98	26	46
ENSMUSG00000025289	230	343	220	208	33	39	39	55
ENSMUSG00000025290	239	352	284	320	31	27	36	15
ENSMUSG00000025314	77	78	93	82	15	16	6	5
ENSMUSG00000025316	106	150	373	281	6	11	39	13
ENSMUSG00000025317	361	384	218	403	33	48	37	41
ENSMUSG00000025318	1042	1352	2116	1557	185	168	296	366
ENSMUSG00000025321	100	235	239	202	52	31	27	62
ENSMUSG00000025323	363	210	159	324	29	40	39	24
ENSMUSG00000025324	262	245	242	216	8	20	21	20
ENSMUSG00000025326	50	33	52	58	7	6	7	2
ENSMUSG00000025328	137	77	69	107	11	4	12	10
ENSMUSG00000025329	94	128	216	217	12	11	37	23
ENSMUSG00000025330	67	46	103	134	9	13	6	2
ENSMUSG00000025332	260	346	496	452	33	27	15	20
ENSMUSG00000025333	35	33	22	48	1	4	5	4
ENSMUSG00000025337	222	153	154	189	23	31	18	50
ENSMUSG00000025340	77	164	88	94	28	10	21	24
ENSMUSG00000025347	204	160	142	149	4	5	8	18
ENSMUSG00000025348	1025	3877	4778	2642	210	295	104	172
ENSMUSG00000025350	143	123	113	47	22	6	37	15
ENSMUSG00000025351	86	27	43	76	5	2	6	4
ENSMUSG00000025352	342	332	130	434	28	15	21	26
ENSMUSG00000025353	145	199	119	111	2	27	13	9
ENSMUSG00000025354	104	74	74	102	20	6	40	31
ENSMUSG00000025355	158	168	174	193	14	18	23	18
ENSMUSG00000025357	117	117	164	99	6	17	10	19
ENSMUSG00000025358	1430	1159	1198	595	91	104	58	27
ENSMUSG00000025359	86	71	117	147	12	15	30	34
ENSMUSG00000025362	171	104	154	94	32	14	16	24
ENSMUSG00000025364	286	454	694	743	105	148	82	142
ENSMUSG00000025366	51	40	65	19	3	2	2	2
ENSMUSG00000025369	65	88	81	88	16	17	9	26
ENSMUSG00000025370	278	204	164	131	38	24	21	10
ENSMUSG00000025371	42	63	21	74	2	5	4	3
ENSMUSG00000025372	706	601	1007	594	57	78	90	100
ENSMUSG00000025373	148	247	245	214	52	42	50	49
ENSMUSG00000025374	49	111	51	62	7	12	6	8
ENSMUSG00000025375	171	207	418	373	16	22	65	52
ENSMUSG00000025377	109	130	90	126	9	4	5	10
ENSMUSG00000025380	25	40	32	23	6	7	3	5
ENSMUSG00000025381	28	43	49	41	2	7	5	11
ENSMUSG00000025383	77	111	71	174	16	11	16	11
ENSMUSG00000025384	629	465	1692	1125	54	40	50	108
ENSMUSG00000025386	101	56	86	91	7	10	10	8
ENSMUSG00000025389	70	54	40	67	2	5	11	1
ENSMUSG00000025393	79	167	114	61	20	15	18	9
ENSMUSG00000025395	39	63	90	96	14	23	8	4
ENSMUSG00000025396	280	362	606	404	48	22	45	56
ENSMUSG00000025400	327	742	385	145	43	90	51	78
ENSMUSG00000025401	35	20	46	45	1	2	9	3
ENSMUSG00000025402	38	30	8	11	4	2	3	0
ENSMUSG00000025403	33	40	30	34	1	3	0	5
ENSMUSG00000025404	440	475	154	159	42	31	20	21
ENSMUSG00000025405	18	9	20	14	3	1	1	5
ENSMUSG00000025407	49	51	52	35	6	5	7	5
ENSMUSG00000025408	54	36	57	56	3	6	2	11
ENSMUSG00000025409	126	62	60	83	10	4	12	7
ENSMUSG00000025410	60	70	170	98	4	6	14	7
ENSMUSG00000025413	37	19	27	17	17	6	5	4
ENSMUSG00000025417	666	417	514	353	128	86	38	29
ENSMUSG00000025418	75	73	169	158	8	2	9	11
ENSMUSG00000025420	64	88	73	95	7	13	7	7
ENSMUSG00000025421	44	31	33	32	4	3	2	5
ENSMUSG00000025422	125	50	72	60	5	8	6	5
ENSMUSG00000025423	89	33	39	56	13	17	17	15
ENSMUSG00000025425	154	213	249	113	27	42	35	8
ENSMUSG00000025427	43	40	40	41	5	4	1	8
ENSMUSG00000025428	182	254	336	244	9	19	23	22
ENSMUSG00000025429	764	719	591	470	81	34	43	31
ENSMUSG00000025431	410	609	691	665	58	41	52	37
ENSMUSG00000025432	124	123	129	176	19	10	20	12
ENSMUSG00000025433	124	112	162	120	41	26	26	9
ENSMUSG00000025436	199	212	101	220	16	29	20	27
ENSMUSG00000025437	53	39	57	64	11	2	10	5
ENSMUSG00000025439	50	190	75	101	30	13	4	5
ENSMUSG00000025450	266	359	305	373	34	51	29	74
ENSMUSG00000025451	41	45	27	37	4	6	8	4
ENSMUSG00000025453	679	521	496	469	81	139	138	65
ENSMUSG00000025461	40	98	76	44	8	6	11	7
ENSMUSG00000025464	44	39	35	59	5	8	5	7
ENSMUSG00000025465	22	18	15	17	4	2	3	1
ENSMUSG00000025466	319	195	125	194	12	25	24	17
ENSMUSG00000025467	276	234	427	333	33	79	49	45
ENSMUSG00000025468	112	114	158	133	6	11	5	12
ENSMUSG00000025469	115	99	204	231	9	3	11	8
ENSMUSG00000025470	322	189	634	670	66	74	130	98
ENSMUSG00000025473	503	435	249	137	30	31	18	13
ENSMUSG00000025474	56	95	94	48	1	4	5	8
ENSMUSG00000025475	142	131	125	70	47	26	17	35
ENSMUSG00000025477	146	78	64	66	22	22	10	8
ENSMUSG00000025478	338	405	365	441	34	30	67	32
ENSMUSG00000025479	124	98	88	106	13	12	12	10
ENSMUSG00000025480	125	110	107	95	3	6	4	2
ENSMUSG00000025481	291	245	419	451	29	45	28	24
ENSMUSG00000025482	476	610	464	609	31	34	148	77
ENSMUSG00000025484	217	535	245	351	35	30	27	22
ENSMUSG00000025485	26	46	85	44	3	10	11	3
ENSMUSG00000025486	43	39	45	36	6	5	2	0
ENSMUSG00000025487	34	47	52	49	15	14	32	37
ENSMUSG00000025488	161	283	98	105	25	59	14	38
ENSMUSG00000025489	86	52	154	49	13	13	16	11
ENSMUSG00000025491	174	242	95	76	13	29	15	14
ENSMUSG00000025492	24	54	21	31	2	2	2	3
ENSMUSG00000025494	127	172	161	138	9	8	23	21
ENSMUSG00000025495	35	70	88	140	12	5	7	3
ENSMUSG00000025496	130	99	97	105	18	22	14	36
ENSMUSG00000025497	209	215	158	241	64	39	18	19
ENSMUSG00000025498	208	166	121	110	2	8	4	8
ENSMUSG00000025499	95	54	146	54	12	9	14	22
ENSMUSG00000025500	1014	694	422	166	117	99	51	49
ENSMUSG00000025503	176	112	135	147	11	9	7	10
ENSMUSG00000025504	87	219	203	215	9	4	13	8
ENSMUSG00000025505	64	76	70	64	7	12	10	13
ENSMUSG00000025507	109	132	198	122	9	10	13	7
ENSMUSG00000025508	129	338	271	344	46	51	52	42
ENSMUSG00000025509	131	84	146	245	19	10	33	18
ENSMUSG00000025510	34	64	58	39	3	1	2	9
ENSMUSG00000025511	14	30	44	39	4	9	5	8
ENSMUSG00000025512	125	87	80	107	5	4	8	5
ENSMUSG00000025515	19	64	59	40	7	13	9	6
ENSMUSG00000025519	684	689	370	345	141	65	16	24
ENSMUSG00000025521	63	69	26	65	10	12	18	6
ENSMUSG00000025525	181	148	221	159	44	34	35	75
ENSMUSG00000025527	279	319	158	416	41	35	55	35
ENSMUSG00000025528	80	85	103	100	5	16	11	7
ENSMUSG00000025529	190	100	217	138	15	6	4	12
ENSMUSG00000025531	215	283	85	119	46	38	36	9
ENSMUSG00000025532	122	169	186	162	38	34	30	26
ENSMUSG00000025533	24	32	38	17	5	4	13	12
ENSMUSG00000025534	219	270	198	145	17	14	31	29
ENSMUSG00000025537	230	111	108	150	13	33	87	28
ENSMUSG00000025538	47	59	46	35	3	4	7	6
ENSMUSG00000025544	267	285	347	460	20	28	8	31
ENSMUSG00000025545	44	100	54	122	7	13	10	7
ENSMUSG00000025551	46	14	24	14	2	3	1	0
ENSMUSG00000025555	250	226	278	178	8	15	12	18
ENSMUSG00000025557	244	186	510	259	24	20	39	28
ENSMUSG00000025558	83	88	52	94	9	7	12	7
ENSMUSG00000025571	40	41	79	89	5	8	19	11
ENSMUSG00000025572	132	189	159	338	14	12	13	14
ENSMUSG00000025573	65	35	44	76	9	10	4	8
ENSMUSG00000025574	903	830	701	599	161	78	194	193
ENSMUSG00000025575	187	104	140	196	25	31	17	25
ENSMUSG00000025576	64	65	47	54	9	6	12	1
ENSMUSG00000025577	84	97	47	45	7	8	6	4
ENSMUSG00000025578	42	42	82	63	3	1	2	3
ENSMUSG00000025579	123	201	131	180	21	14	48	50
ENSMUSG00000025580	400	588	481	561	101	53	44	78
ENSMUSG00000025582	329	323	516	148	51	50	90	75
ENSMUSG00000025583	244	235	110	184	17	22	15	18
ENSMUSG00000025584	129	101	82	146	10	8	8	26
ENSMUSG00000025586	13	11	9	27	0	0	2	1
ENSMUSG00000025588	119	204	229	139	15	28	13	24
ENSMUSG00000025591	46	69	41	88	14	21	20	15
ENSMUSG00000025592	661	575	372	570	22	17	6	13
ENSMUSG00000025597	708	272	365	223	21	23	18	20
ENSMUSG00000025602	63	64	66	54	7	9	4	7
ENSMUSG00000025607	67	87	65	41	9	9	5	5
ENSMUSG00000025608	518	527	1111	1966	50	63	293	325
ENSMUSG00000025609	79	38	18	26	12	16	4	4
ENSMUSG00000025610	718	566	435	368	112	142	135	112
ENSMUSG00000025612	128	122	112	141	8	4	11	6
ENSMUSG00000025613	382	183	208	409	19	20	22	9
ENSMUSG00000025616	89	108	57	161	5	13	8	1
ENSMUSG00000025626	104	117	219	137	4	16	14	13
ENSMUSG00000025630	17	28	57	49	6	4	12	5
ENSMUSG00000025644	168	271	131	159	75	34	40	35
ENSMUSG00000025645	116	106	65	92	2	5	6	5
ENSMUSG00000025646	35	61	41	68	9	4	5	4
ENSMUSG00000025647	35	19	83	120	20	17	47	21
ENSMUSG00000025648	49	95	93	95	8	6	24	16
ENSMUSG00000025650	79	50	112	71	15	14	25	20
ENSMUSG00000025651	35	37	32	25	1	2	3	2
ENSMUSG00000025652	41	67	56	77	21	14	19	14
ENSMUSG00000025656	89	79	45	77	8	11	2	13
ENSMUSG00000025658	29	36	13	22	2	3	3	3
ENSMUSG00000025665	28	16	12	5	0	2	1	1
ENSMUSG00000025666	63	45	85	64	4	3	0	5
ENSMUSG00000025701	1328	3079	2512	3536	291	342	481	346
ENSMUSG00000025702	46	46	32	66	4	0	3	11
ENSMUSG00000025716	309	262	365	252	15	23	24	24
ENSMUSG00000025722	186	162	155	186	8	30	13	24
ENSMUSG00000025723	65	79	60	66	3	5	4	4
ENSMUSG00000025724	222	225	300	292	64	39	68	58
ENSMUSG00000025726	197	158	480	456	35	18	38	55
ENSMUSG00000025727	196	245	419	167	31	47	42	33
ENSMUSG00000025728	480	296	328	315	37	51	47	48
ENSMUSG00000025730	124	91	102	55	8	7	17	11
ENSMUSG00000025731	248	696	534	465	15	38	15	14
ENSMUSG00000025732	139	230	232	216	26	19	15	21
ENSMUSG00000025733	35	76	94	70	3	6	10	8
ENSMUSG00000025735	222	133	259	330	17	5	5	15
ENSMUSG00000025736	100	195	84	95	7	13	8	7
ENSMUSG00000025737	27	60	62	70	5	5	5	4
ENSMUSG00000025738	109	116	28	42	8	6	12	9
ENSMUSG00000025739	134	167	138	115	23	16	34	32
ENSMUSG00000025742	77	258	152	141	40	19	39	25
ENSMUSG00000025743	211	185	208	165	43	41	23	46
ENSMUSG00000025745	35	43	57	40	2	8	27	21
ENSMUSG00000025746	69	77	94	46	6	4	5	3
ENSMUSG00000025747	146	150	115	99	15	6	21	16
ENSMUSG00000025754	74	155	142	110	54	54	57	78
ENSMUSG00000025757	45	25	62	39	4	4	1	9
ENSMUSG00000025758	155	79	176	80	21	15	32	22
ENSMUSG00000025759	54	34	74	84	7	8	12	6
ENSMUSG00000025762	28	21	18	15	0	6	4	4
ENSMUSG00000025764	58	71	69	48	16	17	9	8
ENSMUSG00000025766	254	107	126	97	30	17	12	8
ENSMUSG00000025774	11	22	18	12	1	2	3	5
ENSMUSG00000025776	64	85	81	66	25	14	27	21
ENSMUSG00000025777	34	56	56	11	6	7	7	1
ENSMUSG00000025779	270	301	268	323	40	24	51	64
ENSMUSG00000025780	98	74	96	90	16	14	3	1
ENSMUSG00000025781	246	220	166	218	20	34	26	26
ENSMUSG00000025782	314	141	263	160	8	4	4	4
ENSMUSG00000025783	45	27	31	21	2	1	1	0
ENSMUSG00000025784	69	84	135	102	3	7	10	19
ENSMUSG00000025785	139	181	358	240	14	16	27	37
ENSMUSG00000025786	100	116	104	118	7	10	9	17
ENSMUSG00000025787	8	15	19	27	2	9	2	5
ENSMUSG00000025789	292	768	685	399	21	66	78	42
ENSMUSG00000025790	191	229	312	187	29	42	44	38
ENSMUSG00000025791	606	499	314	281	35	34	32	43
ENSMUSG00000025792	124	171	75	151	35	24	25	12
ENSMUSG00000025793	113	60	66	138	17	10	7	10
ENSMUSG00000025794	158	345	338	223	28	21	33	56
ENSMUSG00000025795	341	239	190	215	34	25	40	42
ENSMUSG00000025804	162	287	135	269	44	47	30	29
ENSMUSG00000025808	272	318	317	395	67	39	72	42
ENSMUSG00000025809	57	82	92	74	3	5	3	4
ENSMUSG00000025810	61	63	34	30	5	1	6	9
ENSMUSG00000025812	345	173	340	239	43	36	47	44
ENSMUSG00000025813	325	422	251	394	13	16	25	33
ENSMUSG00000025815	79	94	74	91	11	16	15	9
ENSMUSG00000025816	130	98	167	209	13	14	5	19
ENSMUSG00000025817	117	95	195	49	11	9	12	14
ENSMUSG00000025821	221	145	134	202	28	46	34	23
ENSMUSG00000025823	171	279	278	247	12	10	11	9
ENSMUSG00000025825	556	443	360	384	22	50	39	37
ENSMUSG00000025838	15	4	4	16	0	2	2	0
ENSMUSG00000025839	252	204	471	359	23	8	42	45
ENSMUSG00000025854	604	724	502	291	127	56	87	76
ENSMUSG00000025855	32	31	21	32	13	14	6	9
ENSMUSG00000025856	158	261	209	217	5	15	5	9
ENSMUSG00000025857	128	197	98	115	3	9	8	6
ENSMUSG00000025858	99	201	152	164	7	9	7	4
ENSMUSG00000025860	14	19	11	17	4	2	1	2
ENSMUSG00000025862	55	32	46	61	5	6	6	4
ENSMUSG00000025867	23	27	5	13	1	3	2	1
ENSMUSG00000025868	17	17	39	24	3	0	0	1
ENSMUSG00000025869	80	60	32	22	4	3	0	1
ENSMUSG00000025870	192	161	324	295	13	12	22	19
ENSMUSG00000025871	105	84	81	54	9	10	18	22
ENSMUSG00000025872	612	630	692	810	74	52	95	60
ENSMUSG00000025873	1069	1405	994	1097	36	45	56	57
ENSMUSG00000025875	86	76	95	39	5	1	6	4
ENSMUSG00000025876	385	199	311	258	158	125	70	65
ENSMUSG00000025877	34	73	114	70	9	2	5	4
ENSMUSG00000025878	164	119	122	276	9	6	16	1
ENSMUSG00000025880	77	31	47	82	3	4	12	2
ENSMUSG00000025885	165	172	163	128	51	45	33	30
ENSMUSG00000025887	250	108	250	161	6	23	23	20
ENSMUSG00000025888	72	59	32	71	9	9	7	6
ENSMUSG00000025889	182	188	343	171	17	21	11	32
ENSMUSG00000025892	158	152	243	104	31	26	20	13
ENSMUSG00000025893	54	69	49	26	13	12	3	3
ENSMUSG00000025894	196	184	189	192	53	47	32	22
ENSMUSG00000025898	49	26	36	26	5	12	2	4
ENSMUSG00000025899	44	119	78	91	8	11	23	19
ENSMUSG00000025900	239	248	220	222	20	21	13	28
ENSMUSG00000025902	146	287	125	151	25	14	15	8
ENSMUSG00000025903	296	146	173	185	43	35	19	24
ENSMUSG00000025905	157	202	185	256	18	30	31	29
ENSMUSG00000025907	79	77	99	66	13	14	4	5
ENSMUSG00000025909	89	134	168	115	19	25	11	12
ENSMUSG00000025911	212	177	119	218	8	6	14	12
ENSMUSG00000025912	83	50	126	107	1	5	11	8
ENSMUSG00000025915	57	191	97	57	19	12	7	13
ENSMUSG00000025916	13	17	8	8	0	1	1	3
ENSMUSG00000025917	109	118	96	141	6	6	11	5
ENSMUSG00000025920	39	33	13	29	2	3	0	0
ENSMUSG00000025921	272	247	97	262	26	8	24	12
ENSMUSG00000025922	58	52	67	59	3	12	6	7
ENSMUSG00000025925	115	59	101	75	7	8	11	7
ENSMUSG00000025927	102	184	70	91	27	16	13	14
ENSMUSG00000025929	168	123	108	138	23	9	14	31
ENSMUSG00000025930	165	106	174	292	5	9	21	15
ENSMUSG00000025931	79	119	44	59	4	5	5	2
ENSMUSG00000025932	53	72	140	111	10	3	6	13
ENSMUSG00000025933	532	547	739	365	97	52	97	90
ENSMUSG00000025934	32	39	44	18	1	2	5	1
ENSMUSG00000025935	266	373	164	172	34	27	47	24
ENSMUSG00000025936	71	69	96	64	6	3	12	8
ENSMUSG00000025937	16	22	10	15	2	3	1	1
ENSMUSG00000025938	204	190	305	254	20	22	24	29
ENSMUSG00000025939	206	260	289	229	31	26	13	46
ENSMUSG00000025940	59	48	37	46	9	21	10	14
ENSMUSG00000025945	147	122	248	127	7	11	17	14
ENSMUSG00000025946	227	255	144	302	77	44	44	54
ENSMUSG00000025949	181	180	151	84	18	11	11	5
ENSMUSG00000025950	147	302	206	268	39	19	40	22
ENSMUSG00000025952	274	177	237	287	37	43	41	27
ENSMUSG00000025955	169	149	200	121	11	11	6	10
ENSMUSG00000025956	51	21	43	90	8	1	6	5
ENSMUSG00000025958	90	63	99	107	8	15	6	10
ENSMUSG00000025959	305	303	170	261	23	44	17	29
ENSMUSG00000025961	263	406	307	374	54	48	58	43
ENSMUSG00000025962	51	155	28	35	8	11	5	6
ENSMUSG00000025963	49	78	84	59	12	15	7	7
ENSMUSG00000025964	152	174	92	138	17	12	8	8
ENSMUSG00000025967	15	49	47	38	7	10	7	5
ENSMUSG00000025968	702	344	745	738	36	32	56	37
ENSMUSG00000025969	60	24	37	25	4	4	6	2
ENSMUSG00000025971	58	39	95	101	9	7	12	6
ENSMUSG00000025977	169	162	438	259	19	16	54	49
ENSMUSG00000025978	237	300	269	340	64	119	101	84
ENSMUSG00000025979	37	76	82	85	8	9	7	7
ENSMUSG00000025980	15	26	48	36	8	12	5	9
ENSMUSG00000025981	47	77	61	20	7	3	6	4
ENSMUSG00000025982	94	128	89	115	12	6	8	7
ENSMUSG00000025983	204	169	408	337	21	15	38	51
ENSMUSG00000025986	305	444	479	309	41	22	38	42
ENSMUSG00000025991	102	129	148	230	7	11	10	9
ENSMUSG00000025993	522	398	403	236	146	71	68	113
ENSMUSG00000025995	289	490	299	352	35	19	41	19
ENSMUSG00000025997	189	258	221	311	66	100	59	87
ENSMUSG00000026000	112	157	160	112	32	49	37	33
ENSMUSG00000026003	77	83	24	90	10	4	1	3
ENSMUSG00000026004	80	98	69	75	7	7	4	9
ENSMUSG00000026005	94	145	95	84	15	10	19	11
ENSMUSG00000026009	33	88	76	54	12	9	7	3
ENSMUSG00000026011	21	47	32	58	3	5	0	3
ENSMUSG00000026012	694	495	625	500	495	515	170	194
ENSMUSG00000026014	197	326	187	218	11	14	27	30
ENSMUSG00000026017	365	700	518	378	73	88	134	41
ENSMUSG00000026018	30	49	74	16	6	4	2	2
ENSMUSG00000026019	136	164	238	154	19	26	28	24
ENSMUSG00000026020	357	229	579	832	22	37	95	76
ENSMUSG00000026021	468	668	348	760	200	106	405	154
ENSMUSG00000026023	13	9	1	3	2	1	0	1
ENSMUSG00000026024	91	113	112	185	9	2	12	7
ENSMUSG00000026027	44	38	20	49	7	12	6	8
ENSMUSG00000026028	174	115	220	240	27	48	30	35
ENSMUSG00000026029	11	10	7	6	3	3	0	0
ENSMUSG00000026031	141	162	197	174	8	16	15	11
ENSMUSG00000026032	104	86	71	102	24	15	38	11
ENSMUSG00000026034	509	720	555	470	70	49	80	30
ENSMUSG00000026035	506	258	583	435	31	19	16	46
ENSMUSG00000026036	33	76	68	77	6	4	6	4
ENSMUSG00000026037	79	59	93	37	12	29	15	8
ENSMUSG00000026039	29	49	44	70	3	3	8	10
ENSMUSG00000026042	326	366	573	177	35	18	36	40
ENSMUSG00000026043	154	118	107	106	20	23	9	12
ENSMUSG00000026047	428	333	354	377	25	45	27	31
ENSMUSG00000026048	137	130	133	147	24	32	13	21
ENSMUSG00000026049	130	106	87	83	11	1	7	2
ENSMUSG00000026051	349	348	231	419	17	8	18	12
ENSMUSG00000026058	179	87	155	133	18	9	11	25
ENSMUSG00000026062	73	75	83	80	2	6	9	6
ENSMUSG00000026063	25	17	38	39	9	2	2	2
ENSMUSG00000026064	51	162	80	110	4	12	7	7
ENSMUSG00000026065	511	1122	909	768	111	126	91	91
ENSMUSG00000026068	98	74	119	145	2	1	6	4
ENSMUSG00000026069	436	632	576	565	36	45	30	39
ENSMUSG00000026070	74	68	47	27	8	16	10	6
ENSMUSG00000026072	88	141	142	119	24	40	21	14
ENSMUSG00000026073	2193	1003	1505	1150	544	681	626	646
ENSMUSG00000026074	355	319	458	431	49	61	134	77
ENSMUSG00000026077	40	21	29	36	2	1	1	0
ENSMUSG00000026078	86	74	202	329	10	12	10	7
ENSMUSG00000026080	48	46	38	53	8	7	3	5
ENSMUSG00000026082	278	91	168	202	34	16	17	20
ENSMUSG00000026083	889	1587	961	983	72	84	51	44
ENSMUSG00000026085	18	22	18	10	1	4	1	1
ENSMUSG00000026087	211	197	146	201	22	22	27	16
ENSMUSG00000026088	177	316	255	419	53	51	40	29
ENSMUSG00000026090	206	228	152	128	17	40	13	11
ENSMUSG00000026094	166	91	108	122	23	17	28	47
ENSMUSG00000026095	437	408	566	438	84	81	141	94
ENSMUSG00000026096	64	218	106	94	15	10	3	9
ENSMUSG00000026097	348	644	744	582	275	221	135	135
ENSMUSG00000026098	138	130	32	43	13	18	15	19
ENSMUSG00000026100	740	232	361	438	16	15	15	15
ENSMUSG00000026102	71	111	139	35	15	22	7	6
ENSMUSG00000026103	148	114	105	122	12	13	7	7
ENSMUSG00000026104	165	207	127	115	23	22	19	5
ENSMUSG00000026107	77	57	68	75	15	9	19	28
ENSMUSG00000026109	36	18	22	8	5	3	1	1
ENSMUSG00000026110	625	326	547	350	25	54	34	22
ENSMUSG00000026111	244	166	102	197	64	49	24	31
ENSMUSG00000026112	166	141	223	129	27	38	25	17
ENSMUSG00000026113	88	164	39	48	9	0	9	6
ENSMUSG00000026114	88	141	84	125	9	11	11	6
ENSMUSG00000026116	327	168	199	231	70	67	77	73
ENSMUSG00000026117	533	443	346	566	23	44	64	49
ENSMUSG00000026121	226	296	170	114	33	39	16	12
ENSMUSG00000026123	31	55	38	45	13	17	12	5
ENSMUSG00000026124	16	9	29	10	1	0	2	0
ENSMUSG00000026125	98	99	63	106	10	9	3	14
ENSMUSG00000026126	40	26	45	66	5	8	10	5
ENSMUSG00000026127	477	356	395	447	16	37	18	23
ENSMUSG00000026131	77	70	48	22	2	4	4	1
ENSMUSG00000026134	142	111	66	65	19	14	10	13
ENSMUSG00000026135	335	227	440	344	47	40	76	33
ENSMUSG00000026141	677	732	369	435	167	191	77	70
ENSMUSG00000026142	208	175	152	229	28	23	24	20
ENSMUSG00000026147	62	90	66	64	29	71	51	40
ENSMUSG00000026149	357	290	268	280	20	35	22	26
ENSMUSG00000026150	56	38	93	72	5	11	3	10
ENSMUSG00000026153	307	233	285	141	15	17	26	32
ENSMUSG00000026154	312	343	170	127	21	50	48	39
ENSMUSG00000026155	183	267	406	423	17	3	25	14
ENSMUSG00000026156	62	58	75	73	22	8	2	22
ENSMUSG00000026158	178	254	269	160	51	40	37	24
ENSMUSG00000026159	76	114	373	415	8	5	13	14
ENSMUSG00000026162	112	70	59	103	16	23	23	17
ENSMUSG00000026163	123	96	152	129	27	33	26	45
ENSMUSG00000026166	130	166	139	99	15	26	16	10
ENSMUSG00000026167	90	89	116	40	17	18	18	20
ENSMUSG00000026170	192	245	170	234	10	11	15	27
ENSMUSG00000026171	58	108	71	62	17	13	12	13
ENSMUSG00000026172	162	65	142	159	15	20	25	17
ENSMUSG00000026173	220	53	248	174	49	39	26	22
ENSMUSG00000026174	114	109	95	109	18	17	10	8
ENSMUSG00000026175	50	41	51	55	5	11	4	4
ENSMUSG00000026176	76	52	72	70	11	11	4	9
ENSMUSG00000026177	163	227	89	241	27	22	45	17
ENSMUSG00000026179	283	143	184	177	17	21	8	7
ENSMUSG00000026180	151	85	60	90	11	20	7	7
ENSMUSG00000026181	577	345	505	333	91	63	67	61
ENSMUSG00000026182	97	65	70	41	11	15	16	10
ENSMUSG00000026185	106	110	132	91	13	5	8	8
ENSMUSG00000026187	257	161	168	134	29	33	17	35
ENSMUSG00000026188	22	25	30	22	5	0	2	5
ENSMUSG00000026189	45	72	45	46	5	11	5	3
ENSMUSG00000026192	116	61	142	126	11	14	33	33
ENSMUSG00000026193	99	83	169	174	25	14	16	24
ENSMUSG00000026196	131	81	61	95	7	14	8	7
ENSMUSG00000026197	76	50	49	50	10	16	8	5
ENSMUSG00000026198	167	277	287	716	9	12	22	18
ENSMUSG00000026199	242	338	480	257	9	15	16	18
ENSMUSG00000026200	24	26	24	14	3	2	1	0
ENSMUSG00000026201	43	64	92	119	3	4	2	11
ENSMUSG00000026202	213	211	118	174	38	35	46	30
ENSMUSG00000026203	62	107	67	68	16	32	17	10
ENSMUSG00000026204	123	144	177	166	25	28	16	16
ENSMUSG00000026205	553	255	261	576	117	156	100	101
ENSMUSG00000026207	111	130	115	99	23	19	16	13
ENSMUSG00000026208	79	138	250	322	16	8	47	20
ENSMUSG00000026209	40	62	47	78	5	7	4	8
ENSMUSG00000026211	402	409	159	135	33	49	28	34
ENSMUSG00000026213	47	31	44	38	3	1	2	4
ENSMUSG00000026219	428	451	500	547	38	41	33	55
ENSMUSG00000026220	87	137	151	155	31	41	62	30
ENSMUSG00000026222	193	391	242	166	19	37	5	14
ENSMUSG00000026223	168	183	114	193	15	19	9	10
ENSMUSG00000026224	55	74	54	64	16	8	8	9
ENSMUSG00000026226	154	122	175	83	13	44	21	17
ENSMUSG00000026227	20	31	81	67	10	6	9	3
ENSMUSG00000026228	51	50	64	111	8	7	6	5
ENSMUSG00000026229	319	281	158	159	32	49	22	30
ENSMUSG00000026234	159	89	91	175	18	23	14	27
ENSMUSG00000026235	1367	1079	1309	872	86	81	82	48
ENSMUSG00000026237	40	56	52	50	7	2	6	2
ENSMUSG00000026238	67	69	59	69	11	13	9	5
ENSMUSG00000026239	662	732	361	350	89	134	66	74
ENSMUSG00000026240	39	79	46	38	3	2	3	4
ENSMUSG00000026241	38	31	61	65	12	10	11	5
ENSMUSG00000026245	204	263	207	182	20	19	8	4
ENSMUSG00000026246	55	85	45	100	3	10	23	9
ENSMUSG00000026247	200	230	282	157	30	48	27	56
ENSMUSG00000026248	18	29	28	55	7	9	6	7
ENSMUSG00000026249	186	338	311	163	23	28	29	45
ENSMUSG00000026251	39	57	52	25	8	15	7	7
ENSMUSG00000026253	69	96	76	69	4	3	3	2
ENSMUSG00000026254	359	156	347	711	29	35	85	69
ENSMUSG00000026255	84	97	84	112	13	9	17	14
ENSMUSG00000026258	33	40	33	37	3	3	9	9
ENSMUSG00000026259	109	32	40	67	1	3	15	17
ENSMUSG00000026260	108	123	171	195	11	19	9	11
ENSMUSG00000026269	43	50	41	56	2	1	3	2
ENSMUSG00000026270	23	29	68	18	2	2	2	4
ENSMUSG00000026271	27	12	9	18	2	1	1	0
ENSMUSG00000026272	99	72	265	84	17	18	35	29
ENSMUSG00000026273	82	67	41	20	4	7	5	2
ENSMUSG00000026274	90	140	103	61	11	5	8	5
ENSMUSG00000026275	57	56	84	46	17	6	17	12
ENSMUSG00000026276	26	16	11	21	1	0	4	2
ENSMUSG00000026277	174	127	165	134	9	14	9	31
ENSMUSG00000026278	316	316	412	675	28	34	44	26
ENSMUSG00000026279	694	360	795	926	34	20	73	72
ENSMUSG00000026280	5	5	3	4	0	0	0	0
ENSMUSG00000026281	259	251	282	326	24	34	41	38
ENSMUSG00000026283	51	23	45	73	4	2	3	3
ENSMUSG00000026285	17	26	7	5	5	4	1	2
ENSMUSG00000026288	170	293	206	212	10	26	18	17
ENSMUSG00000026289	111	58	129	125	5	16	10	1
ENSMUSG00000026295	144	189	319	268	22	21	14	27
ENSMUSG00000026301	162	112	122	67	4	19	22	16
ENSMUSG00000026303	574	900	806	1026	77	54	41	76
ENSMUSG00000026304	54	61	68	47	6	8	2	3
ENSMUSG00000026305	22	18	12	12	0	3	1	5
ENSMUSG00000026307	10	21	17	30	4	2	2	0
ENSMUSG00000026308	101	105	69	58	8	7	7	12
ENSMUSG00000026309	192	550	492	447	56	101	101	67
ENSMUSG00000026311	233	189	228	253	66	69	74	67
ENSMUSG00000026312	216	152	96	187	14	7	11	13
ENSMUSG00000026313	293	247	163	170	32	70	28	23
ENSMUSG00000026315	240	292	158	223	7	9	18	20
ENSMUSG00000026317	70	59	88	93	5	7	4	4
ENSMUSG00000026319	80	80	60	116	24	18	7	13
ENSMUSG00000026321	190	165	75	38	28	25	19	15
ENSMUSG00000026322	206	173	213	140	3	7	14	6
ENSMUSG00000026327	1243	1467	4782	5022	121	97	454	557
ENSMUSG00000026331	297	257	283	250	49	46	25	37
ENSMUSG00000026333	261	196	207	134	17	17	22	21
ENSMUSG00000026335	14	7	7	7	1	0	0	0
ENSMUSG00000026336	141	176	116	135	21	8	18	23
ENSMUSG00000026339	449	391	335	357	72	48	54	74
ENSMUSG00000026341	155	103	98	98	31	11	23	33
ENSMUSG00000026342	567	452	273	530	35	15	42	45
ENSMUSG00000026343	35	35	40	43	1	2	3	1
ENSMUSG00000026344	32	38	27	18	8	2	5	4
ENSMUSG00000026347	181	134	85	120	9	13	8	12
ENSMUSG00000026348	34	61	81	91	6	6	16	15
ENSMUSG00000026349	71	107	105	86	14	20	10	9
ENSMUSG00000026353	98	71	61	113	10	10	20	16
ENSMUSG00000026354	123	232	111	145	18	19	17	15
ENSMUSG00000026355	4744	3859	3573	3108	458	202	338	236
ENSMUSG00000026356	277	188	246	239	6	14	18	15
ENSMUSG00000026357	242	262	148	174	30	20	3	11
ENSMUSG00000026358	127	298	336	352	107	47	67	87
ENSMUSG00000026360	243	174	210	378	75	64	15	37
ENSMUSG00000026361	557	331	762	1523	48	59	61	77
ENSMUSG00000026365	83	117	73	67	12	8	8	3
ENSMUSG00000026368	587	433	586	635	44	21	40	34
ENSMUSG00000026374	53	107	95	149	6	8	7	4
ENSMUSG00000026377	86	142	206	278	18	23	45	30
ENSMUSG00000026380	260	285	323	192	48	47	43	37
ENSMUSG00000026383	16	24	9	5	0	1	2	0
ENSMUSG00000026384	63	93	77	58	10	5	5	15
ENSMUSG00000026385	227	528	379	409	85	77	15	38
ENSMUSG00000026387	31	41	46	34	1	0	1	0
ENSMUSG00000026388	108	87	87	119	13	12	13	24
ENSMUSG00000026389	112	35	53	49	5	4	14	6
ENSMUSG00000026390	359	334	236	363	46	56	84	44
ENSMUSG00000026393	84	116	66	126	5	9	4	7
ENSMUSG00000026394	24	11	34	33	4	4	6	3
ENSMUSG00000026395	233	153	90	73	25	19	34	28
ENSMUSG00000026398	56	40	61	77	10	4	5	12
ENSMUSG00000026399	114	148	102	133	10	21	15	16
ENSMUSG00000026401	55	23	48	31	3	2	3	9
ENSMUSG00000026404	321	170	276	285	17	20	22	26
ENSMUSG00000026405	180	285	364	230	39	21	41	31
ENSMUSG00000026407	442	777	358	329	39	60	52	34
ENSMUSG00000026409	62	62	26	70	7	4	7	3
ENSMUSG00000026411	251	335	311	138	45	27	50	40
ENSMUSG00000026413	304	372	217	288	10	8	19	25
ENSMUSG00000026414	62	115	28	68	8	4	4	1
ENSMUSG00000026415	126	114	118	74	20	16	11	7
ENSMUSG00000026416	213	268	321	275	40	51	39	30
ENSMUSG00000026417	86	63	47	71	15	17	24	13
ENSMUSG00000026418	117	118	100	109	14	9	6	4
ENSMUSG00000026420	1260	1732	982	1685	125	117	279	209
ENSMUSG00000026421	205	403	230	182	94	74	72	80
ENSMUSG00000026424	100	124	66	266	12	25	14	13
ENSMUSG00000026425	23	19	15	27	7	2	3	4
ENSMUSG00000026426	132	96	69	112	12	19	14	14
ENSMUSG00000026427	1340	1256	1077	1305	98	130	156	168
ENSMUSG00000026429	60	121	157	146	4	7	12	11
ENSMUSG00000026430	132	173	194	164	10	5	34	28
ENSMUSG00000026432	89	35	93	92	7	4	16	6
ENSMUSG00000026433	161	125	91	108	27	16	18	16
ENSMUSG00000026434	199	217	187	93	26	28	12	17
ENSMUSG00000026435	69	32	59	43	3	3	5	0
ENSMUSG00000026436	96	298	221	138	31	18	27	24
ENSMUSG00000026437	100	128	74	130	5	6	12	11
ENSMUSG00000026439	92	78	77	103	24	11	17	20
ENSMUSG00000026442	84	110	69	29	8	19	9	10
ENSMUSG00000026443	160	206	224	146	9	8	13	9
ENSMUSG00000026447	48	64	91	86	4	18	19	9
ENSMUSG00000026450	51	71	24	64	15	13	17	10
ENSMUSG00000026452	29	30	23	21	0	3	5	0
ENSMUSG00000026455	84	75	60	21	7	4	3	2
ENSMUSG00000026456	141	114	178	90	13	10	14	10
ENSMUSG00000026457	281	406	483	309	74	41	57	56
ENSMUSG00000026458	213	367	331	140	26	9	35	30
ENSMUSG00000026459	72	195	229	185	17	12	14	25
ENSMUSG00000026463	566	736	435	438	24	21	12	21
ENSMUSG00000026466	75	71	103	104	11	11	36	30
ENSMUSG00000026468	110	128	70	103	5	3	7	5
ENSMUSG00000026469	43	54	74	149	10	6	16	12
ENSMUSG00000026470	27	36	34	29	8	4	3	8
ENSMUSG00000026471	50	53	28	33	2	2	3	7
ENSMUSG00000026473	63	124	55	81	11	14	5	11
ENSMUSG00000026475	220	160	150	128	21	14	6	2
ENSMUSG00000026478	2998	1640	2423	2645	154	330	244	243
ENSMUSG00000026479	105	107	107	87	13	4	4	5
ENSMUSG00000026480	150	180	160	123	8	6	12	11
ENSMUSG00000026482	178	127	165	199	20	27	37	12
ENSMUSG00000026483	531	345	180	383	33	41	35	33
ENSMUSG00000026484	18	32	16	24	4	8	2	5
ENSMUSG00000026489	95	76	64	62	7	2	8	5
ENSMUSG00000026490	338	144	169	208	15	22	19	18
ENSMUSG00000026491	205	114	159	144	28	29	46	17
ENSMUSG00000026492	119	70	60	33	5	6	35	19
ENSMUSG00000026494	96	193	76	171	18	17	11	7
ENSMUSG00000026495	216	216	537	1404	17	26	156	127
ENSMUSG00000026496	35	53	23	45	9	7	4	7
ENSMUSG00000026497	28	39	65	45	5	6	14	16
ENSMUSG00000026499	359	330	288	268	69	40	33	22
ENSMUSG00000026500	206	138	170	138	51	28	31	63
ENSMUSG00000026502	164	143	147	132	8	19	14	5
ENSMUSG00000026504	52	36	70	54	10	7	6	2
ENSMUSG00000026509	115	62	98	103	6	10	8	13
ENSMUSG00000026510	193	234	153	247	26	22	19	11
ENSMUSG00000026511	525	451	225	288	44	52	31	23
ENSMUSG00000026514	208	246	170	320	24	24	30	33
ENSMUSG00000026516	236	228	213	152	44	21	68	28
ENSMUSG00000026519	14	10	13	10	0	0	1	0
ENSMUSG00000026520	61	145	130	83	18	21	8	3
ENSMUSG00000026523	23	35	24	25	0	1	4	3
ENSMUSG00000026525	328	385	287	193	21	50	113	165
ENSMUSG00000026526	56	55	34	37	5	5	17	11
ENSMUSG00000026527	65	137	104	74	3	12	11	16
ENSMUSG00000026531	283	153	267	166	33	33	72	79
ENSMUSG00000026532	102	76	65	74	11	14	16	12
ENSMUSG00000026535	28	27	59	61	2	3	3	5
ENSMUSG00000026536	74	99	93	101	3	2	6	8
ENSMUSG00000026542	42	29	34	38	6	7	7	4
ENSMUSG00000026544	164	389	404	552	26	38	75	55
ENSMUSG00000026546	60	86	85	103	5	3	4	7
ENSMUSG00000026547	473	585	599	409	80	63	47	184
ENSMUSG00000026548	181	229	240	217	43	22	18	32
ENSMUSG00000026553	299	374	515	432	39	26	81	125
ENSMUSG00000026554	110	106	242	222	24	21	40	45
ENSMUSG00000026556	172	118	139	143	23	29	31	50
ENSMUSG00000026558	102	106	31	88	26	6	23	15
ENSMUSG00000026560	504	462	291	180	189	170	62	64
ENSMUSG00000026563	32	68	29	21	3	3	4	2
ENSMUSG00000026564	387	278	555	268	42	61	31	51
ENSMUSG00000026565	347	376	333	264	36	24	15	40
ENSMUSG00000026566	269	192	287	219	43	65	111	55
ENSMUSG00000026567	310	251	377	496	48	81	61	72
ENSMUSG00000026568	483	575	431	707	54	22	61	39
ENSMUSG00000026571	880	669	433	339	21	25	16	15
ENSMUSG00000026572	478	510	424	710	17	25	12	20
ENSMUSG00000026573	125	153	166	134	18	28	32	22
ENSMUSG00000026574	37	35	72	53	7	5	3	8
ENSMUSG00000026575	266	312	310	248	77	42	132	122
ENSMUSG00000026576	1027	545	332	503	53	57	93	66
ENSMUSG00000026577	150	61	99	76	12	7	9	9
ENSMUSG00000026578	292	152	114	115	16	45	35	30
ENSMUSG00000026579	666	714	386	201	125	229	75	57
ENSMUSG00000026580	96	64	68	74	7	18	9	9
ENSMUSG00000026581	69	117	93	210	5	8	11	8
ENSMUSG00000026582	192	255	313	262	26	12	23	24
ENSMUSG00000026584	298	297	461	327	33	36	62	48
ENSMUSG00000026585	57	50	19	22	4	9	8	0
ENSMUSG00000026586	847	710	1018	1097	219	199	294	110
ENSMUSG00000026587	89	77	84	117	12	23	18	19
ENSMUSG00000026589	42	27	29	51	7	6	14	10
ENSMUSG00000026592	159	61	100	50	11	19	21	19
ENSMUSG00000026594	69	75	60	55	5	3	3	1
ENSMUSG00000026596	54	84	61	183	9	12	5	1
ENSMUSG00000026600	130	258	200	152	20	12	21	15
ENSMUSG00000026601	422	372	398	375	38	17	39	42
ENSMUSG00000026602	26	43	44	38	7	4	12	9
ENSMUSG00000026603	166	447	216	250	45	21	35	41
ENSMUSG00000026604	39	91	225	242	6	9	14	8
ENSMUSG00000026605	634	323	407	337	139	84	71	36
ENSMUSG00000026608	140	125	214	99	13	16	2	13
ENSMUSG00000026609	145	121	119	68	27	21	26	33
ENSMUSG00000026610	92	201	113	187	9	19	12	13
ENSMUSG00000026611	41	47	21	27	10	10	3	8
ENSMUSG00000026614	95	184	93	96	19	26	56	58
ENSMUSG00000026615	84	43	66	43	16	8	6	10
ENSMUSG00000026616	20	25	12	49	6	1	2	0
ENSMUSG00000026617	7	12	19	11	5	3	1	2
ENSMUSG00000026618	16	27	160	108	3	5	7	4
ENSMUSG00000026620	47	59	105	122	2	2	31	14
ENSMUSG00000026621	748	806	1284	1469	280	234	383	421
ENSMUSG00000026622	27	24	21	32	2	0	2	0
ENSMUSG00000026623	110	90	65	110	11	15	7	10
ENSMUSG00000026626	232	338	511	358	23	34	84	89
ENSMUSG00000026627	424	559	517	503	132	113	108	71
ENSMUSG00000026628	217	151	189	205	24	16	32	33
ENSMUSG00000026630	117	190	159	117	19	14	6	13
ENSMUSG00000026632	157	194	335	125	27	14	38	17
ENSMUSG00000026634	22	41	46	39	7	1	3	4
ENSMUSG00000026637	119	159	63	83	6	14	16	25
ENSMUSG00000026638	84	124	84	113	10	7	6	7
ENSMUSG00000026639	279	418	360	302	71	66	24	9
ENSMUSG00000026640	382	204	135	182	68	74	81	53
ENSMUSG00000026641	424	581	307	510	71	44	154	31
ENSMUSG00000026643	126	112	130	185	28	43	39	36
ENSMUSG00000026644	51	47	72	47	6	1	6	4
ENSMUSG00000026645	54	108	112	59	4	7	8	8
ENSMUSG00000026646	194	89	281	175	9	12	14	19
ENSMUSG00000026648	171	224	130	242	23	55	2	24
ENSMUSG00000026649	86	53	87	86	5	12	2	6
ENSMUSG00000026650	53	63	84	140	8	6	12	4
ENSMUSG00000026655	241	109	269	264	16	34	29	31
ENSMUSG00000026656	265	162	413	560	45	53	142	158
ENSMUSG00000026657	513	384	298	607	17	50	10	28
ENSMUSG00000026659	308	479	405	281	66	50	19	25
ENSMUSG00000026662	70	167	117	69	21	15	13	16
ENSMUSG00000026663	19	42	9	17	17	6	9	24
ENSMUSG00000026664	149	174	153	133	33	29	23	23
ENSMUSG00000026667	137	149	427	161	9	15	38	30
ENSMUSG00000026668	90	151	180	78	14	23	18	14
ENSMUSG00000026669	129	161	293	174	48	34	94	27
ENSMUSG00000026670	136	484	291	267	48	29	34	36
ENSMUSG00000026672	30	56	32	19	9	12	4	6
ENSMUSG00000026674	62	29	16	22	6	6	1	4
ENSMUSG00000026675	120	73	184	128	13	22	17	19
ENSMUSG00000026676	47	56	34	24	4	3	4	1
ENSMUSG00000026678	43	74	55	87	12	4	6	7
ENSMUSG00000026679	52	45	79	61	8	5	6	5
ENSMUSG00000026683	319	298	262	147	20	28	43	21
ENSMUSG00000026686	134	235	623	383	11	17	32	41
ENSMUSG00000026687	64	71	66	86	10	5	14	10
ENSMUSG00000026688	102	93	52	52	8	7	7	21
ENSMUSG00000026691	50	95	72	151	2	7	8	3
ENSMUSG00000026692	47	72	84	63	10	21	3	3
ENSMUSG00000026694	117	73	104	85	27	13	37	28
ENSMUSG00000026696	82	123	114	159	15	14	4	4
ENSMUSG00000026697	42	33	44	58	4	11	10	1
ENSMUSG00000026698	870	1026	1494	1027	141	48	129	97
ENSMUSG00000026700	703	640	595	394	77	45	81	89
ENSMUSG00000026701	235	270	193	436	36	65	82	83
ENSMUSG00000026705	82	78	105	166	17	20	25	26
ENSMUSG00000026707	360	696	303	727	40	104	55	50
ENSMUSG00000026708	158	109	230	188	37	21	48	16
ENSMUSG00000026709	144	219	177	194	32	27	38	26
ENSMUSG00000026712	203	186	177	108	21	33	14	24
ENSMUSG00000026715	433	762	669	639	137	74	225	225
ENSMUSG00000026718	61	45	49	47	9	2	11	18
ENSMUSG00000026721	269	184	229	254	17	28	14	21
ENSMUSG00000026723	77	164	151	71	40	34	26	21
ENSMUSG00000026725	69	57	75	105	5	9	19	10
ENSMUSG00000026726	40	61	45	48	7	5	3	9
ENSMUSG00000026727	13	17	41	28	3	4	7	5
ENSMUSG00000026728	104	54	117	53	9	13	10	12
ENSMUSG00000026729	42	219	93	80	15	27	42	31
ENSMUSG00000026730	199	450	297	318	32	21	21	33
ENSMUSG00000026734	195	200	106	174	34	27	16	12
ENSMUSG00000026735	197	185	74	122	31	34	13	26
ENSMUSG00000026736	17	25	29	19	0	1	1	3
ENSMUSG00000026737	383	393	778	424	124	65	67	27
ENSMUSG00000026739	102	147	208	208	22	21	12	8
ENSMUSG00000026740	310	227	297	190	16	41	34	33
ENSMUSG00000026743	212	155	208	115	15	6	21	22
ENSMUSG00000026748	723	683	582	289	36	50	57	25
ENSMUSG00000026749	175	123	203	163	34	41	37	28
ENSMUSG00000026750	241	165	268	148	24	23	39	35
ENSMUSG00000026751	29	22	21	17	6	16	18	6
ENSMUSG00000026753	113	105	78	61	44	27	22	13
ENSMUSG00000026754	16	18	13	21	0	4	0	1
ENSMUSG00000026755	51	38	63	68	9	2	2	4
ENSMUSG00000026761	1080	895	981	995	184	217	553	334
ENSMUSG00000026764	173	178	97	142	10	18	18	8
ENSMUSG00000026765	562	639	577	823	53	98	66	86
ENSMUSG00000026766	1154	1365	913	2685	259	306	342	232
ENSMUSG00000026767	111	63	210	148	8	7	18	13
ENSMUSG00000026768	121	41	48	86	4	7	3	8
ENSMUSG00000026770	83	53	183	139	7	5	16	11
ENSMUSG00000026771	44	41	183	94	5	2	15	17
ENSMUSG00000026773	78	60	66	45	6	2	7	4
ENSMUSG00000026774	73	102	80	112	9	16	18	34
ENSMUSG00000026775	111	139	347	342	12	20	75	34
ENSMUSG00000026778	202	88	198	137	7	10	12	13
ENSMUSG00000026779	64	52	58	27	14	14	8	5
ENSMUSG00000026781	230	444	509	527	172	119	92	95
ENSMUSG00000026782	199	187	241	123	0	10	1	9
ENSMUSG00000026784	527	615	597	359	194	104	197	245
ENSMUSG00000026785	44	65	28	41	2	4	2	1
ENSMUSG00000026786	543	483	1053	632	52	53	162	101
ENSMUSG00000026787	105	119	102	126	4	4	7	3
ENSMUSG00000026788	38	44	65	66	3	3	0	1
ENSMUSG00000026790	143	179	142	176	18	7	35	31
ENSMUSG00000026791	50	91	63	47	7	12	16	9
ENSMUSG00000026792	181	206	163	349	14	32	31	21
ENSMUSG00000026796	107	85	128	350	3	5	16	22
ENSMUSG00000026797	24	31	19	39	2	4	3	3
ENSMUSG00000026798	228	103	180	106	18	18	34	48
ENSMUSG00000026799	66	64	74	77	20	13	10	15
ENSMUSG00000026803	935	629	847	486	46	43	25	31
ENSMUSG00000026805	131	163	154	136	41	34	29	20
ENSMUSG00000026806	13	7	19	19	5	8	2	3
ENSMUSG00000026807	64	38	85	59	5	5	5	3
ENSMUSG00000026809	903	1136	1009	1661	213	379	298	378
ENSMUSG00000026810	208	170	204	133	34	42	17	36
ENSMUSG00000026811	40	14	57	27	1	3	2	1
ENSMUSG00000026812	27	39	33	58	6	11	4	1
ENSMUSG00000026814	69	122	39	142	15	12	3	19
ENSMUSG00000026815	1103	1019	571	810	241	248	143	124
ENSMUSG00000026816	345	207	697	298	5	28	78	67
ENSMUSG00000026817	326	175	285	239	20	15	9	24
ENSMUSG00000026818	171	211	404	254	23	24	33	22
ENSMUSG00000026819	657	604	690	695	115	105	260	137
ENSMUSG00000026820	58	32	55	42	3	6	1	7
ENSMUSG00000026821	69	62	166	83	3	6	25	6
ENSMUSG00000026822	92	60	147	117	17	32	28	25
ENSMUSG00000026824	37	50	50	35	13	12	0	9
ENSMUSG00000026825	52	76	94	116	8	7	19	13
ENSMUSG00000026826	58	99	64	140	14	7	3	16
ENSMUSG00000026827	270	203	225	195	15	18	11	13
ENSMUSG00000026828	42	55	44	37	5	1	2	0
ENSMUSG00000026829	156	252	212	234	43	25	28	43
ENSMUSG00000026830	167	158	162	192	52	64	51	77
ENSMUSG00000026831	164	283	191	237	32	20	22	25
ENSMUSG00000026832	89	69	63	61	23	6	13	33
ENSMUSG00000026833	93	140	100	62	17	14	21	23
ENSMUSG00000026834	111	101	113	123	23	12	10	18
ENSMUSG00000026835	46	32	30	27	3	2	8	3
ENSMUSG00000026836	94	44	41	28	2	11	18	11
ENSMUSG00000026837	112	127	242	261	12	29	40	22
ENSMUSG00000026839	58	60	43	82	15	14	17	17
ENSMUSG00000026840	217	162	489	205	15	5	31	11
ENSMUSG00000026841	65	57	57	44	10	8	12	15
ENSMUSG00000026842	202	251	118	146	17	37	15	33
ENSMUSG00000026843	211	139	181	156	49	25	30	12
ENSMUSG00000026848	89	100	72	58	2	2	5	17
ENSMUSG00000026849	1694	1922	1237	779	198	160	127	90
ENSMUSG00000026851	45	30	32	51	3	2	9	5
ENSMUSG00000026853	243	337	231	432	38	37	105	122
ENSMUSG00000026854	297	323	145	136	18	26	17	10
ENSMUSG00000026856	42	82	19	10	8	10	7	4
ENSMUSG00000026857	173	91	176	130	15	13	23	19
ENSMUSG00000026858	101	141	182	145	20	18	35	20
ENSMUSG00000026860	145	97	122	103	12	9	15	15
ENSMUSG00000026864	74	68	120	158	3	10	6	6
ENSMUSG00000026866	95	241	144	150	22	22	18	22
ENSMUSG00000026867	502	471	545	462	115	85	162	108
ENSMUSG00000026869	280	211	208	359	127	53	41	35
ENSMUSG00000026870	254	531	866	1433	49	76	163	175
ENSMUSG00000026872	160	160	181	163	29	28	9	18
ENSMUSG00000026873	143	120	62	74	28	17	6	9
ENSMUSG00000026874	260	419	240	409	41	45	39	55
ENSMUSG00000026875	146	214	127	237	60	42	33	30
ENSMUSG00000026878	96	122	148	179	8	3	6	4
ENSMUSG00000026879	144	91	45	94	17	15	5	2
ENSMUSG00000026880	217	233	281	389	12	16	15	20
ENSMUSG00000026882	262	324	411	294	14	18	26	18
ENSMUSG00000026883	256	296	316	227	30	17	32	27
ENSMUSG00000026885	169	371	95	89	17	19	13	11
ENSMUSG00000026887	222	405	495	281	83	45	33	78
ENSMUSG00000026888	235	80	204	224	48	33	112	66
ENSMUSG00000026889	24	15	16	6	0	0	4	2
ENSMUSG00000026890	95	238	293	239	26	13	30	15
ENSMUSG00000026893	129	125	118	120	59	63	40	36
ENSMUSG00000026894	53	45	98	37	3	3	7	3
ENSMUSG00000026895	121	115	95	123	12	9	12	10
ENSMUSG00000026896	54	65	65	66	16	13	20	18
ENSMUSG00000026904	81	125	125	112	29	20	14	18
ENSMUSG00000026914	117	93	62	62	6	8	4	14
ENSMUSG00000026915	37	69	22	29	5	9	3	11
ENSMUSG00000026917	52	18	19	7	3	0	1	0
ENSMUSG00000026918	27	43	43	23	3	1	3	3
ENSMUSG00000026919	28	45	21	30	5	1	8	1
ENSMUSG00000026921	113	161	101	65	10	20	7	10
ENSMUSG00000026922	46	21	30	31	21	10	6	9
ENSMUSG00000026923	39	10	20	17	0	3	1	1
ENSMUSG00000026924	14	16	8	10	0	0	2	3
ENSMUSG00000026925	95	43	93	109	11	9	8	5
ENSMUSG00000026926	84	88	127	108	19	12	11	16
ENSMUSG00000026927	616	350	529	288	52	73	40	40
ENSMUSG00000026928	101	209	107	125	7	4	9	13
ENSMUSG00000026930	38	36	22	35	4	3	6	7
ENSMUSG00000026931	37	59	93	204	7	22	30	20
ENSMUSG00000026932	280	162	90	79	25	41	16	15
ENSMUSG00000026933	12	17	22	16	1	0	0	0
ENSMUSG00000026934	303	187	288	191	25	31	37	30
ENSMUSG00000026936	169	189	128	122	9	21	49	33
ENSMUSG00000026937	140	142	158	146	32	21	38	17
ENSMUSG00000026938	114	147	113	66	13	7	5	8
ENSMUSG00000026939	189	224	349	326	36	54	18	24
ENSMUSG00000026940	298	239	285	236	42	42	22	21
ENSMUSG00000026941	141	256	144	133	10	7	11	5
ENSMUSG00000026942	68	52	122	120	9	20	18	16
ENSMUSG00000026943	22	33	8	10	5	3	1	1
ENSMUSG00000026944	77	127	71	77	22	14	19	10
ENSMUSG00000026946	228	179	147	228	36	35	46	30
ENSMUSG00000026950	7	3	8	8	2	1	0	2
ENSMUSG00000026955	56	91	69	74	6	5	6	5
ENSMUSG00000026956	1679	1339	1603	1321	82	40	55	67
ENSMUSG00000026958	48	106	67	69	12	11	11	10
ENSMUSG00000026959	106	133	187	87	11	16	12	27
ENSMUSG00000026960	26	34	12	34	1	1	2	2
ENSMUSG00000026961	142	90	132	126	17	19	7	25
ENSMUSG00000026963	60	120	86	102	15	8	9	10
ENSMUSG00000026965	86	119	86	172	30	25	19	8
ENSMUSG00000026966	358	321	182	545	13	10	17	20
ENSMUSG00000026969	17	18	20	23	3	5	4	6
ENSMUSG00000026970	968	796	798	733	190	65	103	177
ENSMUSG00000026971	54	43	50	41	12	6	2	7
ENSMUSG00000026972	13	26	41	42	3	3	7	2
ENSMUSG00000026974	450	873	289	428	20	54	37	50
ENSMUSG00000026975	421	220	390	229	50	70	34	76
ENSMUSG00000026976	251	83	98	114	11	14	18	14
ENSMUSG00000026977	62	47	75	85	10	13	3	1
ENSMUSG00000026979	128	125	99	102	18	17	16	12
ENSMUSG00000026980	711	801	449	393	60	79	27	18
ENSMUSG00000026981	569	319	385	520	38	32	50	45
ENSMUSG00000026983	127	87	102	113	7	11	8	9
ENSMUSG00000026984	34	31	32	36	10	4	12	5
ENSMUSG00000026985	132	76	143	85	9	10	13	14
ENSMUSG00000026986	119	185	160	229	16	14	30	27
ENSMUSG00000026987	337	439	437	341	23	25	15	28
ENSMUSG00000026988	71	33	32	25	6	6	7	4
ENSMUSG00000026989	86	76	73	64	14	22	13	13
ENSMUSG00000026991	14	11	24	15	8	3	2	2
ENSMUSG00000026994	120	112	109	140	16	11	13	19
ENSMUSG00000026999	135	139	178	187	22	17	27	30
ENSMUSG00000027001	16	28	11	7	1	2	3	1
ENSMUSG00000027002	62	220	68	21	12	13	9	12
ENSMUSG00000027004	211	190	295	127	30	27	27	23
ENSMUSG00000027006	63	41	66	54	5	14	11	7
ENSMUSG00000027007	41	21	26	34	4	0	2	1
ENSMUSG00000027009	75	61	203	155	22	20	29	27
ENSMUSG00000027010	113	75	38	58	9	12	14	4
ENSMUSG00000027011	145	175	312	164	29	27	46	19
ENSMUSG00000027012	47	66	33	64	4	4	3	1
ENSMUSG00000027014	271	210	277	172	76	49	27	31
ENSMUSG00000027015	288	355	276	202	33	20	3	9
ENSMUSG00000027016	13	26	9	17	4	3	0	0
ENSMUSG00000027018	37	84	30	18	7	9	3	3
ENSMUSG00000027022	9	18	8	20	0	3	3	0
ENSMUSG00000027030	393	408	334	517	83	148	72	138
ENSMUSG00000027035	66	77	47	38	7	1	3	5
ENSMUSG00000027048	182	372	222	327	12	9	15	24
ENSMUSG00000027067	317	408	195	208	32	25	31	30
ENSMUSG00000027068	406	246	293	404	55	46	32	28
ENSMUSG00000027070	158	163	111	264	17	12	11	19
ENSMUSG00000027071	51	69	46	41	5	5	10	7
ENSMUSG00000027072	28	74	31	70	9	6	5	5
ENSMUSG00000027073	57	57	48	79	5	5	13	10
ENSMUSG00000027074	120	164	142	163	23	28	51	68
ENSMUSG00000027075	26	26	19	25	7	3	0	3
ENSMUSG00000027076	272	204	181	252	27	14	41	17
ENSMUSG00000027077	196	156	83	140	16	22	33	36
ENSMUSG00000027078	178	163	482	438	65	39	102	138
ENSMUSG00000027079	503	700	756	481	87	96	127	72
ENSMUSG00000027080	262	666	363	604	90	131	111	68
ENSMUSG00000027082	60	65	48	35	9	6	9	13
ENSMUSG00000027086	39	53	84	108	5	8	10	13
ENSMUSG00000027087	64	122	140	165	15	13	3	10
ENSMUSG00000027088	27	35	11	43	5	9	5	2
ENSMUSG00000027091	75	98	101	119	11	14	12	9
ENSMUSG00000027099	122	56	50	24	18	18	5	7
ENSMUSG00000027102	45	47	45	39	5	11	2	8
ENSMUSG00000027104	50	88	22	31	13	10	7	6
ENSMUSG00000027107	56	31	94	55	2	1	5	1
ENSMUSG00000027108	325	156	117	137	42	21	24	12
ENSMUSG00000027109	48	126	121	76	6	8	5	3
ENSMUSG00000027111	83	131	80	141	6	4	4	13
ENSMUSG00000027115	183	183	202	135	30	38	18	25
ENSMUSG00000027120	114	147	51	23	21	31	7	13
ENSMUSG00000027122	68	75	107	123	15	14	12	12
ENSMUSG00000027130	15	7	12	13	2	0	1	1
ENSMUSG00000027131	90	168	100	93	18	19	18	7
ENSMUSG00000027132	300	148	231	343	32	44	20	46
ENSMUSG00000027133	28	22	25	37	4	9	2	3
ENSMUSG00000027134	79	85	57	40	2	4	3	6
ENSMUSG00000027157	80	46	69	63	10	3	21	23
ENSMUSG00000027160	353	181	288	177	19	19	24	9
ENSMUSG00000027162	104	118	65	61	6	9	2	6
ENSMUSG00000027163	162	109	352	112	3	12	24	64
ENSMUSG00000027164	188	224	152	182	34	26	29	20
ENSMUSG00000027165	12	8	18	11	1	3	7	5
ENSMUSG00000027166	60	77	77	122	10	19	14	11
ENSMUSG00000027167	378	521	363	380	22	54	31	14
ENSMUSG00000027168	360	258	489	259	14	16	19	26
ENSMUSG00000027170	152	197	273	233	6	6	17	32
ENSMUSG00000027171	153	68	136	111	4	7	14	7
ENSMUSG00000027173	98	41	47	96	10	13	2	0
ENSMUSG00000027175	120	193	92	108	14	11	15	7
ENSMUSG00000027176	216	244	282	150	29	17	34	33
ENSMUSG00000027177	255	285	339	200	43	24	12	8
ENSMUSG00000027180	342	710	637	165	33	41	36	36
ENSMUSG00000027184	326	454	493	495	48	29	46	60
ENSMUSG00000027185	37	27	27	21	2	2	5	7
ENSMUSG00000027186	104	81	137	67	19	12	18	10
ENSMUSG00000027187	20	8	15	19	1	4	2	2
ENSMUSG00000027188	162	133	188	180	14	34	44	31
ENSMUSG00000027189	95	177	252	102	17	18	28	20
ENSMUSG00000027193	132	102	89	136	37	13	23	24
ENSMUSG00000027194	53	19	44	37	4	5	5	2
ENSMUSG00000027195	44	82	146	177	7	5	7	15
ENSMUSG00000027196	29	18	8	5	2	3	1	0
ENSMUSG00000027198	188	144	79	78	22	32	25	25
ENSMUSG00000027199	52	31	55	83	3	8	6	5
ENSMUSG00000027200	55	52	93	39	13	10	5	9
ENSMUSG00000027201	34	50	20	66	7	1	2	3
ENSMUSG00000027202	52	40	63	71	6	2	0	3
ENSMUSG00000027203	89	42	17	53	12	7	12	3
ENSMUSG00000027204	124	101	180	109	22	15	11	22
ENSMUSG00000027206	1054	409	644	708	37	63	19	15
ENSMUSG00000027207	143	114	101	40	19	23	22	6
ENSMUSG00000027208	122	100	90	98	34	26	23	19
ENSMUSG00000027209	88	62	82	93	7	7	6	7
ENSMUSG00000027210	264	317	166	328	38	46	58	45
ENSMUSG00000027215	275	202	156	185	29	44	36	14
ENSMUSG00000027217	1016	1098	1203	890	171	47	136	86
ENSMUSG00000027219	826	665	404	678	223	232	113	272
ENSMUSG00000027220	62	61	58	46	29	19	19	24
ENSMUSG00000027221	13	24	8	28	0	3	2	3
ENSMUSG00000027222	17	43	27	42	11	6	3	1
ENSMUSG00000027223	94	74	86	109	11	2	10	9
ENSMUSG00000027224	106	187	39	62	12	7	7	5
ENSMUSG00000027225	128	252	211	143	23	16	4	2
ENSMUSG00000027227	136	211	116	123	24	22	12	12
ENSMUSG00000027229	191	169	112	103	19	27	13	16
ENSMUSG00000027230	92	145	79	83	21	20	20	11
ENSMUSG00000027233	65	70	93	86	5	5	3	16
ENSMUSG00000027236	366	218	267	262	24	19	67	55
ENSMUSG00000027238	1017	1173	1146	1049	160	127	88	71
ENSMUSG00000027239	67	155	66	114	6	8	7	4
ENSMUSG00000027242	80	122	129	102	3	10	11	4
ENSMUSG00000027243	63	113	89	141	17	11	17	32
ENSMUSG00000027244	220	250	677	719	10	11	30	27
ENSMUSG00000027245	496	252	741	734	70	92	94	68
ENSMUSG00000027246	56	47	61	59	7	10	2	10
ENSMUSG00000027247	71	76	84	128	10	9	10	3
ENSMUSG00000027248	2467	2678	2652	2520	450	219	408	501
ENSMUSG00000027249	103	96	158	145	9	11	9	18
ENSMUSG00000027253	44	108	14	30	5	5	5	7
ENSMUSG00000027254	198	248	327	265	37	37	33	54
ENSMUSG00000027255	83	91	135	154	6	10	49	33
ENSMUSG00000027257	246	369	638	399	43	55	98	70
ENSMUSG00000027259	28	23	27	26	1	3	4	17
ENSMUSG00000027261	50	37	64	78	2	8	14	5
ENSMUSG00000027263	404	567	297	742	67	61	162	63
ENSMUSG00000027270	1235	705	626	437	103	96	44	40
ENSMUSG00000027272	54	60	90	92	3	16	16	6
ENSMUSG00000027273	147	47	32	46	14	11	6	2
ENSMUSG00000027274	186	265	151	184	8	9	4	14
ENSMUSG00000027276	282	198	126	104	41	26	15	8
ENSMUSG00000027281	112	163	200	170	13	22	20	18
ENSMUSG00000027282	684	809	878	1118	83	42	80	60
ENSMUSG00000027284	84	94	126	102	13	17	12	11
ENSMUSG00000027285	193	304	198	249	9	12	19	13
ENSMUSG00000027286	97	80	72	63	3	1	5	3
ENSMUSG00000027287	623	425	292	1067	55	145	82	95
ENSMUSG00000027288	83	17	122	179	5	5	26	14
ENSMUSG00000027291	653	1140	387	771	92	83	138	108
ENSMUSG00000027293	43	36	18	9	1	4	0	2
ENSMUSG00000027296	319	301	403	321	53	69	132	122
ENSMUSG00000027297	86	115	64	127	6	3	2	0
ENSMUSG00000027298	32	17	23	24	4	5	13	2
ENSMUSG00000027300	70	36	84	101	18	12	26	24
ENSMUSG00000027301	494	414	747	992	20	15	39	31
ENSMUSG00000027303	99	104	84	50	4	8	0	7
ENSMUSG00000027304	182	73	154	181	23	12	13	28
ENSMUSG00000027305	1247	868	655	775	43	36	24	25
ENSMUSG00000027306	109	84	80	78	9	18	36	47
ENSMUSG00000027309	313	260	179	287	27	21	20	25
ENSMUSG00000027312	73	52	46	65	6	4	9	9
ENSMUSG00000027313	110	136	78	64	13	7	8	9
ENSMUSG00000027314	100	189	136	179	15	28	41	29
ENSMUSG00000027315	83	138	331	261	13	10	6	16
ENSMUSG00000027316	54	62	88	111	12	4	2	20
ENSMUSG00000027317	82	43	80	69	4	5	3	6
ENSMUSG00000027318	80	115	316	160	15	46	70	80
ENSMUSG00000027322	40	15	43	48	2	3	4	3
ENSMUSG00000027323	86	90	145	66	19	19	11	10
ENSMUSG00000027324	448	337	197	322	24	31	33	18
ENSMUSG00000027326	155	194	405	237	13	24	28	43
ENSMUSG00000027327	152	503	652	346	21	27	54	36
ENSMUSG00000027329	458	767	384	369	42	32	26	49
ENSMUSG00000027330	129	180	339	165	30	33	44	50
ENSMUSG00000027331	110	162	234	78	17	4	16	15
ENSMUSG00000027332	28	45	46	21	5	3	1	7
ENSMUSG00000027333	108	99	148	123	18	25	19	23
ENSMUSG00000027335	83	82	104	128	2	4	4	6
ENSMUSG00000027338	172	138	92	225	19	31	13	24
ENSMUSG00000027339	67	79	51	74	14	8	12	4
ENSMUSG00000027340	186	339	249	195	28	22	27	32
ENSMUSG00000027341	59	202	164	182	3	15	10	12
ENSMUSG00000027342	72	114	69	102	8	4	7	5
ENSMUSG00000027344	237	303	241	439	31	21	36	82
ENSMUSG00000027345	84	151	79	112	12	8	12	8
ENSMUSG00000027346	14	19	10	13	1	3	1	2
ENSMUSG00000027347	145	286	232	326	19	12	14	14
ENSMUSG00000027349	17	70	35	33	4	4	3	3
ENSMUSG00000027350	140	120	149	77	8	10	4	7
ENSMUSG00000027351	93	81	105	50	12	20	17	11
ENSMUSG00000027353	337	560	603	444	15	25	31	33
ENSMUSG00000027355	312	169	175	197	54	45	37	45
ENSMUSG00000027356	179	69	87	32	6	19	11	2
ENSMUSG00000027357	146	101	295	200	5	3	9	2
ENSMUSG00000027358	122	118	82	93	10	8	5	18
ENSMUSG00000027359	615	1123	301	497	18	24	40	42
ENSMUSG00000027360	209	193	174	119	20	8	22	23
ENSMUSG00000027361	33	47	15	26	7	14	4	1
ENSMUSG00000027363	15	18	53	53	2	5	4	6
ENSMUSG00000027364	57	53	44	53	0	4	0	3
ENSMUSG00000027365	51	53	51	74	13	8	11	8
ENSMUSG00000027366	143	97	164	198	23	14	12	16
ENSMUSG00000027367	108	99	75	78	7	7	12	9
ENSMUSG00000027368	172	144	66	70	36	18	15	24
ENSMUSG00000027371	81	49	41	95	11	17	29	10
ENSMUSG00000027374	55	16	35	32	6	1	10	6
ENSMUSG00000027375	760	897	929	790	72	81	47	126
ENSMUSG00000027376	304	350	143	41	86	92	54	49
ENSMUSG00000027377	587	556	529	436	178	158	172	78
ENSMUSG00000027378	675	551	707	703	85	119	79	207
ENSMUSG00000027379	156	125	210	258	5	5	26	12
ENSMUSG00000027380	240	193	227	187	31	57	13	25
ENSMUSG00000027381	685	875	502	710	42	59	55	53
ENSMUSG00000027384	226	255	343	241	14	9	15	22
ENSMUSG00000027386	223	407	295	176	138	86	44	72
ENSMUSG00000027387	216	241	282	339	34	32	45	22
ENSMUSG00000027394	134	90	148	323	15	10	15	19
ENSMUSG00000027395	134	207	274	185	45	60	36	38
ENSMUSG00000027397	55	113	65	54	19	5	18	1
ENSMUSG00000027398	186	119	51	49	6	13	15	20
ENSMUSG00000027399	782	596	490	561	103	100	77	67
ENSMUSG00000027400	83	128	177	87	6	11	3	5
ENSMUSG00000027401	35	52	35	28	8	3	8	2
ENSMUSG00000027403	330	278	142	182	55	31	21	35
ENSMUSG00000027404	148	215	126	108	6	8	18	8
ENSMUSG00000027405	107	127	173	224	13	25	22	10
ENSMUSG00000027406	827	639	665	486	116	122	382	381
ENSMUSG00000027408	235	157	394	224	27	12	93	73
ENSMUSG00000027409	128	178	208	191	16	23	29	19
ENSMUSG00000027411	161	81	118	100	13	10	5	14
ENSMUSG00000027412	356	387	468	401	30	64	71	50
ENSMUSG00000027416	206	126	151	126	33	19	17	12
ENSMUSG00000027419	209	242	157	156	43	87	68	54
ENSMUSG00000027420	288	190	284	411	29	13	23	28
ENSMUSG00000027422	130	53	124	96	10	11	3	6
ENSMUSG00000027423	933	659	1904	849	60	40	75	61
ENSMUSG00000027424	515	556	543	601	31	44	37	27
ENSMUSG00000027425	160	137	321	396	36	23	40	45
ENSMUSG00000027427	157	206	134	157	20	11	22	24
ENSMUSG00000027428	728	142	459	385	38	93	29	42
ENSMUSG00000027429	138	360	157	84	40	43	19	28
ENSMUSG00000027430	53	64	81	67	12	14	8	5
ENSMUSG00000027431	136	110	42	38	26	15	30	26
ENSMUSG00000027433	1345	1247	634	707	50	41	67	53
ENSMUSG00000027434	301	212	114	123	14	14	22	20
ENSMUSG00000027435	309	394	194	206	80	159	64	51
ENSMUSG00000027438	232	224	269	255	33	19	21	14
ENSMUSG00000027439	973	645	249	294	35	43	35	15
ENSMUSG00000027442	95	78	45	51	6	18	11	8
ENSMUSG00000027443	476	368	509	373	51	51	36	40
ENSMUSG00000027444	454	618	651	325	57	101	47	43
ENSMUSG00000027445	285	194	169	222	75	64	33	76
ENSMUSG00000027446	21	17	19	38	0	0	2	1
ENSMUSG00000027447	227	183	162	356	76	32	19	44
ENSMUSG00000027452	224	215	537	215	42	49	45	40
ENSMUSG00000027454	400	572	346	631	40	38	34	53
ENSMUSG00000027455	360	471	320	330	98	100	76	85
ENSMUSG00000027456	333	480	535	692	53	63	61	67
ENSMUSG00000027457	315	149	46	120	13	28	9	6
ENSMUSG00000027459	281	96	446	345	10	5	25	29
ENSMUSG00000027460	20	8	18	14	0	0	1	1
ENSMUSG00000027463	255	271	281	342	61	33	48	20
ENSMUSG00000027465	366	271	272	401	40	73	52	44
ENSMUSG00000027466	160	170	184	233	15	17	42	40
ENSMUSG00000027468	16	9	42	75	1	3	9	5
ENSMUSG00000027469	16	17	38	30	2	2	3	7
ENSMUSG00000027470	57	102	92	82	3	4	5	5
ENSMUSG00000027472	790	492	741	608	28	28	31	47
ENSMUSG00000027474	38	18	40	17	4	4	8	3
ENSMUSG00000027475	93	84	85	90	7	11	8	1
ENSMUSG00000027478	17	44	78	67	9	2	12	16
ENSMUSG00000027479	75	131	134	83	1	2	4	0
ENSMUSG00000027480	64	90	107	99	11	21	22	5
ENSMUSG00000027481	1451	967	743	1536	221	242	171	150
ENSMUSG00000027482	23	11	14	11	4	6	4	3
ENSMUSG00000027483	77	104	55	67	19	16	11	14
ENSMUSG00000027484	95	58	130	201	6	6	13	21
ENSMUSG00000027485	26	47	13	22	3	3	2	1
ENSMUSG00000027487	163	95	183	171	16	31	32	42
ENSMUSG00000027488	502	414	357	296	98	27	27	25
ENSMUSG00000027489	36	43	34	49	1	5	2	3
ENSMUSG00000027490	277	219	168	99	43	33	20	18
ENSMUSG00000027495	127	166	169	179	23	33	20	23
ENSMUSG00000027496	30	40	11	21	4	2	2	6
ENSMUSG00000027498	178	148	145	324	34	30	44	32
ENSMUSG00000027499	104	132	99	87	44	34	33	29
ENSMUSG00000027500	796	585	970	1815	157	52	170	208
ENSMUSG00000027502	272	429	453	328	23	21	45	32
ENSMUSG00000027505	36	51	23	32	3	1	3	0
ENSMUSG00000027506	48	25	20	27	4	3	4	2
ENSMUSG00000027508	63	75	250	152	8	6	29	12
ENSMUSG00000027509	188	134	162	146	8	23	22	15
ENSMUSG00000027510	83	35	52	36	12	10	14	7
ENSMUSG00000027513	147	173	126	167	98	52	27	49
ENSMUSG00000027514	266	443	339	529	56	79	85	52
ENSMUSG00000027517	544	1048	1382	845	113	78	163	236
ENSMUSG00000027518	35	51	60	78	5	5	16	16
ENSMUSG00000027519	138	142	174	230	13	19	24	28
ENSMUSG00000027520	76	90	110	105	11	4	6	15
ENSMUSG00000027522	149	96	107	41	10	14	7	2
ENSMUSG00000027523	415	308	282	197	48	36	5	32
ENSMUSG00000027524	32	59	36	54	4	7	9	8
ENSMUSG00000027525	65	83	101	70	3	5	8	8
ENSMUSG00000027528	131	62	134	162	17	10	13	19
ENSMUSG00000027530	104	77	33	40	5	13	1	3
ENSMUSG00000027531	72	64	71	66	7	14	7	5
ENSMUSG00000027533	226	264	250	179	35	47	30	44
ENSMUSG00000027534	236	152	260	167	14	35	11	19
ENSMUSG00000027536	134	71	37	85	17	13	16	12
ENSMUSG00000027540	133	145	137	169	9	10	9	11
ENSMUSG00000027544	66	160	450	401	20	32	82	35
ENSMUSG00000027546	156	254	211	131	55	52	25	9
ENSMUSG00000027547	64	48	107	91	11	6	19	18
ENSMUSG00000027550	55	52	43	60	7	15	11	7
ENSMUSG00000027551	27	31	19	24	2	2	1	0
ENSMUSG00000027552	28	13	16	20	0	3	1	2
ENSMUSG00000027555	67	102	72	59	7	7	5	7
ENSMUSG00000027556	46	58	42	52	7	10	5	8
ENSMUSG00000027559	170	229	196	270	40	35	8	11
ENSMUSG00000027560	222	146	289	85	17	15	21	19
ENSMUSG00000027562	143	89	159	107	21	15	17	9
ENSMUSG00000027564	532	637	469	491	82	35	10	27
ENSMUSG00000027566	2326	2344	1903	2112	220	160	94	271
ENSMUSG00000027568	143	136	120	152	12	23	17	12
ENSMUSG00000027569	250	378	386	592	51	51	41	63
ENSMUSG00000027570	46	25	30	17	7	4	5	2
ENSMUSG00000027573	799	431	415	572	48	79	127	116
ENSMUSG00000027574	77	60	63	16	11	7	2	4
ENSMUSG00000027575	122	66	59	82	13	6	5	4
ENSMUSG00000027577	184	169	130	140	44	43	44	32
ENSMUSG00000027579	43	114	98	72	10	10	3	0
ENSMUSG00000027580	1133	672	1047	1086	97	63	129	101
ENSMUSG00000027581	25	30	26	14	4	5	5	9
ENSMUSG00000027582	842	622	686	502	189	183	145	132
ENSMUSG00000027583	167	161	103	177	27	39	15	8
ENSMUSG00000027584	148	127	198	77	28	16	17	45
ENSMUSG00000027589	32	41	40	23	4	7	11	7
ENSMUSG00000027593	82	61	188	135	2	7	13	9
ENSMUSG00000027596	43	22	61	40	5	6	2	5
ENSMUSG00000027597	116	196	116	151	58	41	35	57
ENSMUSG00000027598	94	78	89	44	7	4	13	9
ENSMUSG00000027599	7	15	9	21	2	1	1	0
ENSMUSG00000027601	259	177	181	182	17	10	2	2
ENSMUSG00000027602	180	172	123	114	9	9	6	16
ENSMUSG00000027603	252	291	280	234	20	39	30	42
ENSMUSG00000027605	42	89	46	65	8	6	10	8
ENSMUSG00000027606	96	72	84	126	12	15	5	9
ENSMUSG00000027610	192	221	305	151	32	28	45	42
ENSMUSG00000027611	120	110	43	50	22	20	12	9
ENSMUSG00000027612	129	157	157	127	4	7	1	4
ENSMUSG00000027613	283	230	361	497	71	33	72	86
ENSMUSG00000027615	29	52	51	27	2	0	1	2
ENSMUSG00000027618	974	892	862	808	391	245	321	460
ENSMUSG00000027620	109	63	95	54	25	7	5	6
ENSMUSG00000027624	84	128	257	314	8	18	40	36
ENSMUSG00000027628	127	130	279	206	39	13	17	24
ENSMUSG00000027630	843	1280	632	587	131	72	72	48
ENSMUSG00000027634	67	72	30	35	14	9	3	2
ENSMUSG00000027635	386	413	357	312	99	79	53	69
ENSMUSG00000027636	71	59	89	50	8	6	21	24
ENSMUSG00000027637	36	20	28	32	3	1	1	5
ENSMUSG00000027639	743	446	428	445	58	63	40	63
ENSMUSG00000027641	335	256	129	262	21	19	25	25
ENSMUSG00000027642	63	52	41	32	21	11	3	9
ENSMUSG00000027643	573	595	281	543	71	42	31	59
ENSMUSG00000027646	28	36	51	105	6	1	10	2
ENSMUSG00000027649	11	26	16	25	8	1	1	1
ENSMUSG00000027650	175	97	122	98	16	18	9	19
ENSMUSG00000027651	8	25	12	16	3	7	6	3
ENSMUSG00000027652	70	39	45	33	4	3	2	0
ENSMUSG00000027654	308	321	270	181	25	32	13	17
ENSMUSG00000027655	57	26	24	30	6	5	4	1
ENSMUSG00000027656	116	111	92	97	14	11	7	24
ENSMUSG00000027660	40	50	56	66	7	12	7	7
ENSMUSG00000027661	221	484	305	264	12	18	10	22
ENSMUSG00000027663	38	29	57	91	1	4	4	9
ENSMUSG00000027665	21	41	25	31	6	2	2	3
ENSMUSG00000027667	179	222	386	299	30	22	76	39
ENSMUSG00000027668	108	48	89	79	11	15	33	26
ENSMUSG00000027669	274	665	849	225	36	31	40	18
ENSMUSG00000027670	226	311	402	276	110	81	63	30
ENSMUSG00000027671	161	201	159	240	19	41	32	50
ENSMUSG00000027673	35	24	37	27	3	2	1	2
ENSMUSG00000027674	24	38	24	28	0	4	2	0
ENSMUSG00000027676	163	125	143	127	26	25	17	15
ENSMUSG00000027677	85	119	87	103	8	12	8	6
ENSMUSG00000027678	151	98	98	67	19	10	18	6
ENSMUSG00000027679	33	48	30	39	1	12	5	5
ENSMUSG00000027680	21	16	13	12	2	0	1	1
ENSMUSG00000027684	212	154	189	219	40	63	38	34
ENSMUSG00000027690	213	245	90	129	22	24	8	19
ENSMUSG00000027692	77	49	103	96	3	9	8	13
ENSMUSG00000027694	191	157	85	131	17	24	30	32
ENSMUSG00000027695	383	286	207	194	27	42	27	34
ENSMUSG00000027698	634	640	323	622	192	160	165	108
ENSMUSG00000027699	377	396	466	310	121	130	166	78
ENSMUSG00000027702	152	136	122	158	17	21	16	18
ENSMUSG00000027703	18	24	27	28	1	2	0	0
ENSMUSG00000027706	61	98	16	36	12	8	2	6
ENSMUSG00000027708	185	149	190	264	14	17	69	55
ENSMUSG00000027709	890	1009	1477	1855	137	61	78	120
ENSMUSG00000027710	29	49	87	74	4	8	7	6
ENSMUSG00000027712	32	35	28	57	5	13	4	5
ENSMUSG00000027713	67	116	75	88	39	23	38	20
ENSMUSG00000027714	34	16	34	50	5	3	9	7
ENSMUSG00000027715	935	520	469	600	70	36	67	40
ENSMUSG00000027716	229	196	144	295	43	34	44	46
ENSMUSG00000027718	101	57	154	173	21	21	42	13
ENSMUSG00000027719	41	54	55	43	9	6	0	0
ENSMUSG00000027720	73	93	91	98	8	9	9	7
ENSMUSG00000027722	71	165	79	128	8	7	7	12
ENSMUSG00000027737	78	115	141	235	6	7	19	11
ENSMUSG00000027739	221	291	249	337	26	25	58	50
ENSMUSG00000027742	118	230	151	254	38	64	27	21
ENSMUSG00000027744	104	122	95	153	9	12	20	15
ENSMUSG00000027746	30	23	22	23	3	1	1	1
ENSMUSG00000027748	298	179	173	123	15	17	11	8
ENSMUSG00000027750	168	217	255	170	25	15	18	29
ENSMUSG00000027751	644	374	116	110	41	22	19	12
ENSMUSG00000027752	209	242	384	169	46	26	15	6
ENSMUSG00000027761	162	161	113	139	26	20	10	9
ENSMUSG00000027762	161	99	118	94	7	5	6	4
ENSMUSG00000027763	128	179	244	264	22	14	28	23
ENSMUSG00000027765	73	88	18	27	5	11	21	3
ENSMUSG00000027770	125	92	129	105	22	13	16	22
ENSMUSG00000027774	118	178	332	344	18	10	17	9
ENSMUSG00000027775	394	165	213	220	5	27	10	17
ENSMUSG00000027776	81	76	55	89	14	16	27	41
ENSMUSG00000027777	40	202	259	238	33	14	65	91
ENSMUSG00000027778	61	82	77	68	5	5	4	7
ENSMUSG00000027782	158	207	273	370	29	21	60	98
ENSMUSG00000027784	221	204	149	103	24	35	27	20
ENSMUSG00000027787	97	172	82	69	14	14	4	21
ENSMUSG00000027788	65	28	39	72	5	7	8	6
ENSMUSG00000027790	32	50	56	44	8	8	2	1
ENSMUSG00000027792	161	220	75	145	7	12	17	13
ENSMUSG00000027793	221	379	271	229	42	46	16	14
ENSMUSG00000027794	163	157	336	291	17	21	20	21
ENSMUSG00000027796	52	79	141	86	16	25	12	15
ENSMUSG00000027797	44	47	39	66	8	12	8	9
ENSMUSG00000027799	133	308	154	159	5	13	16	9
ENSMUSG00000027800	209	194	282	320	17	28	13	15
ENSMUSG00000027801	2	3	4	2	0	1	0	0
ENSMUSG00000027803	1396	1235	1282	1077	140	157	153	89
ENSMUSG00000027804	16	13	35	28	5	1	3	3
ENSMUSG00000027805	489	422	289	427	137	299	103	132
ENSMUSG00000027806	152	236	64	66	53	73	25	11
ENSMUSG00000027808	651	280	442	395	135	81	94	67
ENSMUSG00000027809	149	324	327	175	81	63	83	69
ENSMUSG00000027810	380	206	196	327	72	46	119	69
ENSMUSG00000027811	56	90	74	84	18	30	6	11
ENSMUSG00000027820	94	153	98	83	10	4	8	3
ENSMUSG00000027822	90	72	27	33	9	13	3	4
ENSMUSG00000027823	127	193	59	145	47	57	30	44
ENSMUSG00000027824	204	243	260	330	113	53	117	123
ENSMUSG00000027827	172	99	156	139	35	14	29	28
ENSMUSG00000027828	151	192	133	102	71	54	23	28
ENSMUSG00000027829	29	28	29	39	2	3	7	7
ENSMUSG00000027831	113	107	148	63	59	48	44	35
ENSMUSG00000027832	242	153	323	387	29	33	18	21
ENSMUSG00000027833	1419	1099	427	848	150	127	109	99
ENSMUSG00000027834	337	389	536	430	11	8	14	20
ENSMUSG00000027835	690	283	296	123	27	19	25	47
ENSMUSG00000027840	381	398	256	321	45	43	13	26
ENSMUSG00000027843	82	47	57	57	8	3	5	4
ENSMUSG00000027845	24	15	42	57	5	2	4	6
ENSMUSG00000027848	246	169	312	199	103	43	80	109
ENSMUSG00000027849	1009	1228	1291	1793	174	182	286	268
ENSMUSG00000027852	90	86	131	112	21	10	15	14
ENSMUSG00000027854	1335	915	1040	606	102	124	154	134
ENSMUSG00000027855	41	44	54	30	10	4	4	5
ENSMUSG00000027857	76	83	67	72	24	18	28	26
ENSMUSG00000027858	13	3	4	23	2	1	1	0
ENSMUSG00000027859	906	1669	1206	1889	226	225	332	283
ENSMUSG00000027860	30	34	50	41	11	2	7	2
ENSMUSG00000027861	37	49	30	62	3	2	7	7
ENSMUSG00000027863	261	112	195	288	20	23	43	22
ENSMUSG00000027864	78	58	57	64	8	6	4	5
ENSMUSG00000027865	42	37	4	16	2	3	2	3
ENSMUSG00000027867	83	75	128	83	1	5	5	11
ENSMUSG00000027868	152	271	283	218	15	10	13	14
ENSMUSG00000027869	109	193	141	82	12	7	32	24
ENSMUSG00000027870	285	206	88	65	25	13	16	11
ENSMUSG00000027871	8	8	1	3	0	3	0	0
ENSMUSG00000027875	203	185	95	215	16	33	20	16
ENSMUSG00000027876	123	96	81	101	17	14	15	26
ENSMUSG00000027878	88	82	110	114	8	9	16	19
ENSMUSG00000027879	55	56	53	82	9	4	6	3
ENSMUSG00000027880	166	83	185	152	24	33	43	56
ENSMUSG00000027881	64	52	268	155	2	15	33	11
ENSMUSG00000027882	59	79	60	64	6	7	6	4
ENSMUSG00000027883	170	134	129	236	37	47	31	16
ENSMUSG00000027884	328	549	658	451	60	51	112	120
ENSMUSG00000027886	80	94	46	58	7	7	13	4
ENSMUSG00000027887	1376	1026	947	964	211	262	443	220
ENSMUSG00000027889	352	168	78	82	22	8	9	18
ENSMUSG00000027890	111	129	100	69	26	21	12	16
ENSMUSG00000027893	147	149	49	75	24	23	33	21
ENSMUSG00000027894	99	65	61	109	5	13	1	4
ENSMUSG00000027895	247	226	209	135	16	12	16	37
ENSMUSG00000027896	50	21	28	33	7	3	6	2
ENSMUSG00000027900	10	22	53	38	3	2	1	6
ENSMUSG00000027901	26	14	19	19	1	2	1	1
ENSMUSG00000027902	12	17	32	19	0	0	0	1
ENSMUSG00000027905	493	418	633	409	46	52	47	83
ENSMUSG00000027907	26	22	16	24	4	2	3	4
ENSMUSG00000027908	1	9	5	1	2	2	3	0
ENSMUSG00000027912	32	18	21	17	3	6	8	4
ENSMUSG00000027913	88	62	49	32	7	4	8	7
ENSMUSG00000027919	61	65	214	159	22	21	37	19
ENSMUSG00000027923	269	340	280	325	77	58	77	57
ENSMUSG00000027925	41	36	57	53	9	2	10	1
ENSMUSG00000027927	70	78	65	91	11	14	24	28
ENSMUSG00000027931	182	205	144	101	27	11	14	23
ENSMUSG00000027932	55	105	77	131	12	22	15	20
ENSMUSG00000027933	248	219	184	147	19	15	18	14
ENSMUSG00000027935	568	769	1296	723	63	67	70	45
ENSMUSG00000027936	23	33	15	35	2	2	4	6
ENSMUSG00000027937	51	37	19	38	6	6	4	4
ENSMUSG00000027938	146	103	208	145	11	11	7	3
ENSMUSG00000027939	922	392	469	502	53	51	36	47
ENSMUSG00000027940	7	8	13	9	1	0	0	1
ENSMUSG00000027942	30	47	44	28	3	4	4	1
ENSMUSG00000027944	65	69	86	149	28	24	16	7
ENSMUSG00000027947	82	175	141	131	5	12	12	7
ENSMUSG00000027950	29	51	96	65	8	0	3	2
ENSMUSG00000027951	99	179	245	248	12	26	20	10
ENSMUSG00000027952	183	167	215	138	31	14	17	17
ENSMUSG00000027953	145	166	142	249	13	20	10	10
ENSMUSG00000027954	114	154	83	128	27	22	2	15
ENSMUSG00000027955	74	133	100	168	36	15	34	37
ENSMUSG00000027956	311	184	140	160	9	10	46	24
ENSMUSG00000027957	315	263	187	185	16	19	9	3
ENSMUSG00000027959	175	206	257	385	97	45	67	80
ENSMUSG00000027961	35	78	67	44	10	7	3	15
ENSMUSG00000027962	39	13	14	7	1	3	4	0
ENSMUSG00000027963	25	47	53	28	6	4	2	3
ENSMUSG00000027965	53	64	56	59	6	8	2	1
ENSMUSG00000027966	156	198	560	486	17	15	56	35
ENSMUSG00000027967	23	11	25	43	1	3	1	2
ENSMUSG00000027968	130	136	200	129	18	9	37	21
ENSMUSG00000027971	168	189	218	328	34	59	40	41
ENSMUSG00000027973	170	97	46	53	7	5	6	4
ENSMUSG00000027977	73	142	52	93	17	18	9	9
ENSMUSG00000027978	716	905	877	625	58	83	41	69
ENSMUSG00000027981	39	122	74	76	23	27	13	22
ENSMUSG00000027983	99	69	60	56	9	15	6	5
ENSMUSG00000027984	1014	846	996	1487	136	121	48	61
ENSMUSG00000027985	162	170	121	131	85	62	43	85
ENSMUSG00000027993	210	161	154	187	48	43	66	60
ENSMUSG00000027994	1216	844	1213	1864	273	242	314	355
ENSMUSG00000027995	80	95	93	100	14	7	12	8
ENSMUSG00000027996	434	264	393	908	38	81	70	66
ENSMUSG00000027997	58	76	72	83	7	10	8	6
ENSMUSG00000027998	762	670	521	590	95	73	73	153
ENSMUSG00000027999	255	165	116	178	19	30	26	15
ENSMUSG00000028001	76	96	88	95	11	4	4	4
ENSMUSG00000028003	30	31	28	29	2	4	3	4
ENSMUSG00000028004	393	428	169	170	63	65	31	20
ENSMUSG00000028005	153	243	197	244	19	34	31	25
ENSMUSG00000028007	56	39	45	48	6	15	18	8
ENSMUSG00000028008	459	356	612	904	31	60	94	140
ENSMUSG00000028009	15	10	6	11	0	0	0	1
ENSMUSG00000028010	254	227	358	352	57	55	71	81
ENSMUSG00000028011	80	31	71	71	2	10	9	15
ENSMUSG00000028012	53	35	51	76	8	5	8	6
ENSMUSG00000028013	57	52	146	54	7	5	6	10
ENSMUSG00000028015	34	26	33	20	5	1	6	5
ENSMUSG00000028016	186	153	162	81	11	11	23	20
ENSMUSG00000028017	27	29	15	31	8	4	3	7
ENSMUSG00000028018	396	413	536	498	34	68	84	43
ENSMUSG00000028019	77	67	100	113	10	7	11	0
ENSMUSG00000028020	152	172	132	157	23	6	15	21
ENSMUSG00000028023	55	48	37	23	5	8	11	9
ENSMUSG00000028024	50	75	61	85	6	5	17	18
ENSMUSG00000028028	208	123	80	70	10	8	4	8
ENSMUSG00000028029	129	62	76	86	30	16	21	21
ENSMUSG00000028030	28	39	24	61	6	17	2	6
ENSMUSG00000028031	577	290	359	192	51	19	32	37
ENSMUSG00000028032	150	172	93	143	23	30	39	18
ENSMUSG00000028033	399	377	329	483	25	26	21	24
ENSMUSG00000028034	164	303	531	530	22	27	24	40
ENSMUSG00000028035	357	519	368	219	27	14	20	6
ENSMUSG00000028036	116	138	143	57	14	6	12	8
ENSMUSG00000028037	41	42	20	23	7	11	6	2
ENSMUSG00000028039	194	192	134	116	4	2	4	9
ENSMUSG00000028040	421	366	353	438	16	27	13	12
ENSMUSG00000028041	53	93	85	75	10	21	11	14
ENSMUSG00000028042	269	620	464	763	233	102	124	205
ENSMUSG00000028044	201	157	210	64	24	19	28	23
ENSMUSG00000028047	82	81	85	34	6	5	5	2
ENSMUSG00000028048	62	88	96	63	3	13	10	17
ENSMUSG00000028049	99	51	119	54	10	4	6	13
ENSMUSG00000028051	422	298	861	500	101	116	158	168
ENSMUSG00000028053	181	166	176	231	46	20	47	23
ENSMUSG00000028057	45	33	19	21	4	1	0	3
ENSMUSG00000028059	399	507	468	322	39	112	120	106
ENSMUSG00000028060	74	131	78	95	16	11	2	6
ENSMUSG00000028062	81	73	74	71	4	15	14	19
ENSMUSG00000028063	2187	695	1371	1391	48	36	45	47
ENSMUSG00000028064	26	40	28	33	0	0	3	0
ENSMUSG00000028066	270	298	460	336	47	30	27	44
ENSMUSG00000028068	185	202	274	389	10	4	33	30
ENSMUSG00000028069	124	163	162	165	25	10	25	27
ENSMUSG00000028070	97	144	91	63	22	12	22	71
ENSMUSG00000028071	213	256	126	117	22	9	11	23
ENSMUSG00000028072	74	123	156	147	17	14	20	10
ENSMUSG00000028073	296	212	339	242	53	36	36	14
ENSMUSG00000028076	143	126	111	168	5	5	5	10
ENSMUSG00000028078	61	79	73	71	19	18	11	10
ENSMUSG00000028080	81	69	240	176	12	18	11	21
ENSMUSG00000028081	132	68	48	81	7	5	13	6
ENSMUSG00000028082	75	68	164	134	6	13	15	14
ENSMUSG00000028085	180	308	126	134	20	31	39	22
ENSMUSG00000028086	35	94	55	32	3	7	8	2
ENSMUSG00000028088	146	201	175	146	42	33	8	10
ENSMUSG00000028089	17	12	7	18	1	2	3	0
ENSMUSG00000028093	94	132	108	121	18	13	18	11
ENSMUSG00000028096	142	161	213	163	43	35	29	17
ENSMUSG00000028098	67	35	22	40	10	19	15	6
ENSMUSG00000028099	48	30	55	58	8	4	3	5
ENSMUSG00000028100	81	38	34	56	8	13	9	13
ENSMUSG00000028101	45	74	90	78	10	4	7	5
ENSMUSG00000028102	149	43	83	55	7	5	22	8
ENSMUSG00000028104	28	30	31	42	0	2	1	1
ENSMUSG00000028106	21	19	29	29	9	1	5	16
ENSMUSG00000028107	29	24	34	34	1	3	0	0
ENSMUSG00000028108	740	347	929	581	260	120	156	86
ENSMUSG00000028109	59	45	79	127	11	19	25	12
ENSMUSG00000028111	87	101	24	62	7	11	5	2
ENSMUSG00000028114	174	159	86	105	28	30	27	31
ENSMUSG00000028115	100	87	79	27	11	4	8	6
ENSMUSG00000028116	100	73	10	30	17	17	5	4
ENSMUSG00000028121	63	66	42	73	6	3	3	2
ENSMUSG00000028124	52	33	41	41	8	16	24	25
ENSMUSG00000028125	822	501	501	503	115	105	73	80
ENSMUSG00000028126	308	421	645	320	46	54	37	37
ENSMUSG00000028127	49	61	38	74	9	19	14	13
ENSMUSG00000028128	91	72	243	136	14	13	28	33
ENSMUSG00000028132	84	94	95	70	6	5	13	11
ENSMUSG00000028133	51	65	36	40	16	14	8	7
ENSMUSG00000028134	909	369	609	263	62	42	61	66
ENSMUSG00000028136	24	35	33	26	5	2	3	2
ENSMUSG00000028137	40	39	47	52	7	7	5	4
ENSMUSG00000028138	43	45	54	47	3	8	0	2
ENSMUSG00000028139	19	21	14	17	1	1	2	3
ENSMUSG00000028140	399	212	203	259	40	24	41	44
ENSMUSG00000028141	239	177	174	152	14	19	30	17
ENSMUSG00000028145	40	24	33	53	3	3	1	5
ENSMUSG00000028148	417	361	152	409	45	27	37	43
ENSMUSG00000028149	18	20	23	17	1	4	3	4
ENSMUSG00000028150	186	95	107	162	28	17	35	24
ENSMUSG00000028152	372	339	488	542	36	59	39	23
ENSMUSG00000028156	109	128	100	97	11	9	11	7
ENSMUSG00000028158	214	265	202	152	59	71	46	44
ENSMUSG00000028159	32	22	32	23	4	8	10	0
ENSMUSG00000028161	304	271	194	236	37	50	50	39
ENSMUSG00000028163	289	449	541	474	53	53	48	33
ENSMUSG00000028164	39	15	19	50	15	14	22	17
ENSMUSG00000028165	45	36	36	36	7	2	0	6
ENSMUSG00000028167	48	83	49	43	2	2	2	3
ENSMUSG00000028172	19	23	73	66	7	4	16	24
ENSMUSG00000028173	54	204	148	76	15	7	15	18
ENSMUSG00000028174	232	218	151	166	56	25	22	37
ENSMUSG00000028175	18	24	45	62	4	1	5	4
ENSMUSG00000028176	285	535	377	435	36	60	64	26
ENSMUSG00000028177	23	24	49	80	2	1	15	7
ENSMUSG00000028179	467	642	567	864	103	118	82	59
ENSMUSG00000028180	129	141	289	345	12	16	14	13
ENSMUSG00000028182	408	185	421	479	43	71	36	54
ENSMUSG00000028184	103	113	135	169	32	17	34	42
ENSMUSG00000028185	230	164	182	164	24	25	15	24
ENSMUSG00000028186	351	283	218	556	85	112	57	152
ENSMUSG00000028187	52	70	166	169	7	9	28	31
ENSMUSG00000028188	177	128	174	120	17	11	7	16
ENSMUSG00000028189	48	25	17	28	7	6	2	5
ENSMUSG00000028191	55	42	55	57	6	4	1	2
ENSMUSG00000028194	39	46	68	28	8	7	3	4
ENSMUSG00000028195	115	128	104	139	14	8	15	10
ENSMUSG00000028197	201	176	224	236	28	31	20	47
ENSMUSG00000028199	89	284	432	347	32	34	58	69
ENSMUSG00000028207	431	220	335	257	34	46	35	46
ENSMUSG00000028211	145	225	117	130	35	53	74	131
ENSMUSG00000028212	453	380	198	237	16	11	28	34
ENSMUSG00000028214	275	179	202	132	33	49	34	34
ENSMUSG00000028217	173	209	392	399	32	63	41	49
ENSMUSG00000028218	119	75	88	177	3	1	2	7
ENSMUSG00000028221	222	272	196	556	21	40	45	26
ENSMUSG00000028222	482	413	644	566	98	80	123	143
ENSMUSG00000028223	208	219	230	235	45	36	32	25
ENSMUSG00000028224	49	45	87	32	10	1	6	5
ENSMUSG00000028226	88	74	269	299	25	22	65	52
ENSMUSG00000028228	119	152	336	177	49	26	65	81
ENSMUSG00000028229	70	22	61	29	6	6	4	9
ENSMUSG00000028232	104	123	65	69	7	16	8	16
ENSMUSG00000028233	56	52	51	43	12	9	17	8
ENSMUSG00000028234	139	240	118	191	28	31	33	23
ENSMUSG00000028236	183	85	79	133	23	19	29	34
ENSMUSG00000028238	268	225	160	159	39	41	30	91
ENSMUSG00000028240	150	136	307	114	46	16	22	25
ENSMUSG00000028243	433	423	415	296	99	105	21	62
ENSMUSG00000028244	152	188	121	119	12	6	18	14
ENSMUSG00000028245	113	111	105	107	11	22	12	9
ENSMUSG00000028246	116	177	233	165	37	23	41	18
ENSMUSG00000028247	163	201	380	396	24	26	91	38
ENSMUSG00000028248	166	248	595	752	28	35	85	48
ENSMUSG00000028249	625	420	289	217	51	34	32	54
ENSMUSG00000028251	140	65	101	107	12	11	16	13
ENSMUSG00000028252	270	374	480	244	43	29	42	37
ENSMUSG00000028255	93	155	148	73	24	14	15	23
ENSMUSG00000028256	190	82	245	172	11	7	16	16
ENSMUSG00000028259	195	262	431	205	59	38	48	48
ENSMUSG00000028261	200	186	201	169	1	3	6	2
ENSMUSG00000028262	73	40	68	53	20	12	34	11
ENSMUSG00000028264	33	25	8	26	5	1	2	6
ENSMUSG00000028266	28	77	107	72	6	2	11	3
ENSMUSG00000028268	103	189	206	278	15	37	46	53
ENSMUSG00000028270	38	29	22	33	16	15	10	7
ENSMUSG00000028271	50	48	58	55	18	12	15	11
ENSMUSG00000028273	83	80	99	67	15	16	18	16
ENSMUSG00000028274	85	63	96	69	5	9	4	6
ENSMUSG00000028277	46	90	65	51	6	2	6	5
ENSMUSG00000028278	48	95	52	35	3	8	5	3
ENSMUSG00000028280	208	194	202	215	27	20	18	21
ENSMUSG00000028282	443	526	155	155	31	24	6	8
ENSMUSG00000028284	39	64	59	108	3	3	5	8
ENSMUSG00000028287	250	222	159	306	41	40	33	16
ENSMUSG00000028289	39	77	75	61	1	6	6	11
ENSMUSG00000028291	158	104	124	134	28	22	11	12
ENSMUSG00000028292	129	173	134	247	37	21	18	59
ENSMUSG00000028293	128	195	114	200	24	40	20	28
ENSMUSG00000028294	31	38	11	20	4	4	1	1
ENSMUSG00000028295	116	214	126	126	24	22	45	18
ENSMUSG00000028298	369	249	408	414	38	42	26	39
ENSMUSG00000028300	546	378	331	239	23	91	62	48
ENSMUSG00000028307	387	130	209	193	7	4	15	21
ENSMUSG00000028309	30	22	25	11	8	8	4	1
ENSMUSG00000028310	871	585	637	1028	112	51	105	119
ENSMUSG00000028312	63	168	84	52	8	10	0	4
ENSMUSG00000028314	437	793	431	310	94	168	158	96
ENSMUSG00000028318	39	54	62	73	14	9	22	16
ENSMUSG00000028322	1141	676	793	1218	16	64	29	44
ENSMUSG00000028327	37	28	37	30	1	2	0	0
ENSMUSG00000028328	44	18	13	23	3	5	1	2
ENSMUSG00000028329	26	29	34	22	1	3	5	6
ENSMUSG00000028330	110	182	171	89	16	10	12	29
ENSMUSG00000028331	55	79	23	20	6	6	4	2
ENSMUSG00000028332	882	879	697	856	70	125	147	268
ENSMUSG00000028333	134	119	153	168	23	10	14	15
ENSMUSG00000028334	50	55	106	65	22	17	22	21
ENSMUSG00000028337	25	20	18	11	5	3	0	3
ENSMUSG00000028339	603	425	707	827	41	28	55	50
ENSMUSG00000028341	78	77	86	109	12	5	4	5
ENSMUSG00000028343	11	2	15	3	3	4	1	3
ENSMUSG00000028344	91	67	74	83	8	6	4	10
ENSMUSG00000028345	641	331	546	465	31	46	96	79
ENSMUSG00000028347	90	87	396	151	12	14	26	22
ENSMUSG00000028348	136	86	100	222	3	15	13	28
ENSMUSG00000028351	108	72	317	251	12	7	21	32
ENSMUSG00000028354	89	98	127	28	8	4	13	12
ENSMUSG00000028356	559	270	241	226	98	81	28	35
ENSMUSG00000028357	139	90	42	47	6	14	4	2
ENSMUSG00000028358	223	170	56	93	28	15	10	13
ENSMUSG00000028359	37	29	37	42	5	3	4	3
ENSMUSG00000028360	129	93	211	146	4	18	21	15
ENSMUSG00000028362	22	17	19	27	0	2	1	1
ENSMUSG00000028364	913	1611	1142	1288	134	85	185	84
ENSMUSG00000028367	114	67	33	115	10	7	6	7
ENSMUSG00000028369	29	58	36	42	18	9	10	13
ENSMUSG00000028370	62	78	57	32	10	10	12	11
ENSMUSG00000028373	62	138	265	71	9	6	6	7
ENSMUSG00000028378	395	152	339	237	33	32	36	49
ENSMUSG00000028381	864	1155	1309	1086	100	172	101	96
ENSMUSG00000028382	36	47	79	40	28	22	40	21
ENSMUSG00000028383	65	73	38	96	12	15	8	3
ENSMUSG00000028385	131	100	141	92	13	22	8	8
ENSMUSG00000028386	140	153	238	241	9	6	21	22
ENSMUSG00000028389	31	48	40	18	2	4	3	1
ENSMUSG00000028391	33	27	28	34	6	9	8	13
ENSMUSG00000028392	146	102	192	278	15	28	41	80
ENSMUSG00000028393	270	186	318	182	19	21	35	7
ENSMUSG00000028394	47	83	63	86	5	9	7	11
ENSMUSG00000028396	363	698	346	333	87	42	72	33
ENSMUSG00000028397	102	139	157	204	11	9	17	15
ENSMUSG00000028398	101	39	74	66	23	12	16	17
ENSMUSG00000028399	17	13	31	4	2	0	1	1
ENSMUSG00000028402	302	197	170	161	13	14	22	18
ENSMUSG00000028403	193	103	131	162	17	16	19	20
ENSMUSG00000028405	67	61	172	172	5	3	6	8
ENSMUSG00000028407	147	126	130	105	18	16	20	22
ENSMUSG00000028409	414	366	475	182	21	47	29	72
ENSMUSG00000028410	113	150	166	118	2	6	11	15
ENSMUSG00000028411	128	62	176	125	16	36	38	20
ENSMUSG00000028412	53	90	87	127	5	10	6	8
ENSMUSG00000028413	73	116	140	127	15	14	12	13
ENSMUSG00000028414	242	104	231	204	23	11	34	36
ENSMUSG00000028415	239	182	156	153	22	35	55	20
ENSMUSG00000028416	5	6	7	19	0	1	1	0
ENSMUSG00000028417	104	85	82	54	20	14	23	23
ENSMUSG00000028419	55	32	59	44	6	9	5	7
ENSMUSG00000028420	202	352	215	220	65	21	19	37
ENSMUSG00000028423	111	103	39	71	26	26	9	4
ENSMUSG00000028426	348	221	273	236	33	28	20	16
ENSMUSG00000028427	112	72	64	55	9	7	44	34
ENSMUSG00000028430	327	601	537	607	63	55	148	110
ENSMUSG00000028431	381	290	339	171	38	15	16	23
ENSMUSG00000028433	56	59	67	62	12	13	12	10
ENSMUSG00000028434	47	35	59	67	5	4	6	8
ENSMUSG00000028435	88	81	78	100	32	45	61	42
ENSMUSG00000028436	27	32	25	19	6	2	6	5
ENSMUSG00000028437	62	55	68	92	10	4	3	10
ENSMUSG00000028438	108	108	159	185	35	40	33	47
ENSMUSG00000028439	166	152	121	159	19	19	19	19
ENSMUSG00000028441	40	53	60	31	4	2	6	3
ENSMUSG00000028443	789	1237	661	919	291	269	438	456
ENSMUSG00000028444	93	68	161	71	14	5	22	13
ENSMUSG00000028445	454	666	374	529	20	20	17	19
ENSMUSG00000028447	362	210	187	367	64	47	12	27
ENSMUSG00000028451	62	49	56	44	13	13	7	13
ENSMUSG00000028452	40	28	65	96	5	8	9	7
ENSMUSG00000028453	732	538	319	307	104	65	143	137
ENSMUSG00000028454	527	600	478	790	263	160	191	256
ENSMUSG00000028455	140	170	87	181	18	13	17	20
ENSMUSG00000028456	567	282	445	303	66	122	120	161
ENSMUSG00000028457	169	227	235	208	12	13	13	20
ENSMUSG00000028458	279	292	178	317	19	39	16	22
ENSMUSG00000028459	106	117	98	104	15	12	11	11
ENSMUSG00000028460	63	43	54	34	6	7	7	13
ENSMUSG00000028461	12	10	15	14	1	1	0	0
ENSMUSG00000028463	128	110	178	204	28	42	20	32
ENSMUSG00000028464	34	79	51	46	2	7	2	1
ENSMUSG00000028465	116	141	230	138	20	20	17	37
ENSMUSG00000028466	58	74	10	22	6	4	2	2
ENSMUSG00000028467	84	103	108	160	10	12	24	5
ENSMUSG00000028468	18	10	15	14	0	2	4	2
ENSMUSG00000028469	396	460	593	239	96	67	87	113
ENSMUSG00000028470	551	407	516	395	15	38	10	6
ENSMUSG00000028475	361	251	344	462	34	50	21	54
ENSMUSG00000028476	86	102	81	118	0	3	1	4
ENSMUSG00000028478	43	58	56	39	6	7	7	8
ENSMUSG00000028479	60	83	83	83	1	11	3	7
ENSMUSG00000028480	1395	1137	1022	923	111	86	157	67
ENSMUSG00000028483	87	68	80	64	11	9	7	7
ENSMUSG00000028484	13	23	39	24	1	3	10	2
ENSMUSG00000028487	84	105	140	69	10	8	12	6
ENSMUSG00000028488	21	32	119	59	10	20	20	13
ENSMUSG00000028492	817	524	340	437	95	126	71	161
ENSMUSG00000028494	123	155	156	218	3	4	21	22
ENSMUSG00000028495	145	116	187	229	6	5	21	16
ENSMUSG00000028496	549	399	828	1046	44	48	53	62
ENSMUSG00000028497	185	383	215	264	32	20	45	57
ENSMUSG00000028514	185	201	346	324	40	24	34	26
ENSMUSG00000028517	96	72	138	57	7	7	5	9
ENSMUSG00000028518	37	27	24	42	7	8	10	3
ENSMUSG00000028519	60	42	89	51	21	5	10	9
ENSMUSG00000028520	122	84	245	179	32	47	43	32
ENSMUSG00000028521	1018	882	1283	1939	101	81	278	428
ENSMUSG00000028522	104	61	94	82	13	19	26	11
ENSMUSG00000028523	392	330	246	335	22	39	28	7
ENSMUSG00000028524	10	24	24	22	3	3	1	3
ENSMUSG00000028525	61	95	101	68	6	7	10	10
ENSMUSG00000028527	161	63	82	81	13	6	10	5
ENSMUSG00000028528	224	310	268	140	44	16	33	33
ENSMUSG00000028530	84	68	108	79	17	19	15	24
ENSMUSG00000028532	147	100	149	99	20	24	14	17
ENSMUSG00000028533	54	118	106	156	4	8	16	5
ENSMUSG00000028536	70	148	109	103	17	17	14	7
ENSMUSG00000028538	164	227	273	306	31	66	44	38
ENSMUSG00000028539	32	23	50	45	5	5	4	3
ENSMUSG00000028540	623	322	220	340	16	33	40	8
ENSMUSG00000028541	16	8	13	16	4	2	6	4
ENSMUSG00000028542	107	67	88	103	9	12	13	13
ENSMUSG00000028544	126	115	244	252	6	13	12	10
ENSMUSG00000028545	420	231	540	417	10	23	14	6
ENSMUSG00000028546	116	112	131	156	20	10	13	7
ENSMUSG00000028549	91	208	255	136	24	15	28	21
ENSMUSG00000028550	61	60	56	70	6	10	8	3
ENSMUSG00000028551	68	91	223	117	6	10	18	29
ENSMUSG00000028552	497	1117	632	686	52	63	47	76
ENSMUSG00000028553	650	232	258	262	94	66	20	38
ENSMUSG00000028555	16	34	37	26	2	2	0	3
ENSMUSG00000028556	218	192	100	207	46	61	159	136
ENSMUSG00000028557	33	17	25	16	1	0	1	1
ENSMUSG00000028558	339	180	302	306	32	38	32	37
ENSMUSG00000028559	346	262	280	289	52	42	94	40
ENSMUSG00000028560	272	418	221	249	38	73	34	31
ENSMUSG00000028563	110	59	91	60	34	39	37	30
ENSMUSG00000028565	286	389	214	282	54	54	64	35
ENSMUSG00000028567	69	107	32	21	11	1	3	1
ENSMUSG00000028568	47	49	54	82	5	4	6	6
ENSMUSG00000028571	46	56	87	123	4	2	5	1
ENSMUSG00000028572	108	52	51	36	17	21	4	10
ENSMUSG00000028573	54	46	55	48	5	6	17	13
ENSMUSG00000028575	330	620	397	386	15	11	47	31
ENSMUSG00000028576	56	46	47	54	7	8	14	5
ENSMUSG00000028577	168	180	162	64	8	27	14	10
ENSMUSG00000028578	266	135	242	164	19	29	9	28
ENSMUSG00000028580	327	289	222	226	17	23	24	22
ENSMUSG00000028581	20	14	15	20	2	0	0	0
ENSMUSG00000028582	188	133	116	102	15	18	13	9
ENSMUSG00000028583	160	26	112	110	18	12	15	12
ENSMUSG00000028584	98	146	91	60	8	10	15	13
ENSMUSG00000028587	216	172	203	80	9	29	32	20
ENSMUSG00000028589	254	172	216	281	47	58	26	46
ENSMUSG00000028590	909	803	2374	2626	78	71	164	194
ENSMUSG00000028591	143	166	326	157	81	47	103	47
ENSMUSG00000028593	94	61	60	55	53	30	3	15
ENSMUSG00000028597	45	63	82	57	37	40	52	40
ENSMUSG00000028599	107	82	173	142	11	29	29	23
ENSMUSG00000028600	119	103	101	111	13	23	18	10
ENSMUSG00000028601	12	11	16	8	1	4	0	2
ENSMUSG00000028602	50	53	21	57	0	1	6	4
ENSMUSG00000028603	28	28	45	56	4	6	0	2
ENSMUSG00000028607	232	362	315	329	80	43	48	79
ENSMUSG00000028608	240	281	356	352	32	31	51	29
ENSMUSG00000028609	246	94	161	180	20	32	4	3
ENSMUSG00000028610	11	6	10	2	1	1	1	0
ENSMUSG00000028612	399	617	568	643	90	70	43	57
ENSMUSG00000028613	151	147	121	138	9	13	17	15
ENSMUSG00000028614	204	230	228	206	23	33	43	69
ENSMUSG00000028617	107	199	392	252	19	6	25	35
ENSMUSG00000028618	250	224	413	244	47	51	30	36
ENSMUSG00000028619	54	49	60	91	5	5	3	4
ENSMUSG00000028621	127	93	170	136	16	23	27	21
ENSMUSG00000028622	107	88	86	91	12	10	5	20
ENSMUSG00000028626	23	11	17	14	6	1	10	10
ENSMUSG00000028629	217	294	292	221	83	47	78	65
ENSMUSG00000028630	160	155	281	255	58	53	56	27
ENSMUSG00000028631	101	93	163	218	13	11	37	32
ENSMUSG00000028633	47	97	135	70	15	5	5	6
ENSMUSG00000028634	51	50	46	38	12	6	7	9
ENSMUSG00000028635	60	86	75	146	35	31	20	16
ENSMUSG00000028636	450	286	125	331	21	29	37	53
ENSMUSG00000028637	200	291	247	200	46	43	34	54
ENSMUSG00000028639	9	6	7	10	1	4	4	1
ENSMUSG00000028640	371	412	456	463	42	83	42	70
ENSMUSG00000028641	64	73	67	71	15	13	29	11
ENSMUSG00000028642	395	367	372	296	76	83	157	87
ENSMUSG00000028643	103	94	123	68	9	19	18	5
ENSMUSG00000028644	173	335	262	207	39	37	40	45
ENSMUSG00000028645	129	92	75	115	3	4	3	3
ENSMUSG00000028646	14	25	24	45	2	4	2	5
ENSMUSG00000028647	42	46	38	23	3	7	1	4
ENSMUSG00000028648	50	40	36	46	7	5	6	9
ENSMUSG00000028649	46	39	32	76	6	6	8	4
ENSMUSG00000028651	287	353	824	659	42	56	51	42
ENSMUSG00000028653	195	224	134	168	11	21	28	22
ENSMUSG00000028654	138	104	92	99	9	7	4	9
ENSMUSG00000028655	274	240	254	222	26	14	50	32
ENSMUSG00000028656	97	67	42	74	16	11	14	16
ENSMUSG00000028657	28	10	7	11	0	0	2	4
ENSMUSG00000028661	70	147	80	71	8	16	16	11
ENSMUSG00000028664	490	411	499	699	50	48	45	44
ENSMUSG00000028668	6	4	6	9	0	0	0	0
ENSMUSG00000028669	113	283	135	77	31	48	73	48
ENSMUSG00000028670	61	51	51	57	5	6	7	8
ENSMUSG00000028671	184	218	296	301	25	28	14	9
ENSMUSG00000028672	82	78	90	95	20	12	18	21
ENSMUSG00000028673	78	56	32	54	5	9	6	9
ENSMUSG00000028675	89	59	18	19	10	3	1	3
ENSMUSG00000028676	88	87	59	81	9	5	5	7
ENSMUSG00000028677	135	90	309	214	13	13	4	2
ENSMUSG00000028678	40	103	26	71	8	7	4	5
ENSMUSG00000028680	73	88	69	49	2	3	7	2
ENSMUSG00000028681	213	220	117	286	17	27	38	18
ENSMUSG00000028683	668	450	550	452	90	129	62	149
ENSMUSG00000028684	63	94	55	77	42	10	47	18
ENSMUSG00000028687	400	401	419	437	163	174	94	103
ENSMUSG00000028688	80	88	69	83	12	12	15	16
ENSMUSG00000028689	69	75	36	75	17	26	9	12
ENSMUSG00000028690	46	50	98	102	3	4	4	13
ENSMUSG00000028691	355	416	426	264	31	22	24	32
ENSMUSG00000028692	450	321	388	575	33	44	45	44
ENSMUSG00000028693	441	321	289	413	22	37	29	44
ENSMUSG00000028696	83	156	91	78	13	12	10	15
ENSMUSG00000028698	37	29	29	10	6	9	5	2
ENSMUSG00000028699	257	124	244	167	25	18	21	17
ENSMUSG00000028700	687	1662	2411	1400	163	100	314	391
ENSMUSG00000028701	69	54	47	108	5	7	17	13
ENSMUSG00000028702	124	124	180	193	17	15	12	11
ENSMUSG00000028703	1462	1324	1546	1395	95	166	207	76
ENSMUSG00000028706	46	32	11	13	2	1	0	0
ENSMUSG00000028707	233	263	202	312	25	23	34	41
ENSMUSG00000028708	108	125	154	68	11	12	4	5
ENSMUSG00000028709	79	86	60	117	4	6	1	0
ENSMUSG00000028710	596	660	804	323	87	53	110	205
ENSMUSG00000028712	385	227	226	414	57	41	56	48
ENSMUSG00000028713	437	938	610	673	83	47	50	86
ENSMUSG00000028715	136	122	82	96	19	16	18	31
ENSMUSG00000028716	180	306	444	222	16	37	30	25
ENSMUSG00000028717	58	34	58	56	9	4	1	1
ENSMUSG00000028718	217	149	164	192	13	13	6	12
ENSMUSG00000028719	290	311	393	274	25	41	32	19
ENSMUSG00000028729	96	125	83	117	8	8	10	12
ENSMUSG00000028730	207	65	206	109	18	11	3	6
ENSMUSG00000028736	1213	619	638	1181	90	96	99	149
ENSMUSG00000028737	60	75	54	71	6	6	4	4
ENSMUSG00000028738	321	168	434	317	16	17	13	17
ENSMUSG00000028741	455	296	354	202	62	38	30	15
ENSMUSG00000028743	34	74	179	168	9	3	15	11
ENSMUSG00000028744	373	663	813	594	79	56	46	82
ENSMUSG00000028745	34	31	54	59	11	5	21	35
ENSMUSG00000028747	139	136	150	72	7	7	2	8
ENSMUSG00000028749	173	262	103	239	12	19	28	11
ENSMUSG00000028750	204	177	162	131	31	25	17	22
ENSMUSG00000028751	107	177	148	431	12	3	9	8
ENSMUSG00000028753	284	295	454	272	39	27	33	26
ENSMUSG00000028755	11	30	66	44	7	6	5	16
ENSMUSG00000028756	35	46	45	38	5	6	10	5
ENSMUSG00000028757	146	186	154	157	26	8	9	9
ENSMUSG00000028758	146	279	532	384	7	5	28	22
ENSMUSG00000028759	67	104	105	109	11	19	22	16
ENSMUSG00000028760	43	44	41	34	2	2	7	13
ENSMUSG00000028763	152	99	237	261	15	37	51	48
ENSMUSG00000028766	91	66	121	69	5	9	3	10
ENSMUSG00000028771	489	458	495	580	22	48	43	35
ENSMUSG00000028772	180	285	179	145	15	8	17	15
ENSMUSG00000028773	117	145	255	182	38	32	60	42
ENSMUSG00000028776	265	147	236	129	13	25	20	18
ENSMUSG00000028777	55	47	93	58	15	7	11	4
ENSMUSG00000028778	92	112	107	91	4	11	1	3
ENSMUSG00000028779	32	19	11	13	3	8	4	3
ENSMUSG00000028780	50	75	49	33	6	2	4	2
ENSMUSG00000028782	220	569	482	337	67	80	41	61
ENSMUSG00000028784	83	88	79	124	5	7	13	9
ENSMUSG00000028785	373	342	622	385	264	216	67	162
ENSMUSG00000028786	88	66	105	86	9	7	10	21
ENSMUSG00000028788	89	120	75	125	11	10	25	11
ENSMUSG00000028789	93	90	78	79	29	12	19	6
ENSMUSG00000028790	958	1099	2136	1365	60	88	196	112
ENSMUSG00000028792	440	461	283	580	41	23	28	32
ENSMUSG00000028793	120	123	252	123	47	30	41	33
ENSMUSG00000028794	274	188	162	171	75	51	31	50
ENSMUSG00000028795	87	57	77	76	10	1	7	1
ENSMUSG00000028796	495	322	975	621	29	39	78	85
ENSMUSG00000028797	172	106	114	76	23	16	33	11
ENSMUSG00000028798	251	212	393	263	13	4	6	4
ENSMUSG00000028799	263	132	702	554	32	37	42	45
ENSMUSG00000028800	49	61	107	90	9	4	6	13
ENSMUSG00000028801	241	223	245	214	36	67	35	38
ENSMUSG00000028803	43	75	116	115	4	6	13	12
ENSMUSG00000028804	1260	1173	606	1033	75	16	75	48
ENSMUSG00000028807	71	92	65	41	6	6	4	5
ENSMUSG00000028809	175	150	256	252	9	17	9	13
ENSMUSG00000028811	248	161	183	144	72	35	21	30
ENSMUSG00000028813	98	66	42	59	14	9	29	27
ENSMUSG00000028820	348	256	328	326	29	26	16	18
ENSMUSG00000028821	151	138	91	144	17	12	11	11
ENSMUSG00000028822	96	102	118	129	8	14	17	13
ENSMUSG00000028825	51	38	123	125	2	5	9	6
ENSMUSG00000028826	180	259	108	168	41	23	46	33
ENSMUSG00000028830	120	107	534	486	59	49	113	98
ENSMUSG00000028832	81	112	69	66	22	11	22	21
ENSMUSG00000028833	135	115	95	61	9	1	6	8
ENSMUSG00000028834	334	459	326	363	49	72	76	87
ENSMUSG00000028836	735	972	704	825	59	38	51	36
ENSMUSG00000028837	476	407	341	367	39	30	38	48
ENSMUSG00000028838	106	98	71	94	43	16	22	26
ENSMUSG00000028840	55	23	88	55	7	4	10	14
ENSMUSG00000028841	262	222	134	124	9	9	23	7
ENSMUSG00000028842	132	70	119	84	9	11	18	4
ENSMUSG00000028843	176	177	166	242	10	10	16	15
ENSMUSG00000028845	175	150	207	268	29	33	73	75
ENSMUSG00000028847	440	500	540	378	53	58	31	31
ENSMUSG00000028848	48	49	36	75	19	6	14	8
ENSMUSG00000028849	91	39	59	45	5	7	6	3
ENSMUSG00000028850	38	101	92	113	18	10	23	22
ENSMUSG00000028851	579	268	393	591	33	51	33	57
ENSMUSG00000028854	107	116	125	212	24	7	5	12
ENSMUSG00000028857	176	167	112	124	18	18	20	13
ENSMUSG00000028859	732	635	1060	529	29	43	33	36
ENSMUSG00000028860	57	125	84	101	8	7	4	3
ENSMUSG00000028861	88	65	27	48	6	9	2	1
ENSMUSG00000028862	106	99	104	103	8	9	22	39
ENSMUSG00000028863	339	357	578	370	35	46	87	81
ENSMUSG00000028864	38	36	13	6	6	6	3	4
ENSMUSG00000028865	60	54	34	113	6	17	5	12
ENSMUSG00000028868	283	499	232	401	49	40	12	30
ENSMUSG00000028869	306	235	122	274	28	10	24	15
ENSMUSG00000028871	138	160	88	136	10	5	10	7
ENSMUSG00000028873	13	19	18	12	1	1	3	1
ENSMUSG00000028874	95	80	123	102	10	5	4	10
ENSMUSG00000028876	42	39	49	32	2	1	3	4
ENSMUSG00000028878	1010	662	1107	978	238	191	280	220
ENSMUSG00000028879	284	298	267	274	42	53	61	43
ENSMUSG00000028882	412	316	327	436	62	39	64	83
ENSMUSG00000028883	162	152	180	161	8	7	17	9
ENSMUSG00000028884	32	63	15	17	4	2	0	1
ENSMUSG00000028885	92	90	105	142	12	6	13	25
ENSMUSG00000028886	205	183	278	785	47	60	101	49
ENSMUSG00000028889	650	806	460	778	118	58	102	104
ENSMUSG00000028890	32	19	27	49	2	0	1	5
ENSMUSG00000028893	453	579	1034	695	67	43	92	74
ENSMUSG00000028894	186	140	159	149	2	3	4	7
ENSMUSG00000028896	117	99	64	171	19	51	17	24
ENSMUSG00000028898	21	17	35	19	7	9	5	11
ENSMUSG00000028899	49	57	51	49	4	5	2	5
ENSMUSG00000028901	179	348	127	149	29	21	36	15
ENSMUSG00000028902	142	187	144	64	21	16	20	30
ENSMUSG00000028906	165	106	104	143	17	10	5	8
ENSMUSG00000028907	52	97	62	110	9	19	10	14
ENSMUSG00000028909	18	12	6	8	1	4	1	1
ENSMUSG00000028910	94	57	22	68	25	25	15	20
ENSMUSG00000028911	104	77	217	189	14	5	15	29
ENSMUSG00000028914	155	98	135	73	19	15	16	9
ENSMUSG00000028917	68	99	48	48	8	10	5	4
ENSMUSG00000028919	154	106	97	82	45	48	25	40
ENSMUSG00000028920	1097	798	1027	1281	192	121	83	71
ENSMUSG00000028923	916	687	568	696	60	41	48	86
ENSMUSG00000028926	110	70	47	51	8	4	8	5
ENSMUSG00000028927	43	49	147	137	4	4	14	11
ENSMUSG00000028931	238	204	290	243	33	16	36	37
ENSMUSG00000028932	456	133	391	489	13	31	52	51
ENSMUSG00000028933	111	87	196	80	5	5	6	5
ENSMUSG00000028936	289	222	172	320	39	27	38	38
ENSMUSG00000028937	35	41	8	28	5	5	4	4
ENSMUSG00000028938	481	322	299	325	29	29	65	43
ENSMUSG00000028940	97	44	59	80	11	12	9	5
ENSMUSG00000028943	240	670	463	450	17	25	14	20
ENSMUSG00000028944	265	391	379	1424	26	46	50	41
ENSMUSG00000028945	642	494	415	477	24	23	33	19
ENSMUSG00000028946	59	34	34	41	10	14	2	5
ENSMUSG00000028948	66	40	81	55	3	13	8	4
ENSMUSG00000028949	94	167	107	104	7	17	13	20
ENSMUSG00000028950	84	82	55	56	5	8	8	7
ENSMUSG00000028952	104	96	135	118	12	8	9	10
ENSMUSG00000028953	96	124	72	106	28	18	24	31
ENSMUSG00000028954	171	268	117	166	27	23	15	16
ENSMUSG00000028955	51	94	93	54	8	6	5	8
ENSMUSG00000028957	84	128	90	94	10	10	9	9
ENSMUSG00000028958	94	143	73	110	32	22	35	33
ENSMUSG00000028959	90	67	35	50	8	2	8	4
ENSMUSG00000028960	127	150	149	154	11	7	14	14
ENSMUSG00000028961	86	100	149	62	11	20	10	15
ENSMUSG00000028962	738	1244	709	1014	229	170	105	166
ENSMUSG00000028963	365	487	428	529	93	51	57	97
ENSMUSG00000028964	254	276	104	189	23	23	49	48
ENSMUSG00000028965	166	107	211	129	24	15	18	25
ENSMUSG00000028967	369	455	375	266	40	67	37	63
ENSMUSG00000028969	143	107	205	198	14	6	25	32
ENSMUSG00000028970	36	58	57	54	4	2	3	2
ENSMUSG00000028971	295	307	262	584	34	74	24	69
ENSMUSG00000028972	40	48	54	45	32	27	6	16
ENSMUSG00000028973	517	528	369	688	126	56	46	52
ENSMUSG00000028974	77	62	32	60	33	13	46	32
ENSMUSG00000028975	38	37	24	20	7	5	8	4
ENSMUSG00000028976	221	221	196	239	75	47	86	159
ENSMUSG00000028977	15	19	32	14	2	3	0	3
ENSMUSG00000028978	14	14	7	8	0	1	0	1
ENSMUSG00000028979	195	149	105	145	35	34	68	49
ENSMUSG00000028980	251	527	398	807	66	47	58	33
ENSMUSG00000028982	91	67	134	53	21	9	12	13
ENSMUSG00000028986	129	131	74	49	9	15	8	5
ENSMUSG00000028988	284	367	386	256	59	57	58	43
ENSMUSG00000028989	7	11	11	11	4	8	2	1
ENSMUSG00000028990	84	173	104	95	14	11	10	8
ENSMUSG00000028991	194	149	150	109	24	22	23	9
ENSMUSG00000028992	106	92	113	78	9	6	4	14
ENSMUSG00000028995	101	90	87	47	10	15	6	3
ENSMUSG00000028996	979	1469	796	1408	226	207	67	121
ENSMUSG00000028998	75	158	51	80	20	9	12	11
ENSMUSG00000028999	156	167	245	79	14	41	22	24
ENSMUSG00000029001	104	101	88	92	26	17	18	12
ENSMUSG00000029003	11	9	8	14	0	2	0	1
ENSMUSG00000029004	65	147	89	115	17	6	22	14
ENSMUSG00000029005	56	125	123	109	34	20	17	17
ENSMUSG00000029007	553	890	767	687	137	116	473	539
ENSMUSG00000029009	37	37	18	28	3	2	2	6
ENSMUSG00000029012	1082	534	929	980	63	46	33	18
ENSMUSG00000029014	54	38	52	40	8	6	5	12
ENSMUSG00000029015	36	30	31	45	7	8	10	11
ENSMUSG00000029016	126	132	82	119	15	26	20	14
ENSMUSG00000029017	176	48	155	131	11	7	16	11
ENSMUSG00000029019	79	159	186	261	27	20	22	37
ENSMUSG00000029020	50	38	34	28	9	14	8	10
ENSMUSG00000029022	163	106	137	112	9	22	18	23
ENSMUSG00000029026	10	9	10	11	1	1	1	5
ENSMUSG00000029027	276	134	179	298	18	12	19	34
ENSMUSG00000029028	130	103	112	72	27	5	8	4
ENSMUSG00000029029	133	88	87	106	21	4	6	11
ENSMUSG00000029030	33	44	14	54	1	6	8	8
ENSMUSG00000029032	134	119	101	178	17	27	53	38
ENSMUSG00000029033	237	180	249	307	15	19	24	11
ENSMUSG00000029034	684	741	1198	484	55	86	53	78
ENSMUSG00000029036	145	384	181	267	68	40	31	43
ENSMUSG00000029038	122	183	127	152	36	27	12	26
ENSMUSG00000029044	68	54	81	72	15	4	6	9
ENSMUSG00000029047	92	72	72	69	4	9	6	6
ENSMUSG00000029048	103	106	82	122	20	16	13	7
ENSMUSG00000029049	994	515	1006	1084	52	79	76	122
ENSMUSG00000029050	76	49	86	33	24	15	14	14
ENSMUSG00000029053	140	114	133	279	12	11	2	4
ENSMUSG00000029054	268	309	378	246	21	46	26	22
ENSMUSG00000029055	86	72	80	76	8	8	11	7
ENSMUSG00000029056	205	244	265	227	12	20	13	24
ENSMUSG00000029059	492	508	463	576	66	56	39	32
ENSMUSG00000029060	54	35	28	37	20	14	6	7
ENSMUSG00000029061	36	20	50	48	4	0	10	6
ENSMUSG00000029062	461	345	329	382	59	57	106	200
ENSMUSG00000029063	230	159	96	151	7	3	5	9
ENSMUSG00000029064	206	213	139	324	18	13	32	15
ENSMUSG00000029066	51	65	58	118	6	22	17	16
ENSMUSG00000029068	186	368	129	154	27	11	43	20
ENSMUSG00000029070	157	178	144	282	25	30	16	31
ENSMUSG00000029071	1062	1777	467	541	223	140	85	168
ENSMUSG00000029072	128	322	197	147	25	17	26	15
ENSMUSG00000029073	156	196	127	260	8	9	13	8
ENSMUSG00000029074	106	153	95	94	18	34	14	17
ENSMUSG00000029075	160	184	155	234	41	46	38	32
ENSMUSG00000029076	137	246	100	201	34	21	30	14
ENSMUSG00000029082	236	210	356	383	11	32	80	54
ENSMUSG00000029084	53	42	96	76	3	4	2	3
ENSMUSG00000029086	66	73	36	63	7	12	13	22
ENSMUSG00000029088	138	183	233	315	12	15	15	12
ENSMUSG00000029089	56	71	112	35	10	14	8	20
ENSMUSG00000029090	114	117	121	172	21	6	13	14
ENSMUSG00000029092	51	92	92	73	16	8	8	6
ENSMUSG00000029093	178	250	117	179	13	12	31	12
ENSMUSG00000029094	95	88	85	85	7	9	6	10
ENSMUSG00000029095	185	73	190	62	11	8	15	8
ENSMUSG00000029096	127	180	223	269	15	5	9	14
ENSMUSG00000029097	28	32	67	43	3	6	11	3
ENSMUSG00000029098	161	128	192	195	34	28	36	15
ENSMUSG00000029101	33	30	25	13	3	0	9	1
ENSMUSG00000029102	187	391	443	343	10	31	22	35
ENSMUSG00000029103	107	179	372	185	14	9	16	19
ENSMUSG00000029104	16	16	12	14	2	4	0	0
ENSMUSG00000029106	55	43	21	45	12	9	8	5
ENSMUSG00000029108	70	88	136	116	16	14	30	21
ENSMUSG00000029110	1260	1233	629	1368	110	213	143	146
ENSMUSG00000029111	190	143	272	285	15	8	14	17
ENSMUSG00000029112	108	123	120	73	9	14	14	17
ENSMUSG00000029119	56	52	80	39	7	5	5	10
ENSMUSG00000029120	185	202	220	135	78	33	36	39
ENSMUSG00000029121	31	93	53	66	9	8	12	12
ENSMUSG00000029122	170	124	88	154	13	17	11	16
ENSMUSG00000029123	52	72	68	76	8	10	7	6
ENSMUSG00000029125	192	222	200	125	25	10	23	25
ENSMUSG00000029126	84	86	87	61	11	5	7	8
ENSMUSG00000029127	52	32	55	99	5	11	4	6
ENSMUSG00000029128	216	102	45	111	40	23	14	12
ENSMUSG00000029130	441	709	324	322	127	85	48	60
ENSMUSG00000029131	268	69	170	266	26	14	15	20
ENSMUSG00000029134	703	669	312	480	21	60	30	58
ENSMUSG00000029135	17	15	17	21	2	0	1	1
ENSMUSG00000029136	44	57	51	47	8	3	4	15
ENSMUSG00000029138	144	180	300	240	48	57	44	88
ENSMUSG00000029141	108	181	311	383	5	19	29	36
ENSMUSG00000029145	55	78	57	81	11	9	4	16
ENSMUSG00000029146	226	190	148	200	17	25	16	13
ENSMUSG00000029147	21	25	48	27	3	7	3	4
ENSMUSG00000029148	106	73	68	53	12	27	9	13
ENSMUSG00000029149	156	117	235	339	63	59	107	148
ENSMUSG00000029151	12	23	38	14	4	4	4	3
ENSMUSG00000029152	101	114	87	201	8	6	14	12
ENSMUSG00000029153	317	272	233	310	19	33	29	20
ENSMUSG00000029154	214	217	242	179	7	16	18	30
ENSMUSG00000029155	1232	643	1264	500	49	36	60	39
ENSMUSG00000029156	130	168	161	130	10	24	2	5
ENSMUSG00000029158	125	256	115	140	24	19	15	21
ENSMUSG00000029161	2074	2157	1922	1958	123	229	173	134
ENSMUSG00000029162	360	465	345	173	53	53	11	76
ENSMUSG00000029163	464	405	224	462	42	35	18	52
ENSMUSG00000029165	179	204	233	320	15	31	24	33
ENSMUSG00000029166	1294	1381	3454	2360	238	593	683	625
ENSMUSG00000029167	374	479	494	532	71	62	54	61
ENSMUSG00000029168	67	60	46	62	6	6	1	2
ENSMUSG00000029169	479	300	475	341	22	42	23	53
ENSMUSG00000029171	282	143	271	208	48	23	40	38
ENSMUSG00000029173	278	194	132	327	10	11	17	22
ENSMUSG00000029174	457	1060	841	689	44	35	73	50
ENSMUSG00000029175	13	7	9	12	1	0	0	0
ENSMUSG00000029176	130	296	292	158	25	27	45	76
ENSMUSG00000029177	70	68	34	62	5	6	7	5
ENSMUSG00000029178	296	396	150	141	35	38	6	10
ENSMUSG00000029179	85	145	99	118	19	8	24	12
ENSMUSG00000029182	28	57	60	72	11	7	7	1
ENSMUSG00000029184	57	97	85	112	8	13	15	20
ENSMUSG00000029185	532	222	155	339	23	29	25	31
ENSMUSG00000029186	216	276	295	211	43	49	17	15
ENSMUSG00000029188	785	581	758	453	117	90	141	93
ENSMUSG00000029189	165	511	289	189	23	34	106	60
ENSMUSG00000029190	246	276	590	441	70	62	131	132
ENSMUSG00000029191	904	468	2424	1723	45	38	147	246
ENSMUSG00000029192	55	70	45	58	4	5	8	5
ENSMUSG00000029193	53	47	22	33	1	3	0	3
ENSMUSG00000029195	101	100	26	45	13	7	6	3
ENSMUSG00000029196	50	58	48	28	8	7	7	5
ENSMUSG00000029198	20	17	12	7	1	13	2	0
ENSMUSG00000029199	224	320	173	186	31	40	32	14
ENSMUSG00000029201	437	418	434	621	63	56	95	57
ENSMUSG00000029202	56	32	98	79	2	4	5	3
ENSMUSG00000029203	33	20	30	19	3	1	1	0
ENSMUSG00000029204	60	60	64	40	2	5	7	2
ENSMUSG00000029205	208	308	311	247	72	53	40	51
ENSMUSG00000029206	11	22	13	10	6	1	4	2
ENSMUSG00000029207	21	19	19	17	7	4	2	4
ENSMUSG00000029208	55	36	75	101	10	4	6	7
ENSMUSG00000029209	242	243	120	243	66	42	40	39
ENSMUSG00000029211	19	12	15	13	2	1	0	3
ENSMUSG00000029212	223	401	279	427	42	28	17	36
ENSMUSG00000029213	2350	1973	1990	2051	111	276	224	154
ENSMUSG00000029217	253	198	139	199	52	67	64	78
ENSMUSG00000029219	225	142	59	78	17	14	3	13
ENSMUSG00000029221	814	565	1045	1435	135	183	383	478
ENSMUSG00000029223	89	59	177	85	10	10	18	19
ENSMUSG00000029227	38	47	49	39	0	4	23	5
ENSMUSG00000029228	43	68	58	90	6	7	4	4
ENSMUSG00000029229	78	40	64	57	5	11	6	10
ENSMUSG00000029231	13	15	26	12	2	5	7	2
ENSMUSG00000029233	19	15	27	29	7	2	4	4
ENSMUSG00000029234	36	30	60	42	1	1	3	1
ENSMUSG00000029235	35	89	102	108	5	20	29	20
ENSMUSG00000029236	46	93	40	50	4	4	2	6
ENSMUSG00000029238	183	185	196	174	16	23	16	14
ENSMUSG00000029245	431	413	322	473	15	22	40	31
ENSMUSG00000029246	610	407	704	670	83	64	68	79
ENSMUSG00000029247	126	146	62	123	15	26	18	12
ENSMUSG00000029248	932	2049	750	1397	65	71	150	170
ENSMUSG00000029249	151	179	118	59	12	12	9	11
ENSMUSG00000029250	35	61	46	61	5	5	6	2
ENSMUSG00000029253	70	71	78	70	11	3	7	3
ENSMUSG00000029254	128	161	85	109	15	11	10	14
ENSMUSG00000029255	255	287	312	213	16	35	46	47
ENSMUSG00000029260	70	46	89	59	3	7	1	5
ENSMUSG00000029263	118	184	102	80	21	30	6	21
ENSMUSG00000029265	50	75	68	54	2	3	1	3
ENSMUSG00000029267	269	209	112	240	53	27	64	36
ENSMUSG00000029268	217	154	514	660	40	21	49	65
ENSMUSG00000029269	193	274	186	343	63	61	48	29
ENSMUSG00000029270	74	88	64	31	9	12	3	10
ENSMUSG00000029272	589	746	660	939	68	30	53	19
ENSMUSG00000029273	212	153	130	81	17	8	3	4
ENSMUSG00000029275	70	76	116	81	5	4	8	12
ENSMUSG00000029276	90	177	101	139	22	3	13	8
ENSMUSG00000029279	26	67	57	63	4	4	11	4
ENSMUSG00000029280	54	90	94	104	11	27	10	14
ENSMUSG00000029281	24	50	21	26	12	2	7	9
ENSMUSG00000029282	62	54	47	85	4	4	4	16
ENSMUSG00000029283	380	192	352	496	61	50	82	81
ENSMUSG00000029286	53	75	44	58	7	4	12	3
ENSMUSG00000029287	93	43	143	66	7	13	13	11
ENSMUSG00000029288	158	249	45	72	17	15	8	13
ENSMUSG00000029290	26	20	39	48	6	1	5	7
ENSMUSG00000029291	8	6	11	13	1	0	1	1
ENSMUSG00000029298	388	939	640	599	62	46	19	27
ENSMUSG00000029299	34	13	16	19	5	7	2	5
ENSMUSG00000029304	179	145	189	158	26	15	34	11
ENSMUSG00000029306	349	120	258	232	40	39	125	49
ENSMUSG00000029307	52	74	74	57	5	8	2	7
ENSMUSG00000029309	355	436	265	271	42	28	34	14
ENSMUSG00000029310	280	198	110	191	12	29	17	11
ENSMUSG00000029311	447	528	406	310	21	49	45	37
ENSMUSG00000029312	16	30	29	28	1	0	3	1
ENSMUSG00000029313	33	58	60	32	20	13	5	10
ENSMUSG00000029314	77	50	41	43	13	11	14	8
ENSMUSG00000029319	33	22	32	44	3	6	4	5
ENSMUSG00000029320	87	68	123	86	11	10	11	13
ENSMUSG00000029321	155	127	157	154	78	53	62	68
ENSMUSG00000029322	105	137	249	175	18	15	38	30
ENSMUSG00000029326	32	32	43	20	2	3	1	2
ENSMUSG00000029328	45	71	93	57	15	16	19	24
ENSMUSG00000029330	171	270	193	235	13	23	15	16
ENSMUSG00000029331	328	343	150	364	17	15	23	15
ENSMUSG00000029334	57	75	146	78	9	9	9	9
ENSMUSG00000029335	100	107	67	54	23	23	21	6
ENSMUSG00000029337	46	27	25	48	6	6	11	5
ENSMUSG00000029338	48	162	36	37	21	12	9	9
ENSMUSG00000029343	50	41	65	58	7	16	10	5
ENSMUSG00000029344	73	82	97	43	7	5	5	5
ENSMUSG00000029345	19	13	30	22	1	4	2	7
ENSMUSG00000029346	39	49	45	50	1	0	6	0
ENSMUSG00000029348	574	595	562	996	91	102	32	42
ENSMUSG00000029352	53	75	86	127	7	9	11	5
ENSMUSG00000029359	271	356	257	348	79	91	55	84
ENSMUSG00000029360	147	93	64	80	28	18	10	29
ENSMUSG00000029361	26	51	81	61	9	6	5	5
ENSMUSG00000029363	77	104	77	53	8	7	7	4
ENSMUSG00000029364	40	43	33	27	4	4	6	13
ENSMUSG00000029366	171	183	187	208	32	21	37	21
ENSMUSG00000029368	48	104	72	85	11	13	7	7
ENSMUSG00000029369	395	244	230	501	10	3	4	9
ENSMUSG00000029370	573	507	563	324	83	85	57	84
ENSMUSG00000029371	148	159	125	143	15	34	10	23
ENSMUSG00000029372	1164	909	1831	1302	100	242	153	143
ENSMUSG00000029373	267	224	501	162	48	31	52	59
ENSMUSG00000029375	325	214	179	196	18	14	45	44
ENSMUSG00000029376	23	32	26	43	6	6	5	8
ENSMUSG00000029377	68	69	87	68	3	8	9	9
ENSMUSG00000029378	147	229	175	183	9	10	5	15
ENSMUSG00000029379	419	165	220	277	30	15	14	18
ENSMUSG00000029380	110	148	109	95	16	15	16	17
ENSMUSG00000029381	106	114	73	68	7	9	28	36
ENSMUSG00000029384	143	141	87	49	25	14	4	3
ENSMUSG00000029385	352	348	390	275	19	38	32	39
ENSMUSG00000029386	147	244	130	193	38	72	57	68
ENSMUSG00000029387	44	24	21	35	2	4	1	9
ENSMUSG00000029388	174	161	142	122	38	23	33	24
ENSMUSG00000029389	87	39	85	129	5	11	6	14
ENSMUSG00000029390	130	186	65	70	16	24	12	6
ENSMUSG00000029392	54	36	39	29	4	0	2	0
ENSMUSG00000029394	425	171	82	124	10	13	4	3
ENSMUSG00000029397	57	48	134	140	3	7	29	8
ENSMUSG00000029401	47	30	40	37	9	3	1	4
ENSMUSG00000029402	216	115	96	115	6	11	10	14
ENSMUSG00000029403	99	143	130	288	13	17	29	21
ENSMUSG00000029404	302	206	233	128	15	18	28	7
ENSMUSG00000029405	246	224	175	187	18	8	19	7
ENSMUSG00000029406	66	139	93	116	13	27	11	11
ENSMUSG00000029407	98	57	89	116	14	28	38	47
ENSMUSG00000029408	197	280	190	281	21	21	14	8
ENSMUSG00000029409	59	64	37	59	9	2	5	9
ENSMUSG00000029410	29	47	53	59	3	3	7	8
ENSMUSG00000029413	134	141	197	223	17	20	35	36
ENSMUSG00000029414	51	39	54	53	9	13	8	5
ENSMUSG00000029415	366	353	317	279	27	17	16	20
ENSMUSG00000029416	91	127	175	126	20	17	9	13
ENSMUSG00000029417	30	85	85	55	16	19	7	8
ENSMUSG00000029419	190	216	200	222	17	16	18	37
ENSMUSG00000029420	5923	4377	3327	3547	569	922	1111	600
ENSMUSG00000029422	195	169	571	459	29	33	56	64
ENSMUSG00000029423	43	57	97	44	1	0	5	2
ENSMUSG00000029426	223	277	535	556	53	47	79	92
ENSMUSG00000029427	3	4	5	13	2	2	2	0
ENSMUSG00000029428	54	58	104	143	9	6	11	21
ENSMUSG00000029430	121	124	137	117	5	11	35	13
ENSMUSG00000029431	285	311	307	481	56	50	46	68
ENSMUSG00000029432	76	75	87	52	14	13	7	15
ENSMUSG00000029433	530	584	332	382	84	114	67	86
ENSMUSG00000029434	13	19	13	5	1	0	1	0
ENSMUSG00000029436	74	53	100	91	5	1	5	2
ENSMUSG00000029437	6	5	14	10	0	1	1	4
ENSMUSG00000029438	54	39	29	17	4	6	0	2
ENSMUSG00000029439	168	321	196	181	21	24	63	19
ENSMUSG00000029440	43	59	30	51	4	7	2	6
ENSMUSG00000029442	206	131	91	112	47	14	41	22
ENSMUSG00000029445	142	177	169	89	17	37	24	48
ENSMUSG00000029446	197	291	98	95	30	14	15	21
ENSMUSG00000029447	96	53	55	62	20	11	33	31
ENSMUSG00000029449	444	417	281	336	45	42	121	73
ENSMUSG00000029451	392	305	328	369	29	34	28	32
ENSMUSG00000029452	766	412	456	386	25	32	33	33
ENSMUSG00000029454	61	36	40	12	7	3	4	0
ENSMUSG00000029455	281	287	151	207	53	41	71	23
ENSMUSG00000029456	104	81	80	122	21	8	15	22
ENSMUSG00000029458	719	642	644	613	110	98	66	67
ENSMUSG00000029461	304	254	208	222	25	30	13	11
ENSMUSG00000029462	217	270	363	361	20	13	25	48
ENSMUSG00000029463	20	25	11	21	2	0	3	0
ENSMUSG00000029464	125	85	64	61	15	24	21	18
ENSMUSG00000029465	100	65	63	37	7	13	8	7
ENSMUSG00000029466	21	13	16	13	1	4	0	2
ENSMUSG00000029467	624	406	336	525	32	32	51	57
ENSMUSG00000029468	108	101	62	183	4	10	7	8
ENSMUSG00000029469	372	241	331	326	47	31	35	23
ENSMUSG00000029470	61	45	23	95	17	15	7	10
ENSMUSG00000029471	24	31	31	46	5	1	1	0
ENSMUSG00000029472	51	25	78	48	3	2	4	3
ENSMUSG00000029474	76	149	81	88	12	3	11	7
ENSMUSG00000029475	100	133	116	158	18	10	14	13
ENSMUSG00000029477	56	83	69	116	18	11	2	10
ENSMUSG00000029478	230	355	339	214	22	5	15	23
ENSMUSG00000029480	130	150	128	89	17	15	8	15
ENSMUSG00000029482	105	176	312	360	7	34	25	17
ENSMUSG00000029484	62	36	49	56	13	13	14	24
ENSMUSG00000029486	69	69	55	77	11	15	17	16
ENSMUSG00000029490	197	180	217	144	28	37	27	33
ENSMUSG00000029491	271	206	301	286	39	41	31	37
ENSMUSG00000029499	103	53	83	117	10	13	18	5
ENSMUSG00000029500	54	84	38	58	20	9	16	18
ENSMUSG00000029501	244	154	64	123	46	53	18	29
ENSMUSG00000029502	286	512	238	333	39	47	33	27
ENSMUSG00000029503	486	422	302	288	74	82	91	76
ENSMUSG00000029504	29	23	56	79	5	1	3	7
ENSMUSG00000029505	83	157	194	132	34	22	37	22
ENSMUSG00000029507	38	21	45	40	7	5	13	7
ENSMUSG00000029510	39	17	23	23	3	2	4	1
ENSMUSG00000029512	59	72	97	48	14	3	8	11
ENSMUSG00000029513	47	44	50	50	4	8	1	6
ENSMUSG00000029516	52	23	40	36	2	1	1	2
ENSMUSG00000029517	128	134	150	142	1	10	14	10
ENSMUSG00000029518	261	178	243	192	37	32	20	1
ENSMUSG00000029521	13	19	28	30	3	3	3	5
ENSMUSG00000029522	225	270	326	278	48	70	54	78
ENSMUSG00000029524	150	164	134	140	7	10	22	17
ENSMUSG00000029526	63	63	50	36	2	4	4	1
ENSMUSG00000029528	115	97	171	112	18	9	14	25
ENSMUSG00000029530	149	97	158	202	15	14	23	28
ENSMUSG00000029534	21	31	21	33	0	4	0	3
ENSMUSG00000029535	103	119	34	35	6	4	2	3
ENSMUSG00000029536	392	204	330	207	32	32	25	24
ENSMUSG00000029538	73	39	71	62	13	8	9	19
ENSMUSG00000029541	62	109	105	134	9	6	7	13
ENSMUSG00000029544	192	352	165	561	23	17	9	2
ENSMUSG00000029545	37	55	32	36	2	2	6	1
ENSMUSG00000029546	59	62	68	41	38	29	6	22
ENSMUSG00000029547	96	81	83	82	14	6	7	11
ENSMUSG00000029550	70	64	49	79	2	3	7	12
ENSMUSG00000029551	23	16	27	14	6	7	7	6
ENSMUSG00000029552	38	56	22	29	5	4	3	9
ENSMUSG00000029553	956	852	655	614	69	81	52	61
ENSMUSG00000029554	125	96	76	75	15	39	34	34
ENSMUSG00000029556	168	218	264	137	45	28	35	27
ENSMUSG00000029557	1523	1757	2845	1612	339	275	160	240
ENSMUSG00000029559	156	242	186	249	6	21	32	37
ENSMUSG00000029560	44	95	109	90	19	5	8	4
ENSMUSG00000029561	437	412	290	171	29	54	50	81
ENSMUSG00000029563	40	50	31	31	14	2	10	10
ENSMUSG00000029564	16	6	32	26	1	2	0	2
ENSMUSG00000029569	232	257	337	500	115	158	114	126
ENSMUSG00000029570	62	60	33	25	5	5	4	4
ENSMUSG00000029571	209	143	118	183	18	21	17	22
ENSMUSG00000029575	42	30	33	41	3	7	5	5
ENSMUSG00000029576	153	210	223	384	31	22	17	28
ENSMUSG00000029577	74	99	104	124	8	18	5	19
ENSMUSG00000029578	179	243	302	380	15	32	22	37
ENSMUSG00000029580	61	106	87	96	8	5	2	6
ENSMUSG00000029581	422	260	466	366	23	27	38	41
ENSMUSG00000029586	255	132	100	119	38	22	33	29
ENSMUSG00000029587	63	69	18	25	7	9	2	4
ENSMUSG00000029591	150	123	144	120	13	16	10	17
ENSMUSG00000029592	61	91	82	56	8	10	11	8
ENSMUSG00000029594	709	523	625	653	44	57	51	30
ENSMUSG00000029595	12	7	11	18	2	0	0	1
ENSMUSG00000029596	34	76	54	61	10	5	11	6
ENSMUSG00000029597	38	21	28	29	13	11	15	7
ENSMUSG00000029598	254	219	336	249	36	39	30	21
ENSMUSG00000029599	153	111	101	70	30	47	34	30
ENSMUSG00000029600	588	606	602	561	67	38	68	67
ENSMUSG00000029601	56	35	66	50	11	12	12	11
ENSMUSG00000029602	18	26	28	31	4	5	8	7
ENSMUSG00000029603	319	447	403	219	22	27	30	19
ENSMUSG00000029605	714	841	635	521	77	57	53	96
ENSMUSG00000029607	374	394	364	429	46	49	46	57
ENSMUSG00000029608	18	34	26	26	5	7	4	5
ENSMUSG00000029610	747	403	520	366	79	62	38	59
ENSMUSG00000029613	185	224	329	609	28	26	80	75
ENSMUSG00000029614	57	55	182	139	21	8	12	13
ENSMUSG00000029616	191	166	176	256	42	41	58	27
ENSMUSG00000029617	103	144	71	83	7	17	10	20
ENSMUSG00000029618	37	99	118	85	23	22	26	5
ENSMUSG00000029620	68	86	108	81	12	4	22	12
ENSMUSG00000029621	30	59	91	65	18	14	15	24
ENSMUSG00000029622	70	37	87	75	6	5	7	11
ENSMUSG00000029623	239	315	144	226	48	49	27	39
ENSMUSG00000029624	3	2	3	4	1	0	1	3
ENSMUSG00000029625	243	123	56	104	17	25	5	15
ENSMUSG00000029627	123	44	97	74	6	7	12	4
ENSMUSG00000029629	1357	603	879	890	58	62	130	85
ENSMUSG00000029630	142	157	112	178	29	43	31	31
ENSMUSG00000029632	296	419	278	323	24	26	58	41
ENSMUSG00000029633	51	57	99	44	1	4	0	0
ENSMUSG00000029634	473	296	202	167	50	28	45	53
ENSMUSG00000029635	179	154	231	111	18	11	12	5
ENSMUSG00000029636	33	60	40	47	6	3	2	5
ENSMUSG00000029638	82	107	59	57	14	13	18	10
ENSMUSG00000029640	145	163	168	91	10	23	6	11
ENSMUSG00000029641	266	264	248	166	112	107	52	45
ENSMUSG00000029642	141	116	117	93	5	6	7	2
ENSMUSG00000029644	57	39	87	78	4	5	7	6
ENSMUSG00000029646	74	81	56	36	3	3	1	4
ENSMUSG00000029647	104	75	100	103	16	17	13	17
ENSMUSG00000029648	1018	828	832	772	93	72	115	104
ENSMUSG00000029649	72	48	45	32	5	10	3	7
ENSMUSG00000029650	61	59	48	72	14	12	7	6
ENSMUSG00000029651	148	182	410	152	62	31	51	56
ENSMUSG00000029655	700	548	734	965	50	58	48	147
ENSMUSG00000029656	49	54	64	42	14	11	1	5
ENSMUSG00000029657	1352	732	1197	1768	73	137	110	122
ENSMUSG00000029658	528	321	777	276	82	60	44	22
ENSMUSG00000029659	96	120	145	72	13	10	9	11
ENSMUSG00000029660	378	497	543	270	72	50	58	67
ENSMUSG00000029661	145	102	86	112	11	11	22	10
ENSMUSG00000029663	59	31	66	75	5	4	9	6
ENSMUSG00000029664	200	143	96	120	16	13	7	12
ENSMUSG00000029669	64	63	87	64	8	4	5	4
ENSMUSG00000029670	91	121	90	104	5	12	13	15
ENSMUSG00000029671	98	53	71	71	6	7	5	5
ENSMUSG00000029672	74	51	31	40	5	13	4	6
ENSMUSG00000029673	340	432	123	300	41	37	87	40
ENSMUSG00000029674	103	59	36	68	6	9	7	11
ENSMUSG00000029675	2713	1706	1725	2234	308	232	105	131
ENSMUSG00000029676	43	107	99	82	15	12	12	20
ENSMUSG00000029678	122	77	88	115	3	5	5	5
ENSMUSG00000029679	92	100	98	97	60	14	13	19
ENSMUSG00000029680	115	137	87	159	20	42	61	46
ENSMUSG00000029681	180	254	199	145	26	11	5	8
ENSMUSG00000029682	694	905	1556	1208	39	42	78	131
ENSMUSG00000029683	84	137	103	107	7	8	4	6
ENSMUSG00000029684	60	57	56	36	14	19	19	12
ENSMUSG00000029685	36	44	69	123	6	8	2	7
ENSMUSG00000029686	145	127	157	152	16	6	12	12
ENSMUSG00000029687	63	61	270	179	13	10	19	25
ENSMUSG00000029695	11	22	8	18	3	3	1	0
ENSMUSG00000029697	17	8	13	7	2	3	5	2
ENSMUSG00000029699	320	398	350	456	95	36	96	56
ENSMUSG00000029700	73	93	76	91	20	13	31	17
ENSMUSG00000029701	294	136	185	267	18	40	45	24
ENSMUSG00000029703	58	49	39	56	6	4	1	2
ENSMUSG00000029705	377	307	307	235	39	35	53	48
ENSMUSG00000029706	101	84	41	28	8	6	2	7
ENSMUSG00000029707	157	445	389	263	48	40	67	93
ENSMUSG00000029708	52	24	68	57	26	22	5	12
ENSMUSG00000029710	48	40	45	29	4	9	1	9
ENSMUSG00000029711	108	62	133	130	19	14	22	21
ENSMUSG00000029712	45	53	52	61	3	6	4	3
ENSMUSG00000029713	135	349	331	404	44	44	47	47
ENSMUSG00000029714	23	30	18	9	1	3	5	2
ENSMUSG00000029715	78	126	65	123	11	27	23	17
ENSMUSG00000029716	430	421	626	970	52	84	71	53
ENSMUSG00000029718	324	431	470	253	64	73	21	40
ENSMUSG00000029720	161	247	181	192	17	18	56	62
ENSMUSG00000029722	454	317	311	204	55	102	75	100
ENSMUSG00000029723	458	254	387	278	48	44	43	17
ENSMUSG00000029725	148	158	166	111	23	24	10	21
ENSMUSG00000029726	164	145	170	189	25	22	22	27
ENSMUSG00000029727	112	135	102	127	14	14	9	14
ENSMUSG00000029729	479	222	340	320	71	28	36	16
ENSMUSG00000029730	89	74	83	80	18	15	22	21
ENSMUSG00000029735	138	113	145	201	10	14	9	8
ENSMUSG00000029736	92	108	283	262	96	24	47	76
ENSMUSG00000029752	29	48	48	44	2	6	1	4
ENSMUSG00000029754	143	95	104	174	23	12	42	27
ENSMUSG00000029755	742	635	986	724	54	103	54	83
ENSMUSG00000029757	374	314	195	148	96	103	26	75
ENSMUSG00000029759	135	202	173	134	19	27	42	14
ENSMUSG00000029761	247	195	396	397	19	18	35	34
ENSMUSG00000029762	167	149	133	119	13	17	41	63
ENSMUSG00000029763	60	59	36	61	5	4	8	20
ENSMUSG00000029765	345	242	158	299	27	24	26	29
ENSMUSG00000029766	153	231	172	240	10	11	6	8
ENSMUSG00000029767	88	95	78	102	9	8	5	12
ENSMUSG00000029769	29	34	19	48	2	4	6	10
ENSMUSG00000029771	27	32	66	49	0	2	3	2
ENSMUSG00000029772	52	92	31	57	6	3	6	12
ENSMUSG00000029775	83	184	454	631	31	11	51	13
ENSMUSG00000029776	620	588	434	271	64	77	57	86
ENSMUSG00000029777	897	716	658	898	340	561	282	380
ENSMUSG00000029778	13	8	5	9	0	2	0	1
ENSMUSG00000029780	70	87	102	74	11	15	7	6
ENSMUSG00000029781	225	150	184	257	22	35	28	20
ENSMUSG00000029782	29	31	36	59	0	1	4	1
ENSMUSG00000029784	431	537	1493	967	42	25	83	143
ENSMUSG00000029787	72	125	146	129	28	24	21	9
ENSMUSG00000029788	117	89	136	115	18	7	20	27
ENSMUSG00000029790	505	213	476	205	45	46	32	26
ENSMUSG00000029797	138	212	65	46	15	32	1	2
ENSMUSG00000029798	93	132	80	89	13	14	11	11
ENSMUSG00000029802	98	75	100	94	4	4	7	14
ENSMUSG00000029804	302	1117	787	798	110	107	52	68
ENSMUSG00000029810	51	85	106	112	13	9	8	5
ENSMUSG00000029811	329	243	296	295	75	68	57	40
ENSMUSG00000029813	83	72	136	81	18	12	35	13
ENSMUSG00000029814	48	62	70	116	5	1	10	13
ENSMUSG00000029815	66	33	65	41	8	10	11	14
ENSMUSG00000029816	288	244	242	207	21	12	15	22
ENSMUSG00000029817	38	121	99	85	24	12	3	4
ENSMUSG00000029819	171	97	135	159	12	16	15	11
ENSMUSG00000029821	449	839	241	753	63	39	37	25
ENSMUSG00000029822	212	183	86	114	9	6	11	15
ENSMUSG00000029823	637	668	458	530	41	36	59	54
ENSMUSG00000029826	204	118	211	121	5	5	11	7
ENSMUSG00000029828	293	231	124	121	17	15	7	0
ENSMUSG00000029829	861	903	503	1590	162	115	192	159
ENSMUSG00000029830	106	134	77	100	8	6	7	7
ENSMUSG00000029831	339	361	228	475	39	57	26	18
ENSMUSG00000029832	57	119	43	78	20	12	4	5
ENSMUSG00000029833	220	224	281	181	22	20	26	23
ENSMUSG00000029836	20	26	20	6	1	2	3	0
ENSMUSG00000029837	348	596	1639	511	53	27	96	60
ENSMUSG00000029838	59	83	189	141	18	11	21	30
ENSMUSG00000029840	93	117	34	91	4	10	1	5
ENSMUSG00000029843	177	117	104	251	3	8	9	5
ENSMUSG00000029844	69	57	25	37	6	6	0	5
ENSMUSG00000029847	163	198	369	214	15	8	39	35
ENSMUSG00000029848	123	171	116	108	30	39	67	58
ENSMUSG00000029851	65	34	151	72	10	7	13	16
ENSMUSG00000029859	175	186	261	159	42	50	30	31
ENSMUSG00000029860	100	65	53	80	13	20	6	8
ENSMUSG00000029861	165	80	175	157	13	16	11	17
ENSMUSG00000029862	267	130	220	144	14	20	27	12
ENSMUSG00000029863	66	61	153	133	42	48	42	35
ENSMUSG00000029864	226	125	77	91	33	22	31	20
ENSMUSG00000029865	257	235	137	245	13	61	51	82
ENSMUSG00000029866	155	104	495	470	23	12	93	83
ENSMUSG00000029867	528	595	496	491	105	95	82	88
ENSMUSG00000029868	231	231	239	166	34	32	26	28
ENSMUSG00000029869	52	55	62	46	4	7	18	10
ENSMUSG00000029875	115	127	171	145	20	11	22	8
ENSMUSG00000029878	113	138	115	157	24	33	33	43
ENSMUSG00000029882	246	206	407	245	33	19	29	14
ENSMUSG00000029883	166	189	78	89	4	4	7	5
ENSMUSG00000029885	94	57	83	83	10	8	12	3
ENSMUSG00000029909	65	57	43	101	14	6	4	6
ENSMUSG00000029910	887	1197	817	367	67	69	64	39
ENSMUSG00000029911	35	36	25	18	5	14	0	0
ENSMUSG00000029913	137	54	116	89	6	6	8	22
ENSMUSG00000029915	508	717	168	204	62	58	34	24
ENSMUSG00000029916	71	75	79	52	6	5	11	3
ENSMUSG00000029917	46	39	24	27	1	3	2	12
ENSMUSG00000029918	59	89	54	64	10	15	10	13
ENSMUSG00000029919	58	105	156	79	13	9	14	8
ENSMUSG00000029920	32	44	17	32	0	3	4	2
ENSMUSG00000029922	958	1786	2012	3630	110	91	105	328
ENSMUSG00000029923	40	38	47	69	4	11	16	20
ENSMUSG00000029924	114	103	259	153	25	4	18	19
ENSMUSG00000029925	32	26	32	33	4	6	14	8
ENSMUSG00000029992	44	49	45	47	12	5	20	11
ENSMUSG00000029993	121	160	229	195	32	34	30	24
ENSMUSG00000029994	58	52	69	22	6	9	13	10
ENSMUSG00000029998	87	183	94	139	22	17	20	19
ENSMUSG00000029999	192	118	132	136	4	1	18	18
ENSMUSG00000030000	86	89	75	88	24	17	14	8
ENSMUSG00000030001	331	243	155	206	51	34	25	37
ENSMUSG00000030002	82	132	84	92	15	15	12	23
ENSMUSG00000030004	31	47	28	54	7	13	19	9
ENSMUSG00000030007	250	372	309	192	42	31	60	106
ENSMUSG00000030008	112	81	286	316	19	21	38	46
ENSMUSG00000030016	25	25	12	12	1	2	0	1
ENSMUSG00000030017	291	227	450	329	36	28	37	36
ENSMUSG00000030019	370	266	270	249	31	34	13	17
ENSMUSG00000030020	70	60	129	62	20	17	13	17
ENSMUSG00000030022	191	228	156	353	33	49	41	59
ENSMUSG00000030029	75	56	91	65	0	1	4	4
ENSMUSG00000030030	23	21	19	33	3	2	0	2
ENSMUSG00000030031	291	212	189	238	15	21	22	27
ENSMUSG00000030032	435	508	308	581	69	62	96	48
ENSMUSG00000030034	160	205	223	133	29	32	10	9
ENSMUSG00000030035	168	224	160	293	10	11	14	8
ENSMUSG00000030036	511	544	380	631	19	30	28	13
ENSMUSG00000030037	241	222	241	252	19	22	37	33
ENSMUSG00000030041	195	138	180	243	33	41	48	31
ENSMUSG00000030042	24	32	15	37	2	2	1	1
ENSMUSG00000030043	113	114	121	87	4	13	6	12
ENSMUSG00000030045	87	52	55	73	9	1	0	2
ENSMUSG00000030046	1	5	7	5	0	1	0	0
ENSMUSG00000030047	414	431	134	288	127	157	57	70
ENSMUSG00000030048	33	50	46	33	1	1	2	4
ENSMUSG00000030049	135	104	105	130	15	25	14	23
ENSMUSG00000030050	376	520	380	231	25	38	45	28
ENSMUSG00000030051	21	19	47	25	7	3	3	4
ENSMUSG00000030054	224	334	390	281	46	37	39	59
ENSMUSG00000030055	328	199	266	233	14	32	19	14
ENSMUSG00000030056	36	50	40	46	1	1	4	3
ENSMUSG00000030057	31	36	35	31	9	6	4	3
ENSMUSG00000030058	23	29	33	45	8	2	9	4
ENSMUSG00000030059	70	104	93	82	6	10	3	6
ENSMUSG00000030060	64	106	77	42	4	5	8	12
ENSMUSG00000030061	358	568	108	143	21	31	27	8
ENSMUSG00000030062	13	35	16	16	1	2	3	1
ENSMUSG00000030064	149	154	167	86	24	8	27	26
ENSMUSG00000030067	84	125	131	104	11	14	33	12
ENSMUSG00000030068	107	156	164	101	7	13	8	17
ENSMUSG00000030069	200	188	328	301	13	13	22	14
ENSMUSG00000030074	86	89	92	105	10	22	17	21
ENSMUSG00000030075	85	101	111	74	20	10	10	22
ENSMUSG00000030077	216	276	275	309	30	34	26	23
ENSMUSG00000030079	37	42	69	60	4	4	9	24
ENSMUSG00000030082	104	196	272	189	20	28	5	7
ENSMUSG00000030083	201	63	72	114	30	21	23	24
ENSMUSG00000030084	37	96	51	33	4	10	5	10
ENSMUSG00000030086	291	259	438	152	44	23	29	19
ENSMUSG00000030087	177	156	68	112	36	18	19	24
ENSMUSG00000030088	175	98	44	50	7	8	6	5
ENSMUSG00000030089	35	34	50	26	10	5	5	6
ENSMUSG00000030091	1237	609	953	863	69	172	150	138
ENSMUSG00000030092	579	290	351	206	21	15	3	8
ENSMUSG00000030093	87	85	133	73	13	11	16	16
ENSMUSG00000030094	109	172	103	138	11	14	22	11
ENSMUSG00000030095	219	241	254	294	24	44	52	45
ENSMUSG00000030096	394	468	294	386	29	16	25	20
ENSMUSG00000030098	33	22	14	19	2	1	0	0
ENSMUSG00000030101	30	33	20	28	4	3	4	3
ENSMUSG00000030102	220	176	157	146	22	16	23	22
ENSMUSG00000030103	18	13	16	19	1	2	2	1
ENSMUSG00000030104	999	1016	782	1264	110	205	136	158
ENSMUSG00000030105	124	86	101	98	24	8	16	12
ENSMUSG00000030107	68	87	48	53	3	8	1	3
ENSMUSG00000030108	99	47	67	69	3	5	8	15
ENSMUSG00000030109	174	200	194	152	13	17	15	12
ENSMUSG00000030110	432	231	331	307	18	35	18	30
ENSMUSG00000030111	186	128	189	182	22	11	31	16
ENSMUSG00000030114	30	35	58	48	8	10	33	46
ENSMUSG00000030116	212	592	288	379	51	65	76	70
ENSMUSG00000030117	52	97	28	32	15	10	15	15
ENSMUSG00000030120	106	62	113	117	3	4	4	4
ENSMUSG00000030122	124	271	169	233	39	9	25	30
ENSMUSG00000030123	103	63	77	101	9	12	8	3
ENSMUSG00000030124	42	35	77	37	9	21	13	21
ENSMUSG00000030125	38	46	39	52	2	5	1	6
ENSMUSG00000030126	521	269	290	347	61	49	61	67
ENSMUSG00000030127	157	197	353	424	40	28	32	16
ENSMUSG00000030131	84	159	132	156	28	40	26	20
ENSMUSG00000030134	360	192	270	353	117	54	69	73
ENSMUSG00000030137	190	188	50	73	17	9	8	24
ENSMUSG00000030138	361	295	522	602	55	53	175	118
ENSMUSG00000030142	72	32	70	74	7	8	4	12
ENSMUSG00000030143	16	33	26	35	4	1	0	0
ENSMUSG00000030144	37	21	16	9	1	1	1	0
ENSMUSG00000030145	89	90	112	208	11	9	21	39
ENSMUSG00000030147	215	240	270	240	51	26	37	30
ENSMUSG00000030148	177	198	243	157	11	5	13	15
ENSMUSG00000030149	600	1010	895	707	111	80	254	231
ENSMUSG00000030154	135	146	119	147	9	14	22	17
ENSMUSG00000030155	24	23	28	38	4	6	2	0
ENSMUSG00000030156	210	188	155	103	28	6	11	20
ENSMUSG00000030157	114	132	81	94	23	67	29	22
ENSMUSG00000030158	195	188	192	183	37	24	35	33
ENSMUSG00000030159	539	345	602	547	69	35	99	51
ENSMUSG00000030160	147	89	173	271	27	10	21	32
ENSMUSG00000030161	408	135	603	424	22	59	126	83
ENSMUSG00000030162	323	142	187	135	10	12	4	2
ENSMUSG00000030165	20	23	30	34	2	1	14	5
ENSMUSG00000030166	46	111	29	37	9	5	6	6
ENSMUSG00000030167	119	73	59	113	25	19	23	23
ENSMUSG00000030168	9	16	10	7	0	2	1	0
ENSMUSG00000030170	78	34	35	70	5	6	4	8
ENSMUSG00000030172	49	46	33	41	9	6	4	6
ENSMUSG00000030173	78	131	95	137	34	34	38	38
ENSMUSG00000030177	15	27	31	25	5	9	4	3
ENSMUSG00000030178	159	353	147	263	32	34	31	44
ENSMUSG00000030180	697	650	1045	705	102	102	110	39
ENSMUSG00000030187	11	10	9	8	1	0	3	4
ENSMUSG00000030188	95	144	254	196	18	4	42	37
ENSMUSG00000030189	642	606	813	942	50	43	122	69
ENSMUSG00000030194	109	98	133	143	6	10	6	10
ENSMUSG00000030196	157	114	103	158	17	16	8	10
ENSMUSG00000030199	140	173	142	207	20	18	32	42
ENSMUSG00000030200	158	102	71	102	8	5	3	9
ENSMUSG00000030201	57	60	49	79	4	11	4	10
ENSMUSG00000030203	55	43	110	71	2	9	10	7
ENSMUSG00000030204	69	110	120	106	21	28	21	18
ENSMUSG00000030205	200	148	160	166	9	11	8	15
ENSMUSG00000030206	329	310	253	254	61	71	118	124
ENSMUSG00000030207	113	171	93	56	24	26	11	8
ENSMUSG00000030208	81	46	52	44	10	3	8	9
ENSMUSG00000030209	46	46	60	35	4	0	5	8
ENSMUSG00000030213	56	30	62	35	8	10	9	8
ENSMUSG00000030214	102	101	107	57	8	4	1	2
ENSMUSG00000030216	321	424	1163	739	88	57	243	118
ENSMUSG00000030217	129	166	257	239	4	10	10	7
ENSMUSG00000030218	455	650	562	592	28	30	29	55
ENSMUSG00000030219	54	76	164	165	13	6	20	25
ENSMUSG00000030220	539	505	375	334	87	113	75	53
ENSMUSG00000030222	63	46	27	33	3	4	6	1
ENSMUSG00000030223	104	87	98	39	5	7	8	7
ENSMUSG00000030224	112	77	63	54	31	15	16	18
ENSMUSG00000030225	99	63	133	124	17	14	33	19
ENSMUSG00000030226	24	29	26	26	2	0	2	0
ENSMUSG00000030228	181	102	128	121	30	24	16	27
ENSMUSG00000030230	40	58	74	60	7	5	7	6
ENSMUSG00000030231	115	221	177	204	11	59	27	9
ENSMUSG00000030232	118	134	181	176	21	25	35	19
ENSMUSG00000030235	366	270	121	124	27	26	12	12
ENSMUSG00000030236	173	199	200	80	37	12	29	41
ENSMUSG00000030237	7	4	8	5	4	1	0	0
ENSMUSG00000030243	118	70	121	117	6	8	6	7
ENSMUSG00000030244	455	183	459	334	33	16	12	25
ENSMUSG00000030245	1315	1155	823	1425	149	104	117	167
ENSMUSG00000030246	40	46	47	56	6	8	4	9
ENSMUSG00000030247	95	151	97	79	8	8	12	9
ENSMUSG00000030249	587	337	398	373	53	79	87	111
ENSMUSG00000030254	3231	1635	2226	2148	293	262	194	204
ENSMUSG00000030255	204	160	419	450	28	37	61	23
ENSMUSG00000030256	65	76	68	30	42	27	8	9
ENSMUSG00000030257	303	227	200	265	31	52	112	109
ENSMUSG00000030259	227	286	299	233	26	16	33	52
ENSMUSG00000030263	43	10	47	30	2	4	5	9
ENSMUSG00000030264	84	108	100	48	8	5	4	5
ENSMUSG00000030265	51	47	89	29	7	19	5	9
ENSMUSG00000030268	280	304	404	363	30	37	46	73
ENSMUSG00000030269	18	9	13	26	8	9	7	3
ENSMUSG00000030270	42	59	86	54	1	1	0	5
ENSMUSG00000030271	164	129	118	82	36	62	59	56
ENSMUSG00000030272	99	65	61	44	7	6	23	11
ENSMUSG00000030275	15	10	19	10	6	2	4	4
ENSMUSG00000030276	88	47	60	59	8	9	5	5
ENSMUSG00000030278	210	72	91	113	6	7	8	15
ENSMUSG00000030279	102	75	74	154	14	31	18	37
ENSMUSG00000030281	629	524	734	855	130	72	158	66
ENSMUSG00000030282	84	91	102	96	6	8	9	23
ENSMUSG00000030283	382	168	626	468	15	20	41	23
ENSMUSG00000030284	205	105	138	143	1	3	4	5
ENSMUSG00000030286	54	66	82	132	3	2	4	1
ENSMUSG00000030287	64	57	83	48	11	9	8	8
ENSMUSG00000030291	411	430	176	74	7	9	6	8
ENSMUSG00000030292	140	205	92	121	8	8	9	7
ENSMUSG00000030298	23	24	22	26	6	3	0	1
ENSMUSG00000030301	213	117	91	112	19	27	6	8
ENSMUSG00000030302	21	16	20	10	0	1	2	0
ENSMUSG00000030303	50	41	79	25	4	5	16	6
ENSMUSG00000030304	499	437	492	515	82	101	62	81
ENSMUSG00000030306	20	20	35	29	3	2	0	1
ENSMUSG00000030307	286	522	233	529	31	27	62	79
ENSMUSG00000030309	485	284	280	389	87	92	110	109
ENSMUSG00000030310	419	428	626	878	48	84	153	131
ENSMUSG00000030313	30	75	25	35	5	6	4	4
ENSMUSG00000030314	61	45	48	43	3	2	1	4
ENSMUSG00000030315	239	289	304	252	18	39	26	27
ENSMUSG00000030316	192	363	339	325	21	35	35	46
ENSMUSG00000030317	992	816	605	1463	170	166	140	148
ENSMUSG00000030319	157	166	153	144	5	3	10	7
ENSMUSG00000030321	16	36	65	73	0	1	10	8
ENSMUSG00000030322	333	152	95	94	12	20	6	3
ENSMUSG00000030323	196	248	114	305	61	44	54	47
ENSMUSG00000030324	105	134	113	218	22	56	26	21
ENSMUSG00000030325	19	24	7	14	5	2	1	6
ENSMUSG00000030327	417	306	500	167	114	82	113	106
ENSMUSG00000030329	134	121	281	136	15	18	23	18
ENSMUSG00000030330	91	140	267	254	11	25	16	18
ENSMUSG00000030335	15	28	20	35	8	1	3	1
ENSMUSG00000030336	34	30	47	43	8	6	14	20
ENSMUSG00000030337	4	8	5	7	3	0	1	0
ENSMUSG00000030339	111	111	148	163	11	12	12	10
ENSMUSG00000030340	4	2	5	3	2	0	0	0
ENSMUSG00000030341	116	211	110	235	40	30	25	50
ENSMUSG00000030342	253	546	513	568	42	45	33	28
ENSMUSG00000030344	95	77	91	75	8	26	9	28
ENSMUSG00000030345	179	190	106	65	12	27	16	24
ENSMUSG00000030346	151	105	136	152	19	9	7	10
ENSMUSG00000030347	116	123	118	127	10	7	2	13
ENSMUSG00000030350	124	81	98	126	34	44	19	50
ENSMUSG00000030351	176	144	188	179	14	29	9	6
ENSMUSG00000030352	31	66	31	31	11	12	16	12
ENSMUSG00000030353	446	297	439	333	17	18	24	17
ENSMUSG00000030357	86	123	131	110	16	11	3	11
ENSMUSG00000030359	818	896	981	733	95	64	57	89
ENSMUSG00000030361	57	88	47	56	7	4	10	10
ENSMUSG00000030363	230	228	193	295	17	21	18	27
ENSMUSG00000030364	233	188	124	139	20	17	41	34
ENSMUSG00000030365	46	38	42	37	8	9	4	10
ENSMUSG00000030366	240	236	228	112	45	19	36	29
ENSMUSG00000030368	217	90	72	97	13	8	11	9
ENSMUSG00000030373	140	134	122	135	30	49	43	23
ENSMUSG00000030374	63	29	58	33	8	8	5	7
ENSMUSG00000030376	23	32	33	19	9	13	24	25
ENSMUSG00000030378	769	793	1163	1577	108	113	154	63
ENSMUSG00000030380	413	442	203	426	126	141	20	60
ENSMUSG00000030382	10	16	21	19	0	1	3	1
ENSMUSG00000030385	9	19	16	14	0	3	3	2
ENSMUSG00000030386	98	48	47	48	4	5	10	9
ENSMUSG00000030393	351	301	264	437	78	47	92	131
ENSMUSG00000030397	24	26	22	43	10	14	8	6
ENSMUSG00000030399	258	212	239	227	41	16	31	31
ENSMUSG00000030400	52	44	94	44	3	15	2	1
ENSMUSG00000030401	362	343	232	178	91	55	20	9
ENSMUSG00000030402	136	139	145	123	6	8	8	4
ENSMUSG00000030403	161	136	218	336	20	40	42	99
ENSMUSG00000030406	29	37	37	7	1	0	3	2
ENSMUSG00000030407	111	111	62	160	4	9	27	3
ENSMUSG00000030409	149	141	94	300	21	11	17	29
ENSMUSG00000030410	146	160	156	111	9	11	32	23
ENSMUSG00000030411	63	108	111	92	26	19	25	20
ENSMUSG00000030413	387	276	316	435	25	22	39	20
ENSMUSG00000030417	395	271	392	422	15	22	37	11
ENSMUSG00000030421	122	119	136	94	24	35	22	42
ENSMUSG00000030423	162	195	186	337	10	16	11	17
ENSMUSG00000030424	59	81	82	205	15	5	10	3
ENSMUSG00000030427	76	133	139	94	15	8	23	20
ENSMUSG00000030428	15	26	41	30	2	3	6	4
ENSMUSG00000030431	315	146	406	342	17	5	20	10
ENSMUSG00000030432	105	73	43	65	14	6	10	12
ENSMUSG00000030433	112	146	99	109	17	14	15	9
ENSMUSG00000030435	513	535	348	435	110	104	160	84
ENSMUSG00000030443	185	345	301	386	22	57	37	35
ENSMUSG00000030446	54	54	49	52	8	6	4	3
ENSMUSG00000030447	167	88	49	79	20	30	32	20
ENSMUSG00000030450	70	109	51	89	7	4	2	9
ENSMUSG00000030451	303	243	242	376	25	37	52	21
ENSMUSG00000030452	55	51	49	53	9	30	25	16
ENSMUSG00000030463	270	301	172	257	36	53	54	95
ENSMUSG00000030465	122	97	124	186	10	13	37	25
ENSMUSG00000030468	65	74	81	82	3	15	12	11
ENSMUSG00000030469	718	672	458	930	125	127	60	91
ENSMUSG00000030470	302	265	398	634	38	29	77	62
ENSMUSG00000030471	35	44	41	47	6	2	12	7
ENSMUSG00000030472	108	171	170	148	24	12	15	17
ENSMUSG00000030474	90	94	74	38	19	8	23	18
ENSMUSG00000030483	92	152	164	81	16	28	10	25
ENSMUSG00000030484	23	27	46	31	2	3	3	0
ENSMUSG00000030486	45	58	67	83	5	3	3	5
ENSMUSG00000030491	31	38	55	59	2	2	3	3
ENSMUSG00000030492	210	120	344	214	11	15	21	27
ENSMUSG00000030493	24	17	24	36	1	3	4	3
ENSMUSG00000030494	141	211	101	168	24	29	26	28
ENSMUSG00000030495	52	30	47	45	4	4	9	6
ENSMUSG00000030498	598	486	329	325	58	66	41	65
ENSMUSG00000030499	34	63	52	21	11	3	2	6
ENSMUSG00000030500	35	25	35	18	0	1	1	1
ENSMUSG00000030505	15	20	36	16	3	0	3	0
ENSMUSG00000030507	308	709	454	487	33	28	42	67
ENSMUSG00000030509	27	31	23	45	2	4	3	0
ENSMUSG00000030510	217	180	294	472	15	15	23	38
ENSMUSG00000030512	54	73	64	85	5	8	1	5
ENSMUSG00000030513	84	151	295	241	14	19	39	59
ENSMUSG00000030515	96	63	49	71	5	12	12	6
ENSMUSG00000030516	48	38	94	129	2	5	4	13
ENSMUSG00000030518	214	260	206	199	15	15	27	35
ENSMUSG00000030519	40	63	47	83	17	4	6	11
ENSMUSG00000030521	76	80	54	47	29	10	34	38
ENSMUSG00000030522	37	24	25	33	2	2	2	3
ENSMUSG00000030523	69	78	78	71	5	4	4	3
ENSMUSG00000030525	134	91	178	153	28	56	39	34
ENSMUSG00000030527	128	226	198	231	36	22	27	33
ENSMUSG00000030528	51	42	67	75	12	5	1	5
ENSMUSG00000030530	231	202	862	395	23	30	31	71
ENSMUSG00000030532	135	198	266	188	14	12	19	10
ENSMUSG00000030533	207	187	262	124	29	16	19	29
ENSMUSG00000030534	85	82	77	32	11	7	10	11
ENSMUSG00000030536	104	134	172	234	4	9	15	15
ENSMUSG00000030538	79	75	86	47	3	1	1	5
ENSMUSG00000030539	15	22	23	31	2	1	2	2
ENSMUSG00000030541	330	142	220	197	46	67	41	35
ENSMUSG00000030543	408	498	282	640	26	19	30	30
ENSMUSG00000030544	112	47	66	123	19	20	9	13
ENSMUSG00000030545	133	93	97	92	25	13	7	25
ENSMUSG00000030546	146	211	237	363	52	27	56	21
ENSMUSG00000030549	140	161	144	111	2	15	24	5
ENSMUSG00000030551	253	299	184	671	55	55	48	38
ENSMUSG00000030553	282	423	611	481	27	24	68	58
ENSMUSG00000030554	433	581	317	265	77	98	81	83
ENSMUSG00000030555	86	79	352	151	8	9	24	28
ENSMUSG00000030556	137	119	151	106	19	17	45	30
ENSMUSG00000030557	23	20	26	45	1	3	4	1
ENSMUSG00000030559	180	107	339	330	3	3	12	18
ENSMUSG00000030560	191	112	215	110	7	6	3	7
ENSMUSG00000030562	220	134	228	382	15	26	27	11
ENSMUSG00000030577	114	54	66	71	7	9	3	8
ENSMUSG00000030579	47	49	40	26	4	2	3	9
ENSMUSG00000030583	10	10	17	18	6	2	1	0
ENSMUSG00000030584	354	256	329	358	29	22	49	25
ENSMUSG00000030587	239	278	137	188	10	13	23	51
ENSMUSG00000030588	77	69	118	54	7	6	7	4
ENSMUSG00000030589	523	566	409	311	41	28	59	74
ENSMUSG00000030590	470	393	590	538	44	40	74	145
ENSMUSG00000030591	392	348	280	265	15	23	30	16
ENSMUSG00000030592	247	481	414	242	32	28	23	22
ENSMUSG00000030595	96	56	47	33	10	12	8	5
ENSMUSG00000030598	184	234	202	96	27	39	34	25
ENSMUSG00000030600	430	244	213	456	30	63	20	33
ENSMUSG00000030602	42	62	92	77	1	7	5	8
ENSMUSG00000030603	320	412	111	279	46	25	16	17
ENSMUSG00000030604	607	215	347	379	76	64	66	45
ENSMUSG00000030605	29	24	23	52	7	2	5	6
ENSMUSG00000030606	190	254	199	257	20	19	26	10
ENSMUSG00000030607	11	32	35	51	5	3	4	2
ENSMUSG00000030609	94	140	327	371	23	23	52	31
ENSMUSG00000030610	481	704	377	562	41	111	46	67
ENSMUSG00000030611	228	180	103	107	14	25	37	13
ENSMUSG00000030612	287	312	320	205	11	30	18	20
ENSMUSG00000030613	167	181	137	249	21	15	41	33
ENSMUSG00000030614	210	205	221	265	32	23	34	32
ENSMUSG00000030615	113	192	237	263	14	50	25	24
ENSMUSG00000030616	31	45	54	71	1	2	8	0
ENSMUSG00000030617	141	258	184	175	14	35	18	17
ENSMUSG00000030619	74	91	88	83	4	5	2	3
ENSMUSG00000030621	1818	854	1452	1328	95	43	96	92
ENSMUSG00000030623	107	96	59	55	10	8	9	11
ENSMUSG00000030629	153	132	54	138	21	17	16	7
ENSMUSG00000030630	41	34	76	36	11	11	3	7
ENSMUSG00000030636	319	197	129	277	35	23	32	22
ENSMUSG00000030638	242	224	568	1228	43	67	53	181
ENSMUSG00000030641	32	31	17	20	5	2	1	5
ENSMUSG00000030643	68	76	42	61	16	5	7	11
ENSMUSG00000030647	844	858	403	591	124	137	76	96
ENSMUSG00000030649	1510	2522	1691	1044	131	182	71	58
ENSMUSG00000030650	162	151	166	216	29	35	39	15
ENSMUSG00000030651	287	355	242	215	19	22	25	22
ENSMUSG00000030652	125	206	161	78	28	32	19	33
ENSMUSG00000030653	101	74	113	155	12	29	19	17
ENSMUSG00000030654	31	38	49	42	0	0	4	1
ENSMUSG00000030655	161	124	188	359	39	22	33	48
ENSMUSG00000030657	30	44	45	53	0	2	4	4
ENSMUSG00000030659	174	190	152	243	31	22	41	30
ENSMUSG00000030660	72	21	44	71	8	10	10	4
ENSMUSG00000030662	487	339	228	248	20	29	11	27
ENSMUSG00000030663	332	229	166	185	55	37	40	34
ENSMUSG00000030664	190	417	280	175	9	35	27	21
ENSMUSG00000030666	230	197	186	304	26	17	17	25
ENSMUSG00000030669	94	76	25	20	6	8	1	7
ENSMUSG00000030670	15	17	20	12	2	11	12	9
ENSMUSG00000030671	250	242	225	210	22	28	47	32
ENSMUSG00000030672	1216	1278	1390	1394	222	204	270	137
ENSMUSG00000030674	130	111	262	105	22	16	24	12
ENSMUSG00000030677	460	972	245	345	86	66	28	36
ENSMUSG00000030678	270	292	200	194	43	46	81	60
ENSMUSG00000030680	434	370	782	710	38	25	94	42
ENSMUSG00000030681	32	14	12	17	3	0	1	0
ENSMUSG00000030682	197	224	222	246	43	88	60	93
ENSMUSG00000030683	41	60	27	35	10	5	6	4
ENSMUSG00000030685	25	20	40	31	6	4	0	4
ENSMUSG00000030688	140	122	286	433	27	21	33	51
ENSMUSG00000030689	15	23	24	19	0	2	2	1
ENSMUSG00000030691	68	71	112	45	2	7	9	5
ENSMUSG00000030693	52	63	73	77	8	4	5	7
ENSMUSG00000030695	514	496	374	349	116	44	113	98
ENSMUSG00000030697	63	64	147	118	13	14	6	18
ENSMUSG00000030699	471	937	554	845	72	49	44	69
ENSMUSG00000030701	293	269	397	319	61	49	55	42
ENSMUSG00000030703	83	72	87	79	21	8	19	19
ENSMUSG00000030704	85	105	39	110	13	19	24	26
ENSMUSG00000030706	125	276	134	207	9	19	11	26
ENSMUSG00000030707	149	192	113	144	11	23	16	17
ENSMUSG00000030708	364	341	667	428	50	59	70	113
ENSMUSG00000030711	235	332	342	191	21	21	22	25
ENSMUSG00000030713	306	476	322	308	6	14	56	13
ENSMUSG00000030714	33	24	51	46	4	1	8	2
ENSMUSG00000030717	128	165	115	71	21	14	2	5
ENSMUSG00000030718	84	88	173	332	3	8	22	42
ENSMUSG00000030720	554	454	308	331	26	33	53	39
ENSMUSG00000030722	129	144	133	91	36	18	19	8
ENSMUSG00000030724	47	44	33	50	8	4	9	2
ENSMUSG00000030725	194	197	134	107	11	12	7	8
ENSMUSG00000030726	68	37	26	53	3	5	19	5
ENSMUSG00000030727	137	135	212	121	9	6	20	12
ENSMUSG00000030729	47	66	67	72	1	5	3	12
ENSMUSG00000030730	20	6	17	15	3	1	0	1
ENSMUSG00000030731	11	15	15	11	0	0	1	2
ENSMUSG00000030732	121	44	72	58	18	5	32	6
ENSMUSG00000030733	1034	989	668	605	76	37	89	127
ENSMUSG00000030735	75	97	22	60	3	10	13	4
ENSMUSG00000030737	104	173	76	173	16	24	25	15
ENSMUSG00000030738	193	391	332	348	42	23	25	31
ENSMUSG00000030739	19	13	6	15	0	9	4	4
ENSMUSG00000030741	149	291	121	75	63	38	6	9
ENSMUSG00000030742	163	161	206	212	31	40	10	22
ENSMUSG00000030744	33	32	27	40	4	3	4	3
ENSMUSG00000030745	424	390	322	304	35	19	16	19
ENSMUSG00000030747	329	395	351	545	74	111	60	69
ENSMUSG00000030748	267	474	429	421	90	43	40	48
